{
  "groups" : [ {
    "id" : "mlse.event.log",
    "builds" : [ ],
    "versions" : [ {
      "from" : "1"
    } ],
    "rules" : {
      "event_id" : [ "{enum#__event_id}" ],
      "event_data" : {
        "code" : [ "{regexp#integer}" ],
        "error" : [ "{util#class_name}", "{enum:EMPTY_CONTENT|INVALID_JSON|UNKNOWN}", "{enum:EMPTY_SERVICE_URL|UNREACHABLE_SERVICE|EMPTY_RESPONSE_BODY|ERROR_ON_LOAD}" ],
        "error_ts" : [ "{regexp#integer}" ],
        "errors" : [ "{regexp#integer}" ],
        "external" : [ "{enum#boolean}" ],
        "failed" : [ "{regexp#integer}" ],
        "paths" : [ "{regexp#hash}" ],
        "send" : [ "{regexp#integer}" ],
        "stage" : [ "{enum:LOADING|PARSING}" ],
        "succeed" : [ "{regexp#integer}" ],
        "total" : [ "{regexp#integer}" ],
        "version" : [ "{regexp#version}" ]
      },
      "enums" : {
        "__event_id" : [ "logs.send", "loading.config.failed", "metadata.loaded", "metadata.updated", "metadata.update.failed", "metadata.load.failed" ]
      }
    }
  }, {
    "id" : "mlse.log",
    "builds" : [ ],
    "versions" : [ {
      "from" : "2"
    } ],
    "rules" : {
      "event_id" : [ "{enum:sessionFinished|searchRestarted}" ],
      "event_data" : {
        "closePopup" : [ "{enum#boolean}" ],
        "collectedItems.actionId" : [ "{util#action}" ],
        "collectedItems.contributorId" : [ "{enum#se_tab}" ],
        "collectedItems.features.fileStatus" : [ "{enum#vcs_file_status}" ],
        "collectedItems.features.fileType" : [ "{util#file_type}" ],
        "collectedItems.features.fileTypeMatchesQuery" : [ "{enum#boolean}" ],
        "collectedItems.features.fileTypeUsageRatio" : [ "{regexp#float}" ],
        "collectedItems.features.fileTypeUsageRatioToMax" : [ "{regexp#float}" ],
        "collectedItems.features.fileTypeUsageRatioToMin" : [ "{regexp#float}" ],
        "collectedItems.features.fileTypeUsedInLastDay" : [ "{enum#boolean}" ],
        "collectedItems.features.fileTypeUsedInLastHour" : [ "{enum#boolean}" ],
        "collectedItems.features.fileTypeUsedInLastMinute" : [ "{enum#boolean}" ],
        "collectedItems.features.fileTypeUsedInLastMonth" : [ "{enum#boolean}" ],
        "collectedItems.features.fromConfigurable" : [ "{enum#boolean}" ],
        "collectedItems.features.globalUsage" : [ "{regexp#integer}" ],
        "collectedItems.features.globalUsageToMax" : [ "{regexp#float}" ],
        "collectedItems.features.globalUsageToMaxV1" : [ "{regexp#float}" ],
        "collectedItems.features.globalUsageV1" : [ "{regexp#integer}" ],
        "collectedItems.features.groupLength" : [ "{regexp#integer}" ],
        "collectedItems.features.isAbbreviation" : [ "{enum#boolean}" ],
        "collectedItems.features.isAccessibleFromModule" : [ "{enum#boolean}" ],
        "collectedItems.features.isAction" : [ "{enum#boolean}" ],
        "collectedItems.features.isBooleanOption" : [ "{enum#boolean}" ],
        "collectedItems.features.isChanged" : [ "{enum#boolean}" ],
        "collectedItems.features.isDeprecated" : [ "{enum#boolean}" ],
        "collectedItems.features.isDirectory" : [ "{enum#boolean}" ],
        "collectedItems.features.isEditorAction" : [ "{enum#boolean}" ],
        "collectedItems.features.isEnabled" : [ "{enum#boolean}" ],
        "collectedItems.features.isExactMatch" : [ "{enum#boolean}" ],
        "collectedItems.features.isFavorite" : [ "{enum#boolean}" ],
        "collectedItems.features.isFromLibrary" : [ "{enum#boolean}" ],
        "collectedItems.features.isGroup" : [ "{enum#boolean}" ],
        "collectedItems.features.isHighPriority" : [ "{enum#boolean}" ],
        "collectedItems.features.isIgnored" : [ "{enum#boolean}" ],
        "collectedItems.features.isInExcluded" : [ "{enum#boolean}" ],
        "collectedItems.features.isInSource" : [ "{enum#boolean}" ],
        "collectedItems.features.isInTestSources" : [ "{enum#boolean}" ],
        "collectedItems.features.isInvalid" : [ "{enum#boolean}" ],
        "collectedItems.features.isNotDefault" : [ "{enum#boolean}" ],
        "collectedItems.features.isOpened" : [ "{enum#boolean}" ],
        "collectedItems.features.isOption" : [ "{enum#boolean}" ],
        "collectedItems.features.isRegistryOption" : [ "{enum#boolean}" ],
        "collectedItems.features.isSameFileTypeAsOpenedFile" : [ "{enum#boolean}" ],
        "collectedItems.features.isSameModule" : [ "{enum#boolean}" ],
        "collectedItems.features.isSearchAction" : [ "{enum#boolean}" ],
        "collectedItems.features.isShared" : [ "{enum#boolean}" ],
        "collectedItems.features.isTemporary" : [ "{enum#boolean}" ],
        "collectedItems.features.isToggleAction" : [ "{enum#boolean}" ],
        "collectedItems.features.isTopLevel" : [ "{enum#boolean}" ],
        "collectedItems.features.keyIsInTop5RecentlyUsed" : [ "{enum#boolean}" ],
        "collectedItems.features.keyIsMostPopular" : [ "{enum#boolean}" ],
        "collectedItems.features.keyIsMostRecentlyUsed" : [ "{enum#boolean}" ],
        "collectedItems.features.keyNeverUsed" : [ "{enum#boolean}" ],
        "collectedItems.features.langIsInTop3MostUsed" : [ "{enum#boolean}" ],
        "collectedItems.features.langIsMostUsed" : [ "{enum#boolean}" ],
        "collectedItems.features.langNeverUsed" : [ "{enum#boolean}" ],
        "collectedItems.features.langSameAsOpenedFile" : [ "{enum#boolean}" ],
        "collectedItems.features.langUseCount" : [ "{regexp#integer}" ],
        "collectedItems.features.langUsedInLastDay" : [ "{enum#boolean}" ],
        "collectedItems.features.langUsedInLastMonth" : [ "{enum#boolean}" ],
        "collectedItems.features.langUsedInLastWeek" : [ "{enum#boolean}" ],
        "collectedItems.features.language" : [ "{util#lang}" ],
        "collectedItems.features.matchMode" : [ "{enum:NONE|INTENTION|NAME|DESCRIPTION|GROUP|NON_MENU|SYNONYM}" ],
        "collectedItems.features.nameLength" : [ "{regexp#integer}" ],
        "collectedItems.features.packageDistance" : [ "{regexp#integer}" ],
        "collectedItems.features.packageDistanceNorm" : [ "{regexp#float}" ],
        "collectedItems.features.parentStatIsMostPopular" : [ "{enum#boolean}" ],
        "collectedItems.features.parentStatIsMostRecent" : [ "{enum#boolean}" ],
        "collectedItems.features.parentStatRecency" : [ "{regexp#integer}" ],
        "collectedItems.features.parentStatUseCount" : [ "{regexp#integer}" ],
        "collectedItems.features.pluginId" : [ "{util#plugin}" ],
        "collectedItems.features.pluginType" : [ "{enum#plugin_type}" ],
        "collectedItems.features.predictionScore" : [ "{regexp#float}" ],
        "collectedItems.features.prefixExact" : [ "{enum#boolean}" ],
        "collectedItems.features.prefixGreedyScore" : [ "{regexp#float}" ],
        "collectedItems.features.prefixGreedyWithCaseScore" : [ "{regexp#float}" ],
        "collectedItems.features.prefixMatchedLastWord" : [ "{enum#boolean}" ],
        "collectedItems.features.prefixMatchedWordsRelative" : [ "{regexp#float}" ],
        "collectedItems.features.prefixMatchedWordsScore" : [ "{regexp#float}" ],
        "collectedItems.features.prefixMatchedWordsWithCaseRelative" : [ "{regexp#float}" ],
        "collectedItems.features.prefixMatchedWordsWithCaseScore" : [ "{regexp#float}" ],
        "collectedItems.features.prefixMatchingType" : [ "{enum#query_matching_type}" ],
        "collectedItems.features.prefixSameStartCount" : [ "{regexp#integer}" ],
        "collectedItems.features.prefixSkippedWords" : [ "{regexp#integer}" ],
        "collectedItems.features.priority" : [ "{regexp#integer}" ],
        "collectedItems.features.recentFilesIndex" : [ "{regexp#integer}" ],
        "collectedItems.features.runConfigType" : [ "{util#run_config_type}" ],
        "collectedItems.features.statIsMostPopular" : [ "{enum#boolean}" ],
        "collectedItems.features.statIsMostRecent" : [ "{enum#boolean}" ],
        "collectedItems.features.statRecency" : [ "{regexp#integer}" ],
        "collectedItems.features.statUseCount" : [ "{regexp#integer}" ],
        "collectedItems.features.textLength" : [ "{regexp#integer}" ],
        "collectedItems.features.timeSinceLastFileTypeUsage" : [ "{regexp#integer}" ],
        "collectedItems.features.timeSinceLastModification" : [ "{regexp#integer}" ],
        "collectedItems.features.timeSinceLastUsage" : [ "{regexp#integer}" ],
        "collectedItems.features.timeSinceLastUsageSe" : [ "{regexp#integer}" ],
        "collectedItems.features.totalSymbolsAmount" : [ "{regexp#integer}" ],
        "collectedItems.features.type" : [ "{enum:ABBREVIATION|INTENTION|TOP_HIT|OPTION|ACTION}" ],
        "collectedItems.features.typeWeight" : [ "{regexp#integer}" ],
        "collectedItems.features.usage" : [ "{regexp#integer}" ],
        "collectedItems.features.usageSe" : [ "{regexp#integer}" ],
        "collectedItems.features.usageToMax" : [ "{regexp#float}" ],
        "collectedItems.features.usageToMaxSe" : [ "{regexp#float}" ],
        "collectedItems.features.usagesPerUserRatio" : [ "{regexp#float}" ],
        "collectedItems.features.usagesPerUserRatioV1" : [ "{regexp#float}" ],
        "collectedItems.features.usersRatio" : [ "{regexp#float}" ],
        "collectedItems.features.usersRatioV1" : [ "{regexp#float}" ],
        "collectedItems.features.wasModifiedInLastDay" : [ "{enum#boolean}" ],
        "collectedItems.features.wasModifiedInLastHour" : [ "{enum#boolean}" ],
        "collectedItems.features.wasModifiedInLastMinute" : [ "{enum#boolean}" ],
        "collectedItems.features.wasModifiedInLastMonth" : [ "{enum#boolean}" ],
        "collectedItems.features.wasUsedInLastDay" : [ "{enum#boolean}" ],
        "collectedItems.features.wasUsedInLastDaySe" : [ "{enum#boolean}" ],
        "collectedItems.features.wasUsedInLastHour" : [ "{enum#boolean}" ],
        "collectedItems.features.wasUsedInLastHourSe" : [ "{enum#boolean}" ],
        "collectedItems.features.wasUsedInLastMinute" : [ "{enum#boolean}" ],
        "collectedItems.features.wasUsedInLastMinuteSe" : [ "{enum#boolean}" ],
        "collectedItems.features.wasUsedInLastMonth" : [ "{enum#boolean}" ],
        "collectedItems.features.wasUsedInLastMonthSe" : [ "{enum#boolean}" ],
        "collectedItems.features.weight" : [ "{regexp#float}" ],
        "collectedItems.features.withIcon" : [ "{enum#boolean}" ],
        "collectedItems.features.yamlFileModifiedInLastDay" : [ "{enum#boolean}" ],
        "collectedItems.features.yamlFileModifiedInLastHour" : [ "{enum#boolean}" ],
        "collectedItems.features.yamlFileModifiedInLastMonth" : [ "{enum#boolean}" ],
        "collectedItems.features.yamlFileModifiedInLastWeek" : [ "{enum#boolean}" ],
        "collectedItems.features.yamlFileRecencyIndex" : [ "{regexp#integer}" ],
        "collectedItems.features.yamlTimeSinceLastModification" : [ "{regexp#integer}" ],
        "collectedItems.id" : [ "{regexp#integer}" ],
        "collectedItems.mlWeight" : [ "{regexp#float}" ],
        "contributors.id" : [ "{enum:SearchEverywhereContributor.All|ClassSearchEverywhereContributor|FileSearchEverywhereContributor|RecentFilesSEContributor|SymbolSearchEverywhereContributor|ActionSearchEverywhereContributor|RunConfigurationsSEContributor|CommandsContributor|TopHitSEContributor|com.intellij.ide.actions.searcheverywhere.CalculatorSEContributor|TmsSearchEverywhereContributor|YAMLKeysSearchEverywhereContributor|UrlSearchEverywhereContributor|Vcs.Git|AutocompletionContributor|TextSearchContributor|DbSETablesContributor|third.party}" ],
        "contributors.weight" : [ "{regexp#integer}" ],
        "experimentGroup" : [ "{regexp#integer}" ],
        "globalMaxUsage" : [ "{regexp#integer}" ],
        "globalMaxUsageV1" : [ "{regexp#integer}" ],
        "globalMinUsage" : [ "{regexp#integer}" ],
        "globalMinUsageV1" : [ "{regexp#integer}" ],
        "isConsistent" : [ "{enum#boolean}" ],
        "isForceExperiment" : [ "{enum#boolean}" ],
        "isSingleModuleProject" : [ "{enum#boolean}" ],
        "lastOpenToolWindow" : [ "{util#toolwindow}" ],
        "maxUsage" : [ "{regexp#integer}" ],
        "maxUsageSE" : [ "{regexp#integer}" ],
        "minUsage" : [ "{regexp#integer}" ],
        "minUsageSE" : [ "{regexp#integer}" ],
        "numberOfOpenEditors" : [ "{regexp#integer}" ],
        "openFileTypes" : [ "{util#file_type}" ],
        "orderByMl" : [ "{enum#boolean}" ],
        "projectDisposed" : [ "{enum#boolean}" ],
        "projectOpened" : [ "{enum#boolean}" ],
        "rebuildReason" : [ "{enum#restart_reasons}" ],
        "seTabId" : [ "{enum#se_tab}" ],
        "searchIndex" : [ "{regexp#integer}" ],
        "searchStateFeatures.isEmptyQuery" : [ "{enum#boolean}" ],
        "searchStateFeatures.queryContainsAbbreviations" : [ "{enum#boolean}" ],
        "searchStateFeatures.queryContainsCommandChar" : [ "{enum#boolean}" ],
        "searchStateFeatures.queryContainsPath" : [ "{enum#boolean}" ],
        "searchStateFeatures.queryContainsSpaces" : [ "{enum#boolean}" ],
        "searchStateFeatures.queryIsCamelCase" : [ "{enum#boolean}" ],
        "searchStateFeatures.queryLength" : [ "{regexp#integer}" ],
        "selectedIds" : [ "{regexp#integer}" ],
        "selectedIndexes" : [ "{regexp#integer}" ],
        "sessionId" : [ "{regexp#integer}" ],
        "startTime" : [ "{regexp#integer}" ],
        "timeToFirstResult" : [ "{regexp#integer}" ],
        "totalItems" : [ "{regexp#integer}" ],
        "typedBackspaces" : [ "{regexp#integer}" ],
        "typedSymbolKeys" : [ "{regexp#integer}" ]
      },
      "enums" : {
        "query_matching_type" : [ "START_WITH", "WORDS_FIRST_CHAR", "GREEDY_WITH_CASE", "GREEDY", "UNKNOWN" ],
        "restart_reasons" : [ "SEARCH_STARTED", "TEXT_CHANGED", "TAB_CHANGED", "SCOPE_CHANGED", "EXIT_DUMB_MODE", "TEXT_SEARCH_OPTION_CHANGED" ],
        "se_tab" : [ "SearchEverywhereContributor.All", "ClassSearchEverywhereContributor", "FileSearchEverywhereContributor", "RecentFilesSEContributor", "SymbolSearchEverywhereContributor", "ActionSearchEverywhereContributor", "RunConfigurationsSEContributor", "CommandsContributor", "TopHitSEContributor", "com.intellij.ide.actions.searcheverywhere.CalculatorSEContributor", "TmsSearchEverywhereContributor", "YAMLKeysSearchEverywhereContributor", "UrlSearchEverywhereContributor", "Vcs.Git", "AutocompletionContributor", "TextSearchContributor", "DbSETablesContributor", "third.party" ],
        "vcs_file_status" : [ "NOT_CHANGED", "NOT_CHANGED_IMMEDIATE", "NOT_CHANGED_RECURSIVE", "DELETED", "MODIFIED", "ADDED", "MERGED", "UNKNOWN", "IDEA_FILESTATUS_IGNORED", "HIJACKED", "IDEA_FILESTATUS_MERGED_WITH_CONFLICTS", "IDEA_FILESTATUS_MERGED_WITH_BOTH_CONFLICTS", "IDEA_FILESTATUS_MERGED_WITH_PROPERTY_CONFLICTS", "IDEA_FILESTATUS_DELETED_FROM_FILE_SYSTEM", "SWITCHED", "OBSOLETE", "SUPPRESSED" ]
      }
    }
  } ],
  "rules" : {
    "enums" : {
      "boolean" : [ "true", "false", "TRUE", "FALSE", "True", "False" ],
      "plugin_type" : [ "JVM_CORE", "PLATFORM", "JB_BUNDLED", "JB_NOT_BUNDLED", "LISTED", "NOT_LISTED", "JB_UPDATED_BUNDLED", "UNKNOWN", "FROM_SOURCES" ]
    },
    "regexps" : {
      "count" : "\\d+K?M?\\+?",
      "float" : "-?\\d+\\.\\d+(E\\-?\\d+)?",
      "hash" : "([0-9A-Fa-f]{40,64})|undefined",
      "integer" : "-?\\d+(\\+)?",
      "version" : "Unknown|unknown.format|unknown|UNKNOWN|((\\d+\\.?)*\\d+)"
    }
  },
  "version" : "2558"
}