<?xml version="1.0" encoding="UTF-8"?>
<!DOCTYPE mapper PUBLIC "-//mybatis.org//DTD Mapper 3.0//EN" "http://mybatis.org/dtd/mybatis-3-mapper.dtd">
<mapper namespace="com.tablu.mall.dao.CategoryMapper">
  <resultMap id="BaseResultMap" type="com.tablu.mall.pojo.Category">
    <id column="id" jdbcType="INTEGER" property="id" />
    <result column="parent_id" jdbcType="INTEGER" property="parentId" />
    <result column="name" jdbcType="VARCHAR" property="name" />
    <result column="status" jdbcType="BIT" property="status" />
    <result column="mark" jdbcType="TINYINT" property="mark" />
    <result column="sort_order" jdbcType="INTEGER" property="sortOrder" />
    <result column="create_time" jdbcType="TIMESTAMP" property="createTime" />
    <result column="update_time" jdbcType="TIMESTAMP" property="updateTime" />
  </resultMap>
  <sql id="Base_Column_List">
    id, parent_id, name, status, mark, sort_order, create_time, update_time
  </sql>
  <select id="selectByPrimaryKey" parameterType="java.lang.Integer" resultMap="BaseResultMap">
    select 
    <include refid="Base_Column_List" />
    from mall_category
    where id = #{id,jdbcType=INTEGER}
  </select>
  <delete id="deleteByPrimaryKey" parameterType="java.lang.Integer">
    delete from mall_category
    where id = #{id,jdbcType=INTEGER}
  </delete>
  <insert id="insert" parameterType="com.tablu.mall.pojo.Category">
    insert into mall_category (id, parent_id, name, 
      status, mark, sort_order, 
      create_time, update_time)
    values (#{id,jdbcType=INTEGER}, #{parentId,jdbcType=INTEGER}, #{name,jdbcType=VARCHAR}, 
      #{status,jdbcType=BIT}, #{mark,jdbcType=TINYINT}, #{sortOrder,jdbcType=INTEGER}, 
      #{createTime,jdbcType=TIMESTAMP}, #{updateTime,jdbcType=TIMESTAMP})
  </insert>
  <insert id="insertSelective" parameterType="com.tablu.mall.pojo.Category">
    insert into mall_category
    <trim prefix="(" suffix=")" suffixOverrides=",">
      <if test="id != null">
        id,
      </if>
      <if test="parentId != null">
        parent_id,
      </if>
      <if test="name != null">
        name,
      </if>
      <if test="status != null">
        status,
      </if>
      <if test="mark != null">
        mark,
      </if>
      <if test="sortOrder != null">
        sort_order,
      </if>
      <if test="createTime != null">
        create_time,
      </if>
      <if test="updateTime != null">
        update_time,
      </if>
    </trim>
    <trim prefix="values (" suffix=")" suffixOverrides=",">
      <if test="id != null">
        #{id,jdbcType=INTEGER},
      </if>
      <if test="parentId != null">
        #{parentId,jdbcType=INTEGER},
      </if>
      <if test="name != null">
        #{name,jdbcType=VARCHAR},
      </if>
      <if test="status != null">
        #{status,jdbcType=BIT},
      </if>
      <if test="mark != null">
        #{mark,jdbcType=TINYINT},
      </if>
      <if test="sortOrder != null">
        #{sortOrder,jdbcType=INTEGER},
      </if>
      <if test="createTime != null">
        #{createTime,jdbcType=TIMESTAMP},
      </if>
      <if test="updateTime != null">
        #{updateTime,jdbcType=TIMESTAMP},
      </if>
    </trim>
  </insert>
  <update id="updateByPrimaryKeySelective" parameterType="com.tablu.mall.pojo.Category">
    update mall_category
    <set>
      <if test="parentId != null">
        parent_id = #{parentId,jdbcType=INTEGER},
      </if>
      <if test="name != null">
        name = #{name,jdbcType=VARCHAR},
      </if>
      <if test="status != null">
        status = #{status,jdbcType=BIT},
      </if>
      <if test="mark != null">
        mark = #{mark,jdbcType=TINYINT},
      </if>
      <if test="sortOrder != null">
        sort_order = #{sortOrder,jdbcType=INTEGER},
      </if>
      <if test="createTime != null">
        create_time = #{createTime,jdbcType=TIMESTAMP},
      </if>
      <if test="updateTime != null">
        update_time = #{updateTime,jdbcType=TIMESTAMP},
      </if>
    </set>
    where id = #{id,jdbcType=INTEGER}
  </update>
  <update id="updateByPrimaryKey" parameterType="com.tablu.mall.pojo.Category">
    update mall_category
    set parent_id = #{parentId,jdbcType=INTEGER},
      name = #{name,jdbcType=VARCHAR},
      status = #{status,jdbcType=BIT},
      mark = #{mark,jdbcType=TINYINT},
      sort_order = #{sortOrder,jdbcType=INTEGER},
      create_time = #{createTime,jdbcType=TIMESTAMP},
      update_time = #{updateTime,jdbcType=TIMESTAMP}
    where id = #{id,jdbcType=INTEGER}
  </update>
  <select id="selectAll" resultMap="BaseResultMap">
    select
    <include refid="Base_Column_List" />
    from mall_category
  </select>
</mapper>