<?xml version="1.0" encoding="UTF-8"?>
<!DOCTYPE mapper PUBLIC "-//mybatis.org//DTD Mapper 3.0//EN" "http://mybatis.org/dtd/mybatis-3-mapper.dtd">
<mapper namespace="com.tablu.mall.dao.OrderMapper">
  <resultMap id="BaseResultMap" type="com.tablu.mall.pojo.Order">
    <id column="id" jdbcType="INTEGER" property="id" />
    <result column="order_no" jdbcType="BIGINT" property="orderNo" />
    <result column="user_id" jdbcType="INTEGER" property="userId" />
    <result column="shipping_id" jdbcType="INTEGER" property="shippingId" />
    <result column="receiver_name" jdbcType="VARCHAR" property="receiverName" />
    <result column="receiver_mobile" jdbcType="VARCHAR" property="receiverMobile" />
    <result column="receiver_province" jdbcType="VARCHAR" property="receiverProvince" />
    <result column="receiver_city" jdbcType="VARCHAR" property="receiverCity" />
    <result column="receiver_district" jdbcType="VARCHAR" property="receiverDistrict" />
    <result column="receiver_address" jdbcType="VARCHAR" property="receiverAddress" />
    <result column="receiver_zip" jdbcType="VARCHAR" property="receiverZip" />
    <result column="payment" jdbcType="DECIMAL" property="payment" />
    <result column="payment_type" jdbcType="INTEGER" property="paymentType" />
    <result column="postage" jdbcType="INTEGER" property="postage" />
    <result column="status" jdbcType="INTEGER" property="status" />
    <result column="payment_time" jdbcType="TIMESTAMP" property="paymentTime" />
    <result column="send_time" jdbcType="TIMESTAMP" property="sendTime" />
    <result column="end_time" jdbcType="TIMESTAMP" property="endTime" />
    <result column="close_time" jdbcType="TIMESTAMP" property="closeTime" />
    <result column="create_time" jdbcType="TIMESTAMP" property="createTime" />
    <result column="update_time" jdbcType="TIMESTAMP" property="updateTime" />
  </resultMap>
  <sql id="Base_Column_List">
    id, order_no, user_id, shipping_id, receiver_name, receiver_mobile, receiver_province, 
    receiver_city, receiver_district, receiver_address, receiver_zip, payment, payment_type, 
    postage, status, payment_time, send_time, end_time, close_time, create_time, update_time
  </sql>
  <select id="selectByPrimaryKey" parameterType="java.lang.Integer" resultMap="BaseResultMap">
    select 
    <include refid="Base_Column_List" />
    from mall_order
    where id = #{id,jdbcType=INTEGER}
  </select>
  <delete id="deleteByPrimaryKey" parameterType="java.lang.Integer">
    delete from mall_order
    where id = #{id,jdbcType=INTEGER}
  </delete>
  <insert id="insert" parameterType="com.tablu.mall.pojo.Order">
    insert into mall_order (id, order_no, user_id, 
      shipping_id, receiver_name, receiver_mobile, 
      receiver_province, receiver_city, receiver_district, 
      receiver_address, receiver_zip, payment, 
      payment_type, postage, status, 
      payment_time, send_time, end_time, 
      close_time, create_time, update_time
      )
    values (#{id,jdbcType=INTEGER}, #{orderNo,jdbcType=BIGINT}, #{userId,jdbcType=INTEGER}, 
      #{shippingId,jdbcType=INTEGER}, #{receiverName,jdbcType=VARCHAR}, #{receiverMobile,jdbcType=VARCHAR}, 
      #{receiverProvince,jdbcType=VARCHAR}, #{receiverCity,jdbcType=VARCHAR}, #{receiverDistrict,jdbcType=VARCHAR}, 
      #{receiverAddress,jdbcType=VARCHAR}, #{receiverZip,jdbcType=VARCHAR}, #{payment,jdbcType=DECIMAL}, 
      #{paymentType,jdbcType=INTEGER}, #{postage,jdbcType=INTEGER}, #{status,jdbcType=INTEGER}, 
      #{paymentTime,jdbcType=TIMESTAMP}, #{sendTime,jdbcType=TIMESTAMP}, #{endTime,jdbcType=TIMESTAMP}, 
      #{closeTime,jdbcType=TIMESTAMP}, #{createTime,jdbcType=TIMESTAMP}, #{updateTime,jdbcType=TIMESTAMP}
      )
  </insert>
  <insert id="insertSelective" parameterType="com.tablu.mall.pojo.Order">
    insert into mall_order
    <trim prefix="(" suffix=")" suffixOverrides=",">
      <if test="id != null">
        id,
      </if>
      <if test="orderNo != null">
        order_no,
      </if>
      <if test="userId != null">
        user_id,
      </if>
      <if test="shippingId != null">
        shipping_id,
      </if>
      <if test="receiverName != null">
        receiver_name,
      </if>
      <if test="receiverMobile != null">
        receiver_mobile,
      </if>
      <if test="receiverProvince != null">
        receiver_province,
      </if>
      <if test="receiverCity != null">
        receiver_city,
      </if>
      <if test="receiverDistrict != null">
        receiver_district,
      </if>
      <if test="receiverAddress != null">
        receiver_address,
      </if>
      <if test="receiverZip != null">
        receiver_zip,
      </if>
      <if test="payment != null">
        payment,
      </if>
      <if test="paymentType != null">
        payment_type,
      </if>
      <if test="postage != null">
        postage,
      </if>
      <if test="status != null">
        status,
      </if>
      <if test="paymentTime != null">
        payment_time,
      </if>
      <if test="sendTime != null">
        send_time,
      </if>
      <if test="endTime != null">
        end_time,
      </if>
      <if test="closeTime != null">
        close_time,
      </if>
      <if test="createTime != null">
        create_time,
      </if>
      <if test="updateTime != null">
        update_time,
      </if>
    </trim>
    <trim prefix="values (" suffix=")" suffixOverrides=",">
      <if test="id != null">
        #{id,jdbcType=INTEGER},
      </if>
      <if test="orderNo != null">
        #{orderNo,jdbcType=BIGINT},
      </if>
      <if test="userId != null">
        #{userId,jdbcType=INTEGER},
      </if>
      <if test="shippingId != null">
        #{shippingId,jdbcType=INTEGER},
      </if>
      <if test="receiverName != null">
        #{receiverName,jdbcType=VARCHAR},
      </if>
      <if test="receiverMobile != null">
        #{receiverMobile,jdbcType=VARCHAR},
      </if>
      <if test="receiverProvince != null">
        #{receiverProvince,jdbcType=VARCHAR},
      </if>
      <if test="receiverCity != null">
        #{receiverCity,jdbcType=VARCHAR},
      </if>
      <if test="receiverDistrict != null">
        #{receiverDistrict,jdbcType=VARCHAR},
      </if>
      <if test="receiverAddress != null">
        #{receiverAddress,jdbcType=VARCHAR},
      </if>
      <if test="receiverZip != null">
        #{receiverZip,jdbcType=VARCHAR},
      </if>
      <if test="payment != null">
        #{payment,jdbcType=DECIMAL},
      </if>
      <if test="paymentType != null">
        #{paymentType,jdbcType=INTEGER},
      </if>
      <if test="postage != null">
        #{postage,jdbcType=INTEGER},
      </if>
      <if test="status != null">
        #{status,jdbcType=INTEGER},
      </if>
      <if test="paymentTime != null">
        #{paymentTime,jdbcType=TIMESTAMP},
      </if>
      <if test="sendTime != null">
        #{sendTime,jdbcType=TIMESTAMP},
      </if>
      <if test="endTime != null">
        #{endTime,jdbcType=TIMESTAMP},
      </if>
      <if test="closeTime != null">
        #{closeTime,jdbcType=TIMESTAMP},
      </if>
      <if test="createTime != null">
        #{createTime,jdbcType=TIMESTAMP},
      </if>
      <if test="updateTime != null">
        #{updateTime,jdbcType=TIMESTAMP},
      </if>
    </trim>
  </insert>
  <update id="updateByPrimaryKeySelective" parameterType="com.tablu.mall.pojo.Order">
    update mall_order
    <set>
      <if test="orderNo != null">
        order_no = #{orderNo,jdbcType=BIGINT},
      </if>
      <if test="userId != null">
        user_id = #{userId,jdbcType=INTEGER},
      </if>
      <if test="shippingId != null">
        shipping_id = #{shippingId,jdbcType=INTEGER},
      </if>
      <if test="receiverName != null">
        receiver_name = #{receiverName,jdbcType=VARCHAR},
      </if>
      <if test="receiverMobile != null">
        receiver_mobile = #{receiverMobile,jdbcType=VARCHAR},
      </if>
      <if test="receiverProvince != null">
        receiver_province = #{receiverProvince,jdbcType=VARCHAR},
      </if>
      <if test="receiverCity != null">
        receiver_city = #{receiverCity,jdbcType=VARCHAR},
      </if>
      <if test="receiverDistrict != null">
        receiver_district = #{receiverDistrict,jdbcType=VARCHAR},
      </if>
      <if test="receiverAddress != null">
        receiver_address = #{receiverAddress,jdbcType=VARCHAR},
      </if>
      <if test="receiverZip != null">
        receiver_zip = #{receiverZip,jdbcType=VARCHAR},
      </if>
      <if test="payment != null">
        payment = #{payment,jdbcType=DECIMAL},
      </if>
      <if test="paymentType != null">
        payment_type = #{paymentType,jdbcType=INTEGER},
      </if>
      <if test="postage != null">
        postage = #{postage,jdbcType=INTEGER},
      </if>
      <if test="status != null">
        status = #{status,jdbcType=INTEGER},
      </if>
      <if test="paymentTime != null">
        payment_time = #{paymentTime,jdbcType=TIMESTAMP},
      </if>
      <if test="sendTime != null">
        send_time = #{sendTime,jdbcType=TIMESTAMP},
      </if>
      <if test="endTime != null">
        end_time = #{endTime,jdbcType=TIMESTAMP},
      </if>
      <if test="closeTime != null">
        close_time = #{closeTime,jdbcType=TIMESTAMP},
      </if>
      <if test="createTime != null">
        create_time = #{createTime,jdbcType=TIMESTAMP},
      </if>
      <if test="updateTime != null">
        update_time = #{updateTime,jdbcType=TIMESTAMP},
      </if>
    </set>
    where id = #{id,jdbcType=INTEGER}
  </update>
  <update id="updateByPrimaryKey" parameterType="com.tablu.mall.pojo.Order">
    update mall_order
    set order_no = #{orderNo,jdbcType=BIGINT},
      user_id = #{userId,jdbcType=INTEGER},
      shipping_id = #{shippingId,jdbcType=INTEGER},
      receiver_name = #{receiverName,jdbcType=VARCHAR},
      receiver_mobile = #{receiverMobile,jdbcType=VARCHAR},
      receiver_province = #{receiverProvince,jdbcType=VARCHAR},
      receiver_city = #{receiverCity,jdbcType=VARCHAR},
      receiver_district = #{receiverDistrict,jdbcType=VARCHAR},
      receiver_address = #{receiverAddress,jdbcType=VARCHAR},
      receiver_zip = #{receiverZip,jdbcType=VARCHAR},
      payment = #{payment,jdbcType=DECIMAL},
      payment_type = #{paymentType,jdbcType=INTEGER},
      postage = #{postage,jdbcType=INTEGER},
      status = #{status,jdbcType=INTEGER},
      payment_time = #{paymentTime,jdbcType=TIMESTAMP},
      send_time = #{sendTime,jdbcType=TIMESTAMP},
      end_time = #{endTime,jdbcType=TIMESTAMP},
      close_time = #{closeTime,jdbcType=TIMESTAMP},
      create_time = #{createTime,jdbcType=TIMESTAMP},
      update_time = #{updateTime,jdbcType=TIMESTAMP}
    where id = #{id,jdbcType=INTEGER}
  </update>
  <select id="selectByUserId" resultMap="BaseResultMap">
    select
    <include refid="Base_Column_List" />
    from mall_order
    where user_id = #{userId,jdbcType=INTEGER}
  </select>
  <select id="selectByOrderNoAndUserId" resultMap="BaseResultMap">
    select
    <include refid="Base_Column_List" />
    from mall_order
    where order_no = #{orderNo,jdbcType=BIGINT}
    and user_id = #{userId,jdbcType=INTEGER}
  </select>
  <!--<select id="selectAll" resultMap="BaseResultMap">
    select
    <include refid="Base_Column_List" />
    from mall_order
  </select>-->
  <select id="selectOrderWithStatus" resultMap="BaseResultMap">
    select
    <include refid="Base_Column_List" />
    from mall_order
    <where>
        <if test="status != null">
          status = #{status,jdbcType=INTEGER}
        </if>
    </where>
  </select>
</mapper>