<?xml version="1.0" encoding="UTF-8"?>
<!DOCTYPE mapper PUBLIC "-//mybatis.org//DTD Mapper 3.0//EN" "http://mybatis.org/dtd/mybatis-3-mapper.dtd">
<mapper namespace="com.tablu.mall.dao.OrderItemMapper">
  <resultMap id="BaseResultMap" type="com.tablu.mall.pojo.OrderItem">
    <id column="id" jdbcType="INTEGER" property="id" />
    <result column="user_id" jdbcType="INTEGER" property="userId" />
    <result column="order_no" jdbcType="BIGINT" property="orderNo" />
    <result column="product_id" jdbcType="INTEGER" property="productId" />
    <result column="product_name" jdbcType="VARCHAR" property="productName" />
    <result column="product_image" jdbcType="VARCHAR" property="productImage" />
    <result column="current_unit_price" jdbcType="DECIMAL" property="currentUnitPrice" />
    <result column="quantity" jdbcType="INTEGER" property="quantity" />
    <result column="total_price" jdbcType="DECIMAL" property="totalPrice" />
    <result column="create_time" jdbcType="TIMESTAMP" property="createTime" />
    <result column="update_time" jdbcType="TIMESTAMP" property="updateTime" />
  </resultMap>
  <sql id="Base_Column_List">
    id, user_id, order_no, product_id, product_name, product_image, current_unit_price, 
    quantity, total_price, create_time, update_time
  </sql>
  <select id="selectByPrimaryKey" parameterType="java.lang.Integer" resultMap="BaseResultMap">
    select 
    <include refid="Base_Column_List" />
    from mall_order_item
    where id = #{id,jdbcType=INTEGER}
  </select>
  <delete id="deleteByPrimaryKey" parameterType="java.lang.Integer">
    delete from mall_order_item
    where id = #{id,jdbcType=INTEGER}
  </delete>
  <insert id="insert" parameterType="com.tablu.mall.pojo.OrderItem">
    insert into mall_order_item (id, user_id, order_no, 
      product_id, product_name, product_image, 
      current_unit_price, quantity, total_price, 
      create_time, update_time)
    values (#{id,jdbcType=INTEGER}, #{userId,jdbcType=INTEGER}, #{orderNo,jdbcType=BIGINT}, 
      #{productId,jdbcType=INTEGER}, #{productName,jdbcType=VARCHAR}, #{productImage,jdbcType=VARCHAR}, 
      #{currentUnitPrice,jdbcType=DECIMAL}, #{quantity,jdbcType=INTEGER}, #{totalPrice,jdbcType=DECIMAL}, 
      #{createTime,jdbcType=TIMESTAMP}, #{updateTime,jdbcType=TIMESTAMP})
  </insert>
  <insert id="insertSelective" parameterType="com.tablu.mall.pojo.OrderItem">
    insert into mall_order_item
    <trim prefix="(" suffix=")" suffixOverrides=",">
      <if test="id != null">
        id,
      </if>
      <if test="userId != null">
        user_id,
      </if>
      <if test="orderNo != null">
        order_no,
      </if>
      <if test="productId != null">
        product_id,
      </if>
      <if test="productName != null">
        product_name,
      </if>
      <if test="productImage != null">
        product_image,
      </if>
      <if test="currentUnitPrice != null">
        current_unit_price,
      </if>
      <if test="quantity != null">
        quantity,
      </if>
      <if test="totalPrice != null">
        total_price,
      </if>
      <if test="createTime != null">
        create_time,
      </if>
      <if test="updateTime != null">
        update_time,
      </if>
    </trim>
    <trim prefix="values (" suffix=")" suffixOverrides=",">
      <if test="id != null">
        #{id,jdbcType=INTEGER},
      </if>
      <if test="userId != null">
        #{userId,jdbcType=INTEGER},
      </if>
      <if test="orderNo != null">
        #{orderNo,jdbcType=BIGINT},
      </if>
      <if test="productId != null">
        #{productId,jdbcType=INTEGER},
      </if>
      <if test="productName != null">
        #{productName,jdbcType=VARCHAR},
      </if>
      <if test="productImage != null">
        #{productImage,jdbcType=VARCHAR},
      </if>
      <if test="currentUnitPrice != null">
        #{currentUnitPrice,jdbcType=DECIMAL},
      </if>
      <if test="quantity != null">
        #{quantity,jdbcType=INTEGER},
      </if>
      <if test="totalPrice != null">
        #{totalPrice,jdbcType=DECIMAL},
      </if>
      <if test="createTime != null">
        #{createTime,jdbcType=TIMESTAMP},
      </if>
      <if test="updateTime != null">
        #{updateTime,jdbcType=TIMESTAMP},
      </if>
    </trim>
  </insert>
  <update id="updateByPrimaryKeySelective" parameterType="com.tablu.mall.pojo.OrderItem">
    update mall_order_item
    <set>
      <if test="userId != null">
        user_id = #{userId,jdbcType=INTEGER},
      </if>
      <if test="orderNo != null">
        order_no = #{orderNo,jdbcType=BIGINT},
      </if>
      <if test="productId != null">
        product_id = #{productId,jdbcType=INTEGER},
      </if>
      <if test="productName != null">
        product_name = #{productName,jdbcType=VARCHAR},
      </if>
      <if test="productImage != null">
        product_image = #{productImage,jdbcType=VARCHAR},
      </if>
      <if test="currentUnitPrice != null">
        current_unit_price = #{currentUnitPrice,jdbcType=DECIMAL},
      </if>
      <if test="quantity != null">
        quantity = #{quantity,jdbcType=INTEGER},
      </if>
      <if test="totalPrice != null">
        total_price = #{totalPrice,jdbcType=DECIMAL},
      </if>
      <if test="createTime != null">
        create_time = #{createTime,jdbcType=TIMESTAMP},
      </if>
      <if test="updateTime != null">
        update_time = #{updateTime,jdbcType=TIMESTAMP},
      </if>
    </set>
    where id = #{id,jdbcType=INTEGER}
  </update>
  <update id="updateByPrimaryKey" parameterType="com.tablu.mall.pojo.OrderItem">
    update mall_order_item
    set user_id = #{userId,jdbcType=INTEGER},
      order_no = #{orderNo,jdbcType=BIGINT},
      product_id = #{productId,jdbcType=INTEGER},
      product_name = #{productName,jdbcType=VARCHAR},
      product_image = #{productImage,jdbcType=VARCHAR},
      current_unit_price = #{currentUnitPrice,jdbcType=DECIMAL},
      quantity = #{quantity,jdbcType=INTEGER},
      total_price = #{totalPrice,jdbcType=DECIMAL},
      create_time = #{createTime,jdbcType=TIMESTAMP},
      update_time = #{updateTime,jdbcType=TIMESTAMP}
    where id = #{id,jdbcType=INTEGER}
  </update>
  <insert id="insertByOrderItemList">
    insert into mall_order_item (user_id, order_no,
      product_id, product_name, product_image,
      current_unit_price, quantity, total_price)
    values
    <foreach collection="orderItemList" index="" item="orderItem" separator=",">
      (
      #{orderItem.userId},
      #{orderItem.orderNo},
      #{orderItem.productId},
      #{orderItem.productName},
      #{orderItem.productImage},
      #{orderItem.currentUnitPrice},
      #{orderItem.quantity},
      #{orderItem.totalPrice}
      )
    </foreach>
  </insert>
  <select id="selectByOrderNoSet" resultMap="BaseResultMap">
    select
    <include refid="Base_Column_List" />
    from mall_order_item
    where
    <choose>
      <when test="orderNoSet.size() > 0">
        order_no in
        <foreach collection="orderNoSet" index="" item="orderNo" open="(" separator="," close=")">
          #{orderNo}
        </foreach>
      </when>
      <otherwise>
        1 = 2
      </otherwise>
    </choose>
  </select>
  <select id="selectByOrderNo" resultMap="BaseResultMap">
    select
    <include refid="Base_Column_List" />
    from mall_order_item
    where order_no = #{orderNo,jdbcType=BIGINT}
  </select>
</mapper>