<?xml version="1.0" encoding="UTF-8"?>
<!DOCTYPE mapper PUBLIC "-//mybatis.org//DTD Mapper 3.0//EN" "http://mybatis.org/dtd/mybatis-3-mapper.dtd">
<mapper namespace="com.tablu.mall.dao.ProductMapper">
  <resultMap id="BaseResultMap" type="com.tablu.mall.pojo.Product">
    <id column="id" jdbcType="INTEGER" property="id" />
    <result column="category_id" jdbcType="INTEGER" property="categoryId" />
    <result column="mark_id" jdbcType="TINYINT" property="markId" />
    <result column="name" jdbcType="VARCHAR" property="name" />
    <result column="subtitle" jdbcType="VARCHAR" property="subtitle" />
    <result column="main_image" jdbcType="VARCHAR" property="mainImage" />
    <result column="sub_images" jdbcType="VARCHAR" property="subImages" />
    <result column="detail" jdbcType="VARCHAR" property="detail" />
    <result column="price" jdbcType="DECIMAL" property="price" />
    <result column="stock" jdbcType="INTEGER" property="stock" />
    <result column="status" jdbcType="INTEGER" property="status" />
    <result column="create_time" jdbcType="TIMESTAMP" property="createTime" />
    <result column="update_time" jdbcType="TIMESTAMP" property="updateTime" />
  </resultMap>
  <sql id="Base_Column_List">
    id, category_id, mark_id, name, subtitle, main_image, sub_images, detail, price, 
    stock, status, create_time, update_time
  </sql>
  <select id="selectByPrimaryKey" parameterType="java.lang.Integer" resultMap="BaseResultMap">
    select 
    <include refid="Base_Column_List" />
    from mall_product
    where id = #{id,jdbcType=INTEGER}
  </select>
  <delete id="deleteByPrimaryKey" parameterType="java.lang.Integer">
    delete from mall_product
    where id = #{id,jdbcType=INTEGER}
  </delete>
  <insert id="insert" parameterType="com.tablu.mall.pojo.Product">
    insert into mall_product (id, category_id, mark_id, 
      name, subtitle, main_image, 
      sub_images, detail, price, 
      stock, status, create_time, 
      update_time)
    values (#{id,jdbcType=INTEGER}, #{categoryId,jdbcType=INTEGER}, #{markId,jdbcType=TINYINT}, 
      #{name,jdbcType=VARCHAR}, #{subtitle,jdbcType=VARCHAR}, #{mainImage,jdbcType=VARCHAR}, 
      #{subImages,jdbcType=VARCHAR}, #{detail,jdbcType=VARCHAR}, #{price,jdbcType=DECIMAL}, 
      #{stock,jdbcType=INTEGER}, #{status,jdbcType=INTEGER}, #{createTime,jdbcType=TIMESTAMP}, 
      #{updateTime,jdbcType=TIMESTAMP})
  </insert>
  <insert id="insertSelective" parameterType="com.tablu.mall.pojo.Product" useGeneratedKeys="true" keyProperty="id">
    insert into mall_product
    <trim prefix="(" suffix=")" suffixOverrides=",">
      <if test="id != null">
        id,
      </if>
      <if test="categoryId != null">
        category_id,
      </if>
      <if test="markId != null">
        mark_id,
      </if>
      <if test="name != null">
        name,
      </if>
      <if test="subtitle != null">
        subtitle,
      </if>
      <if test="mainImage != null">
        main_image,
      </if>
      <if test="subImages != null">
        sub_images,
      </if>
      <if test="detail != null">
        detail,
      </if>
      <if test="price != null">
        price,
      </if>
      <if test="stock != null">
        stock,
      </if>
      <if test="status != null">
        status,
      </if>
      <if test="createTime != null">
        create_time,
      </if>
      <if test="updateTime != null">
        update_time,
      </if>
    </trim>
    <trim prefix="values (" suffix=")" suffixOverrides=",">
      <if test="id != null">
        #{id,jdbcType=INTEGER},
      </if>
      <if test="categoryId != null">
        #{categoryId,jdbcType=INTEGER},
      </if>
      <if test="markId != null">
        #{markId,jdbcType=TINYINT},
      </if>
      <if test="name != null">
        #{name,jdbcType=VARCHAR},
      </if>
      <if test="subtitle != null">
        #{subtitle,jdbcType=VARCHAR},
      </if>
      <if test="mainImage != null">
        #{mainImage,jdbcType=VARCHAR},
      </if>
      <if test="subImages != null">
        #{subImages,jdbcType=VARCHAR},
      </if>
      <if test="detail != null">
        #{detail,jdbcType=VARCHAR},
      </if>
      <if test="price != null">
        #{price,jdbcType=DECIMAL},
      </if>
      <if test="stock != null">
        #{stock,jdbcType=INTEGER},
      </if>
      <if test="status != null">
        #{status,jdbcType=INTEGER},
      </if>
      <if test="createTime != null">
        #{createTime,jdbcType=TIMESTAMP},
      </if>
      <if test="updateTime != null">
        #{updateTime,jdbcType=TIMESTAMP},
      </if>
    </trim>
  </insert>
  <update id="updateByPrimaryKeySelective" parameterType="com.tablu.mall.pojo.Product" useGeneratedKeys="true" keyProperty="id">
    update mall_product
    <set>
      <if test="categoryId != null">
        category_id = #{categoryId,jdbcType=INTEGER},
      </if>
      <if test="markId != null">
        mark_id = #{markId,jdbcType=TINYINT},
      </if>
      <if test="name != null">
        name = #{name,jdbcType=VARCHAR},
      </if>
      <if test="subtitle != null">
        subtitle = #{subtitle,jdbcType=VARCHAR},
      </if>
      <if test="mainImage != null">
        main_image = #{mainImage,jdbcType=VARCHAR},
      </if>
      <if test="subImages != null">
        sub_images = #{subImages,jdbcType=VARCHAR},
      </if>
      <if test="detail != null">
        detail = #{detail,jdbcType=VARCHAR},
      </if>
      <if test="price != null">
        price = #{price,jdbcType=DECIMAL},
      </if>
      <if test="stock != null">
        stock = #{stock,jdbcType=INTEGER},
      </if>
      <if test="status != null">
        status = #{status,jdbcType=INTEGER},
      </if>
      <if test="createTime != null">
        create_time = #{createTime,jdbcType=TIMESTAMP},
      </if>
      <if test="updateTime != null">
        update_time = #{updateTime,jdbcType=TIMESTAMP},
      </if>
      id = #{id,jdbcType=INTEGER},
    </set>
    where id = #{id,jdbcType=INTEGER}
  </update>
  <update id="updateByPrimaryKey" parameterType="com.tablu.mall.pojo.Product">
    update mall_product
    set category_id = #{categoryId,jdbcType=INTEGER},
      mark_id = #{markId,jdbcType=TINYINT},
      name = #{name,jdbcType=VARCHAR},
      subtitle = #{subtitle,jdbcType=VARCHAR},
      main_image = #{mainImage,jdbcType=VARCHAR},
      sub_images = #{subImages,jdbcType=VARCHAR},
      detail = #{detail,jdbcType=VARCHAR},
      price = #{price,jdbcType=DECIMAL},
      stock = #{stock,jdbcType=INTEGER},
      status = #{status,jdbcType=INTEGER},
      create_time = #{createTime,jdbcType=TIMESTAMP},
      update_time = #{updateTime,jdbcType=TIMESTAMP}
    where id = #{id,jdbcType=INTEGER}
  </update>
  <!--<select id="selectByCategoryId" parameterType="java.lang.Integer" resultMap="BaseResultMap">
    select
    <include refid="Base_Column_List" />
    from mall_product
    where status = 1
    <if test="categoryIdSet.size() > 0">
      and category_id in
      <foreach collection="categoryIdSet" index="" item="id" open="(" separator="," close=")">
        #{id}
      </foreach>
    </if>
  </select>-->
  <select id="selectByQueryCategory" parameterType="com.tablu.mall.pojo.QueryCategory" resultMap="BaseResultMap">
    select
    <include refid="Base_Column_List" />
    from mall_product
    where status = 1
    <if test="queryCategory != null">
      <if test="queryCategory.categoryIdSet.size() > 0">
        and (category_id in
        <foreach collection="queryCategory.categoryIdSet" index="" item="id" open="(" separator="," close=")">
          #{id}
        </foreach>
      </if>
      <if test="queryCategory.markSet.size() > 0">
        or mark_id in
        <foreach collection="queryCategory.markSet" index="" item="id" open="(" separator="," close=")">
          #{id}
        </foreach>
      </if>
      )
    </if>
  </select>
  <select id="selectByProductIdList" resultMap="BaseResultMap">
    select
    <include refid="Base_Column_List" />
    from mall_product
    where 1 = 1
    <choose>
      <when test="productIdList.size() > 0">
        and id in
        <foreach collection="productIdList" index="" item="id" open="(" separator="," close=")">
          #{id}
        </foreach>
      </when>
      <otherwise>
        and 1 = 2
      </otherwise>
    </choose>
  </select>
  <select id="selectAll" resultMap="BaseResultMap">
    select
    <include refid="Base_Column_List" />
    from mall_product
  </select>
</mapper>