<?xml version="1.0" encoding="UTF-8"?>
<!DOCTYPE mapper PUBLIC "-//mybatis.org//DTD Mapper 3.0//EN" "http://mybatis.org/dtd/mybatis-3-mapper.dtd">
<mapper namespace="com.tablu.mall.dao.ShippingMapper">
  <resultMap id="BaseResultMap" type="com.tablu.mall.pojo.Shipping">
    <id column="id" jdbcType="INTEGER" property="id" />
    <result column="user_id" jdbcType="INTEGER" property="userId" />
    <result column="receiver_name" jdbcType="VARCHAR" property="receiverName" />
    <result column="receiver_mobile" jdbcType="VARCHAR" property="receiverMobile" />
    <result column="receiver_province" jdbcType="VARCHAR" property="receiverProvince" />
    <result column="receiver_city" jdbcType="VARCHAR" property="receiverCity" />
    <result column="receiver_district" jdbcType="VARCHAR" property="receiverDistrict" />
    <result column="receiver_address" jdbcType="VARCHAR" property="receiverAddress" />
    <result column="receiver_zip" jdbcType="VARCHAR" property="receiverZip" />
    <result column="create_time" jdbcType="TIMESTAMP" property="createTime" />
    <result column="update_time" jdbcType="TIMESTAMP" property="updateTime" />
  </resultMap>
  <sql id="Base_Column_List">
    id, user_id, receiver_name, receiver_mobile, receiver_province, receiver_city, receiver_district, 
    receiver_address, receiver_zip, create_time, update_time
  </sql>
  <select id="selectByPrimaryKey" parameterType="java.lang.Integer" resultMap="BaseResultMap">
    select 
    <include refid="Base_Column_List" />
    from mall_shipping
    where id = #{id,jdbcType=INTEGER}
  </select>
  <delete id="deleteByPrimaryKey" parameterType="java.lang.Integer">
    delete from mall_shipping
    where id = #{id,jdbcType=INTEGER}
  </delete>
  <delete id="deleteByIdAndUserId">
    delete from mall_shipping
    where id = #{shippingId,jdbcType=INTEGER}
    and user_id = #{userId,jdbcType=INTEGER}
  </delete>
  <insert id="insert" parameterType="com.tablu.mall.pojo.Shipping">
    insert into mall_shipping (id, user_id, receiver_name, 
      receiver_mobile, receiver_province, receiver_city, 
      receiver_district, receiver_address, receiver_zip, 
      create_time, update_time)
    values (#{id,jdbcType=INTEGER}, #{userId,jdbcType=INTEGER}, #{receiverName,jdbcType=VARCHAR}, 
      #{receiverMobile,jdbcType=VARCHAR}, #{receiverProvince,jdbcType=VARCHAR}, #{receiverCity,jdbcType=VARCHAR}, 
      #{receiverDistrict,jdbcType=VARCHAR}, #{receiverAddress,jdbcType=VARCHAR}, #{receiverZip,jdbcType=VARCHAR}, 
      #{createTime,jdbcType=TIMESTAMP}, #{updateTime,jdbcType=TIMESTAMP})
  </insert>
  <insert id="insertSelective" parameterType="com.tablu.mall.pojo.Shipping" useGeneratedKeys="true" keyProperty="id">
    insert into mall_shipping
    <trim prefix="(" suffix=")" suffixOverrides=",">
      <if test="id != null">
        id,
      </if>
      <if test="userId != null">
        user_id,
      </if>
      <if test="receiverName != null">
        receiver_name,
      </if>
      <if test="receiverMobile != null">
        receiver_mobile,
      </if>
      <if test="receiverProvince != null">
        receiver_province,
      </if>
      <if test="receiverCity != null">
        receiver_city,
      </if>
      <if test="receiverDistrict != null">
        receiver_district,
      </if>
      <if test="receiverAddress != null">
        receiver_address,
      </if>
      <if test="receiverZip != null">
        receiver_zip,
      </if>
      <if test="createTime != null">
        create_time,
      </if>
      <if test="updateTime != null">
        update_time,
      </if>
    </trim>
    <trim prefix="values (" suffix=")" suffixOverrides=",">
      <if test="id != null">
        #{id,jdbcType=INTEGER},
      </if>
      <if test="userId != null">
        #{userId,jdbcType=INTEGER},
      </if>
      <if test="receiverName != null">
        #{receiverName,jdbcType=VARCHAR},
      </if>
      <if test="receiverMobile != null">
        #{receiverMobile,jdbcType=VARCHAR},
      </if>
      <if test="receiverProvince != null">
        #{receiverProvince,jdbcType=VARCHAR},
      </if>
      <if test="receiverCity != null">
        #{receiverCity,jdbcType=VARCHAR},
      </if>
      <if test="receiverDistrict != null">
        #{receiverDistrict,jdbcType=VARCHAR},
      </if>
      <if test="receiverAddress != null">
        #{receiverAddress,jdbcType=VARCHAR},
      </if>
      <if test="receiverZip != null">
        #{receiverZip,jdbcType=VARCHAR},
      </if>
      <if test="createTime != null">
        #{createTime,jdbcType=TIMESTAMP},
      </if>
      <if test="updateTime != null">
        #{updateTime,jdbcType=TIMESTAMP},
      </if>
    </trim>
  </insert>
  <update id="updateByPrimaryKeySelective" parameterType="com.tablu.mall.pojo.Shipping">
    update mall_shipping
    <set>
      <if test="userId != null">
        user_id = #{userId,jdbcType=INTEGER},
      </if>
      <if test="receiverName != null">
        receiver_name = #{receiverName,jdbcType=VARCHAR},
      </if>
      <if test="receiverMobile != null">
        receiver_mobile = #{receiverMobile,jdbcType=VARCHAR},
      </if>
      <if test="receiverProvince != null">
        receiver_province = #{receiverProvince,jdbcType=VARCHAR},
      </if>
      <if test="receiverCity != null">
        receiver_city = #{receiverCity,jdbcType=VARCHAR},
      </if>
      <if test="receiverDistrict != null">
        receiver_district = #{receiverDistrict,jdbcType=VARCHAR},
      </if>
      <if test="receiverAddress != null">
        receiver_address = #{receiverAddress,jdbcType=VARCHAR},
      </if>
      <if test="receiverZip != null">
        receiver_zip = #{receiverZip,jdbcType=VARCHAR},
      </if>
      <if test="createTime != null">
        create_time = #{createTime,jdbcType=TIMESTAMP},
      </if>
      <if test="updateTime != null">
        update_time = #{updateTime,jdbcType=TIMESTAMP},
      </if>
    </set>
    where id = #{id,jdbcType=INTEGER}
  </update>
  <update id="updateByPrimaryKey" parameterType="com.tablu.mall.pojo.Shipping">
    update mall_shipping
    set user_id = #{userId,jdbcType=INTEGER},
      receiver_name = #{receiverName,jdbcType=VARCHAR},
      receiver_mobile = #{receiverMobile,jdbcType=VARCHAR},
      receiver_province = #{receiverProvince,jdbcType=VARCHAR},
      receiver_city = #{receiverCity,jdbcType=VARCHAR},
      receiver_district = #{receiverDistrict,jdbcType=VARCHAR},
      receiver_address = #{receiverAddress,jdbcType=VARCHAR},
      receiver_zip = #{receiverZip,jdbcType=VARCHAR},
      create_time = #{createTime,jdbcType=TIMESTAMP},
      update_time = #{updateTime,jdbcType=TIMESTAMP}
    where id = #{id,jdbcType=INTEGER}
  </update>
  <!--<select id="selectUserIdById" resultType="integer">
    select user_id
    from mall_shipping
    where id = #{id,jdbcType=INTEGER}
  </select>-->
  <select id="selectByUserId" resultMap="BaseResultMap">
    select
    <include refid="Base_Column_List" />
    from mall_shipping
    where user_id = #{id,jdbcType=INTEGER}
  </select>
  <select id="selectByIdAndUserId" resultMap="BaseResultMap">
    select
    <include refid="Base_Column_List" />
    from mall_shipping
    where id = #{shippingId,jdbcType=INTEGER}
    and user_id = #{userId,jdbcType=INTEGER}
  </select>
</mapper>