<?xml version="1.0" encoding="UTF-8" ?>
<!DOCTYPE generatorConfiguration
        PUBLIC "-//mybatis.org//DTD MyBatis Generator Configuration 1.0//EN"
        "http://mybatis.org/dtd/mybatis-generator-config_1_0.dtd">

<generatorConfiguration>
    <!--需要使用jar包-->
    <classPathEntry location="D:\code\Projects\mysql-connector-java-5.1.6.jar"/>

    <context id="DB2Tables" targetRuntime="MyBatis3">
        <plugin type="org.mybatis.generator.plugins.UnmergeableXmlMappersPlugin" />

        <commentGenerator>
            <property name="suppressAllComments" value="true"/>
        </commentGenerator>

        <jdbcConnection driverClass="com.mysql.jdbc.Driver"
                        connectionURL="jdbc:mysql:///mall?characterEncoding=utf-8"
                        userId="root"
                        password="root">
        </jdbcConnection>

        <javaTypeResolver >
            <property name="forceBigDecimals" value="false" />
        </javaTypeResolver>

        <javaModelGenerator targetPackage="com.tablu.mall.pojo" targetProject="src/main/java">
            <property name="enableSubPackages" value="true" />
            <!--            <property name="trimStrings" value="true" />-->
        </javaModelGenerator>

        <sqlMapGenerator targetPackage="mappers"  targetProject="src/main/resources">
            <property name="enableSubPackages" value="true" />
        </sqlMapGenerator>

        <javaClientGenerator type="XMLMAPPER" targetPackage="com.tablu.mall.dao"  targetProject="src/main/java">
            <property name="enableSubPackages" value="true" />
        </javaClientGenerator>

        <!--<table tableName="mall_user" domainObjectName="User"
               enableCountByExample="false"
               enableDeleteByExample="false"
               enableSelectByExample="false"
               enableUpdateByExample="false"/>-->

        <!--<table tableName="mall_role" domainObjectName="Role"
               enableCountByExample="false"
               enableDeleteByExample="false"
               enableSelectByExample="false"
               enableUpdateByExample="false"/>-->

        <!--<table tableName="mall_user_role" domainObjectName="UserRole"
               enableCountByExample="false"
               enableDeleteByExample="false"
               enableSelectByExample="false"
               enableUpdateByExample="false"/>-->

        <!--<table tableName="mall_category" domainObjectName="Category"
               enableCountByExample="false"
               enableDeleteByExample="false"
               enableSelectByExample="false"
               enableUpdateByExample="false"/>-->

        <!--<table tableName="mall_product" domainObjectName="Product"
               enableCountByExample="false"
               enableDeleteByExample="false"
               enableSelectByExample="false"
               enableUpdateByExample="false">
            <columnOverride column="sub_images" jdbcType="VARCHAR" />
            <columnOverride column="detail" jdbcType="VARCHAR" />
        </table>-->

        <!--<table tableName="mall_shipping" domainObjectName="Shipping"
               enableCountByExample="false"
               enableDeleteByExample="false"
               enableSelectByExample="false"
               enableUpdateByExample="false">
        </table>-->

        <!--<table tableName="mall_order" domainObjectName="Order"
               enableCountByExample="false"
               enableDeleteByExample="false"
               enableSelectByExample="false"
               enableUpdateByExample="false">
        </table>-->

        <table tableName="mall_order_item" domainObjectName="OrderItem"
               enableCountByExample="false"
               enableDeleteByExample="false"
               enableSelectByExample="false"
               enableUpdateByExample="false">
        </table>

    </context>
</generatorConfiguration>