<code_scheme name="Default" version="173">
  <HTMLCodeStyleSettings>
    <option name="HTML_UNIFORM_INDENT" value="true" />
    <option name="HTML_ATTRIBUTE_WRAP" value="2" />
    <option name="HTML_ALIGN_TEXT" value="true" />
    <option name="HTML_SPACE_AROUND_EQUALITY_IN_ATTRIBUTE" value="true" />
    <option name="HTML_DO_NOT_INDENT_CHILDREN_OF" value="html,thead,tbody,tfoot" />
    <option name="HTML_ENFORCE_QUOTES" value="true" />
    <option name="HTML_NEWLINE_AFTER_LAST_ATTRIBUTE" value="When multiline" />
  </HTMLCodeStyleSettings>
  <JSCodeStyleSettings version="0">
    <option name="USE_SEMICOLON_AFTER_STATEMENT" value="false" />
    <option name="FORCE_SEMICOLON_STYLE" value="true" />
    <option name="SPACE_BEFORE_GENERATOR_MULT" value="true" />
    <option name="ALIGN_OBJECT_PROPERTIES" value="2" />
    <option name="ALIGN_VAR_STATEMENTS" value="1" />
    <option name="REFORMAT_C_STYLE_COMMENTS" value="true" />
    <option name="USE_DOUBLE_QUOTES" value="false" />
    <option name="FORCE_QUOTE_STYlE" value="true" />
    <option name="ENFORCE_TRAILING_COMMA" value="WhenMultiline" />
    <option name="OBJECT_LITERAL_WRAP" value="2" />
    <option name="SPACES_WITHIN_OBJECT_LITERAL_BRACES" value="true" />
    <option name="SPACES_WITHIN_IMPORTS" value="true" />
    <option name="CHAINED_CALL_DOT_ON_NEW_LINE" value="false" />
    <option name="SPACES_WITHIN_INTERPOLATION_EXPRESSIONS" value="true" />
  </JSCodeStyleSettings>
  <JavaCodeStyleSettings>
    <option name="ALIGN_MULTILINE_ANNOTATION_PARAMETERS" value="true" />
    <option name="ALIGN_MULTILINE_TEXT_BLOCKS" value="true" />
  </JavaCodeStyleSettings>
  <XML>
    <option name="XML_KEEP_WHITESPACES" value="true" />
    <option name="XML_ATTRIBUTE_WRAP" value="2" />
    <option name="XML_KEEP_LINE_BREAKS" value="false" />
    <option name="XML_KEEP_LINE_BREAKS_IN_TEXT" value="false" />
    <option name="XML_SPACE_AROUND_EQUALITY_IN_ATTRIBUTE" value="true" />
  </XML>
  <codeStyleSettings language="HTML">
    <option name="LINE_COMMENT_AT_FIRST_COLUMN" value="false" />
  </codeStyleSettings>
  <codeStyleSettings language="JAVA">
    <option name="KEEP_CONTROL_STATEMENT_IN_ONE_LINE" value="false" />
    <option name="ELSE_ON_NEW_LINE" value="true" />
    <option name="CATCH_ON_NEW_LINE" value="true" />
    <option name="FINALLY_ON_NEW_LINE" value="true" />
    <option name="ALIGN_MULTILINE_CHAINED_METHODS" value="true" />
    <option name="ALIGN_MULTILINE_PARAMETERS_IN_CALLS" value="true" />
    <option name="ALIGN_MULTILINE_BINARY_OPERATION" value="true" />
    <option name="ALIGN_MULTILINE_ASSIGNMENT" value="true" />
    <option name="ALIGN_MULTILINE_TERNARY_OPERATION" value="true" />
    <option name="ALIGN_MULTILINE_ARRAY_INITIALIZER_EXPRESSION" value="true" />
    <option name="ALIGN_GROUP_FIELD_DECLARATIONS" value="true" />
    <option name="ALIGN_CONSECUTIVE_VARIABLE_DECLARATIONS" value="true" />
    <option name="CALL_PARAMETERS_WRAP" value="1" />
    <option name="METHOD_PARAMETERS_WRAP" value="1" />
    <option name="RESOURCE_LIST_WRAP" value="1" />
    <option name="METHOD_CALL_CHAIN_WRAP" value="5" />
    <option name="BINARY_OPERATION_WRAP" value="1" />
    <option name="IF_BRACE_FORCE" value="3" />
    <option name="DOWHILE_BRACE_FORCE" value="3" />
    <option name="WHILE_BRACE_FORCE" value="3" />
    <option name="FOR_BRACE_FORCE" value="3" />
    <option name="PARAMETER_ANNOTATION_WRAP" value="2" />
    <option name="ENUM_CONSTANTS_WRAP" value="1" />
    <option name="WRAP_ON_TYPING" value="0" />
  </codeStyleSettings>
  <codeStyleSettings language="JavaScript">
    <option name="RIGHT_MARGIN" value="80" />
    <option name="KEEP_FIRST_COLUMN_COMMENT" value="false" />
    <option name="KEEP_BLANK_LINES_IN_CODE" value="1" />
    <option name="ELSE_ON_NEW_LINE" value="true" />
    <option name="WHILE_ON_NEW_LINE" value="true" />
    <option name="CATCH_ON_NEW_LINE" value="true" />
    <option name="FINALLY_ON_NEW_LINE" value="true" />
    <option name="ALIGN_MULTILINE_PARAMETERS" value="false" />
    <option name="ALIGN_MULTILINE_FOR" value="false" />
    <option name="SPACE_BEFORE_METHOD_PARENTHESES" value="true" />
    <option name="CALL_PARAMETERS_WRAP" value="1" />
    <option name="METHOD_PARAMETERS_WRAP" value="1" />
    <option name="METHOD_PARAMETERS_LPAREN_ON_NEXT_LINE" value="true" />
    <option name="METHOD_CALL_CHAIN_WRAP" value="5" />
    <option name="BINARY_OPERATION_WRAP" value="1" />
    <option name="TERNARY_OPERATION_WRAP" value="5" />
    <option name="TERNARY_OPERATION_SIGNS_ON_NEXT_LINE" value="true" />
    <option name="KEEP_SIMPLE_BLOCKS_IN_ONE_LINE" value="true" />
    <option name="KEEP_SIMPLE_METHODS_IN_ONE_LINE" value="true" />
    <option name="ARRAY_INITIALIZER_WRAP" value="5" />
    <option name="ARRAY_INITIALIZER_LBRACE_ON_NEXT_LINE" value="true" />
    <indentOptions>
      <option name="INDENT_SIZE" value="2" />
      <option name="CONTINUATION_INDENT_SIZE" value="2" />
      <option name="TAB_SIZE" value="2" />
    </indentOptions>
  </codeStyleSettings>
  <codeStyleSettings language="XML">
    <option name="WRAP_ON_TYPING" value="0" />
  </codeStyleSettings>
</code_scheme>