<application>
  <component name="ActionsLocalSummary">
    <e n="$Copy">
      <i c="28" l="1653363057806" />
    </e>
    <e n="$Delete">
      <i c="32" l="1653537119423" />
    </e>
    <e n="$Paste">
      <i c="15" l="1653363063326" />
    </e>
    <e n="$Redo">
      <i c="254" l="1653536220555" />
    </e>
    <e n="$SelectAll">
      <i c="26" l="1653639130397" />
    </e>
    <e n="$Undo">
      <i c="1857" l="1653725249890" />
    </e>
    <e n="ActivateBookmarksToolWindow">
      <i c="2" l="1652750532771" />
    </e>
    <e n="ActivateProjectToolWindow">
      <i c="92" l="1653629778083" />
    </e>
    <e n="ActivateRunToolWindow">
      <i c="10" l="1652931603892" />
    </e>
    <e n="ActivateTerminalToolWindow">
      <i c="5" l="1653611237475" />
    </e>
    <e n="Annotate">
      <i c="6" l="1653527827097" />
    </e>
    <e n="AutoIndentLines">
      <i c="23" l="1653618804060" />
    </e>
    <e n="Back">
      <i c="8" l="1653640573406" />
    </e>
    <e n="BraceOrQuoteOut">
      <i c="6" l="1653529871611" />
    </e>
    <e n="ChooseDebugConfiguration">
      <i c="6" l="1653291959439" />
    </e>
    <e n="ChooseRunConfiguration">
      <i c="1" l="1653576917303" />
    </e>
    <e n="CloseActiveTab">
      <i c="7" l="1653370559206" />
    </e>
    <e n="CloseAllEditors">
      <i c="58" l="1653628367603" />
    </e>
    <e n="CloseAllEditorsButActive">
      <i c="1" l="1653547727504" />
    </e>
    <e n="CloseProject">
      <i c="49" l="1653725879030" />
    </e>
    <e n="CloudConfigAction">
      <i c="1" d="1" l="1652106696527" k="1652106696527" />
    </e>
    <e n="CodeCompletion">
      <i c="156" l="1653639932442" />
    </e>
    <e n="CollapseAll">
      <i c="1" l="1652921430371" />
    </e>
    <e n="CollapseRegion">
      <i c="6" l="1653399049863" />
    </e>
    <e n="CommentByBlockComment">
      <i c="57" l="1653632814067" />
    </e>
    <e n="CommentByLineComment">
      <i c="151" l="1653640273271" />
    </e>
    <e n="CompileFile">
      <i c="3" l="1653576803956" />
    </e>
    <e n="Console.Jdbc.Execute">
      <i c="3" l="1652927412723" />
    </e>
    <e n="CopyPaths">
      <i c="5" l="1652947425946" />
    </e>
    <e n="CopyReferencePopupGroup">
      <i c="1" l="1653443458658" />
    </e>
    <e n="CopySourceRootPath">
      <i c="1" l="1653443461981" />
    </e>
    <e n="CreateVueSingleFileComp">
      <i c="3" l="1653622475615" />
    </e>
    <e n="DatabaseView.AddActionGroupPopup">
      <i c="3" l="1653007388904" />
    </e>
    <e n="DatabaseView.DropAction">
      <i c="1" l="1653007393665" />
    </e>
    <e n="DatabaseView.Tools">
      <i c="1" l="1652949437876" />
    </e>
    <e n="Docker.RemoteServers.StopDeploy">
      <i c="26" l="1653641200798" />
    </e>
    <e n="EditCustomVmOptions">
      <i c="2" d="2" l="1652772011419" k="1652772011419" />
    </e>
    <e n="EditSourceInNewWindow">
      <i c="3" l="1652936722391" />
    </e>
    <e n="EditorBackSpace">
      <i c="4870" l="1653725254330" />
    </e>
    <e n="EditorChooseLookupItem">
      <i c="541" l="1653725241338" />
    </e>
    <e n="EditorChooseLookupItemReplace">
      <i c="768" l="1653640997673" />
    </e>
    <e n="EditorCodeBlockEnd">
      <i c="1" l="1653460415111" />
    </e>
    <e n="EditorCompleteStatement">
      <i c="1" l="1653374631213" />
    </e>
    <e n="EditorCopy">
      <i c="518" l="1653725590670" />
    </e>
    <e n="EditorCut">
      <i c="110" l="1653640162392" />
    </e>
    <e n="EditorDelete">
      <i c="158" l="1653639499992" />
    </e>
    <e n="EditorDeleteLine">
      <i c="657" l="1653724097384" />
    </e>
    <e n="EditorDeleteToWordEnd">
      <i c="29" l="1653640091599" />
    </e>
    <e n="EditorDeleteToWordStart">
      <i c="44" l="1653639168096" />
    </e>
    <e n="EditorDown">
      <i c="8473" l="1653725251148" />
    </e>
    <e n="EditorDownWithSelection">
      <i c="652" l="1653639356244" />
    </e>
    <e n="EditorDuplicateLines">
      <i c="119" l="1653725251542" />
    </e>
    <e n="EditorEnter">
      <i c="1528" l="1653725225486" />
    </e>
    <e n="EditorEscape">
      <i c="139" l="1653639523082" />
    </e>
    <e n="EditorIndentSelection">
      <i c="5" l="1653554665508" />
    </e>
    <e n="EditorLeft">
      <i c="10635" l="1653725252190" />
    </e>
    <e n="EditorLeftWithSelection">
      <i c="1136" l="1653725252769" />
    </e>
    <e n="EditorLineEnd">
      <i c="502" l="1653725244953" />
    </e>
    <e n="EditorLineEndWithSelection">
      <i c="182" l="1653640635791" />
    </e>
    <e n="EditorLineStart">
      <i c="154" l="1653640510548" />
    </e>
    <e n="EditorLineStartWithSelection">
      <i c="93" l="1653639187526" />
    </e>
    <e n="EditorNextWord">
      <i c="103" l="1653636645752" />
    </e>
    <e n="EditorNextWordWithSelection">
      <i c="604" l="1653640097120" />
    </e>
    <e n="EditorPageDown">
      <i c="56" l="1653640975956" />
    </e>
    <e n="EditorPageDownWithSelection">
      <i c="17" l="1653618407524" />
    </e>
    <e n="EditorPageUp">
      <i c="32" l="1653640165189" />
    </e>
    <e n="EditorPageUpWithSelection">
      <i c="11" l="1653618406977" />
    </e>
    <e n="EditorPaste">
      <i c="686" l="1653640320040" />
    </e>
    <e n="EditorPasteSimple">
      <i c="1" l="1652944843052" />
    </e>
    <e n="EditorPreviousWord">
      <i c="79" l="1653636646162" />
    </e>
    <e n="EditorPreviousWordWithSelection">
      <i c="742" l="1653640324466" />
    </e>
    <e n="EditorRight">
      <i c="9060" l="1653640993449" />
    </e>
    <e n="EditorRightWithSelection">
      <i c="976" l="1653640098196" />
    </e>
    <e n="EditorScrollDown">
      <i c="11" l="1653636086887" />
    </e>
    <e n="EditorScrollUp">
      <i c="2" l="1653438328999" />
    </e>
    <e n="EditorSelectWord">
      <i c="3" l="1653462280910" />
    </e>
    <e n="EditorSplitLine">
      <i c="14" l="1653623465304" />
    </e>
    <e n="EditorStartNewLine">
      <i c="327" l="1653640994188" />
    </e>
    <e n="EditorTab">
      <i c="397" l="1653640977033" />
    </e>
    <e n="EditorTextEnd">
      <i c="1" l="1653621997185" />
    </e>
    <e n="EditorTextEndWithSelection">
      <i c="3" l="1653373634264" />
    </e>
    <e n="EditorTextStart">
      <i c="1" l="1653618412008" />
    </e>
    <e n="EditorTextStartWithSelection">
      <i c="2" l="1653373633542" />
    </e>
    <e n="EditorToggleCase">
      <i c="40" l="1653529109318" />
    </e>
    <e n="EditorToggleColumnMode">
      <i c="118" l="1653576906136" />
    </e>
    <e n="EditorToggleUseSoftWraps">
      <i c="2" l="1652759295449" />
    </e>
    <e n="EditorUnSelectWord">
      <i c="4" l="1653369249415" />
    </e>
    <e n="EditorUnindentSelection">
      <i c="36" l="1653623705065" />
    </e>
    <e n="EditorUp">
      <i c="7764" l="1653725244407" />
    </e>
    <e n="EditorUpWithSelection">
      <i c="752" l="1653639706032" />
    </e>
    <e n="ExpandLiveTemplateByTab">
      <i c="113" l="1653640120216" />
    </e>
    <e n="ExpandRegion">
      <i c="3" l="1653459247099" />
    </e>
    <e n="ExternalSystem.ProjectRefreshAction">
      <i c="10" l="1653402161079" />
    </e>
    <e n="ExternalSystem.RunTask">
      <i c="4" l="1652104518102" />
    </e>
    <e n="FileChooser.Delete">
      <i c="1" l="1653286459019" />
    </e>
    <e n="FileChooser.NewFolder">
      <i c="1" l="1653491519532" />
    </e>
    <e n="FindInPath">
      <i c="19" l="1653640869658" />
    </e>
    <e n="FindUsagesInFile">
      <i c="1" l="1652856162302" />
    </e>
    <e n="Forward">
      <i c="1" l="1653640574686" />
    </e>
    <e n="Generate">
      <i c="22" l="1653464136535" />
    </e>
    <e n="GenerateConstructor">
      <i c="12" l="1653400760036" />
    </e>
    <e n="GenerateGetter">
      <i c="2" l="1652939406412" />
    </e>
    <e n="GenerateGetterAndSetter">
      <i c="2" l="1653400290934" />
    </e>
    <e n="GenerateSetter">
      <i c="2" l="1652798511313" />
    </e>
    <e n="GotoDeclaration">
      <i c="212" l="1653636683900" />
    </e>
    <e n="GotoFile">
      <i c="1" l="1652754202824" />
    </e>
    <e n="GotoLine">
      <i c="3" l="1653618802812" />
    </e>
    <e n="HideActiveWindow">
      <i c="21" l="1653554657723" />
    </e>
    <e n="HideAllWindows">
      <i c="3" l="1653294188250" />
    </e>
    <e n="HighlightUsagesInFile">
      <i c="1" l="1653032581456" />
    </e>
    <e n="HippieBackwardCompletion">
      <i c="43" l="1653619484821" />
    </e>
    <e n="HippieCompletion">
      <i c="29" l="1653369241249" />
    </e>
    <e n="ImplementMethods">
      <i c="8" l="1653459344460" />
    </e>
    <e n="IntroduceParameter">
      <i c="1" l="1652749039769" />
    </e>
    <e n="InvalidateCaches">
      <i c="1" l="1652104447049" />
    </e>
    <e n="List-selectNextColumn">
      <i c="2" l="1652749008441" />
    </e>
    <e n="List-selectPreviousColumn">
      <i c="3" l="1652749002301" />
    </e>
    <e n="MaintenanceAction">
      <i c="1" l="1653369236071" />
    </e>
    <e n="MakeModule">
      <i c="2" l="1653401182978" />
    </e>
    <e n="MethodDown">
      <i c="27" l="1653378498218" />
    </e>
    <e n="MethodUp">
      <i c="15" l="1652862364029" />
    </e>
    <e n="MoveElementRight">
      <i c="1" l="1653288207681" />
    </e>
    <e n="NewClass">
      <i c="46" l="1653491574694" />
    </e>
    <e n="NewDir">
      <i c="18" l="1653543850610" />
    </e>
    <e n="NewElement">
      <i c="75" l="1653622470835" />
    </e>
    <e n="NewElementSamePlace">
      <i c="15" l="1653401050378" />
    </e>
    <e n="NewFile">
      <i c="6" l="1653449352529" />
    </e>
    <e n="NewHtmlFile">
      <i c="1" l="1653363170853" />
    </e>
    <e n="NewJavaScriptFile">
      <i c="7" l="1653543940088" />
    </e>
    <e n="NewProject">
      <i c="4" l="1653401811536" />
    </e>
    <e n="NewTypeScriptFile">
      <i c="1" l="1653370100947" />
    </e>
    <e n="OpenFile">
      <i c="6" l="1653401252343" />
    </e>
    <e n="OpenInRightSplit">
      <i c="9" l="1653460430998" />
    </e>
    <e n="OptimizeImports">
      <i c="46" l="1653553247261" />
    </e>
    <e n="ParameterInfo">
      <i c="2" l="1652754563273" />
    </e>
    <e n="PasteMultiple">
      <i c="3" l="1653553244153" />
    </e>
    <e n="QuickImplementations">
      <i c="3" l="1653618521045" />
    </e>
    <e n="QuickJavaDoc">
      <i c="7" l="1653614733868" />
    </e>
    <e n="RecentFiles">
      <i c="23" l="1653545250028" />
    </e>
    <e n="ReformatCode">
      <i c="650" l="1653641000923" />
    </e>
    <e n="RenameElement">
      <i c="15" l="1653399241742" />
    </e>
    <e n="Replace">
      <i c="136" l="1653640954123" />
    </e>
    <e n="Rerun">
      <i c="2" l="1653725303106" />
    </e>
    <e n="RestoreDefaultLayout">
      <i c="2" l="1653554651172" />
    </e>
    <e n="Resume">
      <i c="1" l="1652949155896" />
    </e>
    <e n="RevealIn">
      <i c="2" l="1653436921685" />
    </e>
    <e n="Run">
      <i c="254" l="1653627993923" />
    </e>
    <e n="RunAnything">
      <i c="3" l="1653549147557" />
    </e>
    <e n="RunClass">
      <i c="12" l="1653725282705" />
    </e>
    <e n="RunDashboard.AddType">
      <i c="1" l="1653195352233" />
    </e>
    <e n="RunDashboard.ClearContent">
      <i c="4" l="1652765387124" />
    </e>
    <e n="Runner.RestoreLayout">
      <i c="1" l="1652924421922" />
    </e>
    <e n="SaveAll">
      <i c="6352" l="1653724210175" />
    </e>
    <e n="SearchEverywhere">
      <i c="21" l="1653632721288" />
    </e>
    <e n="SettingsEntryPoint">
      <i c="1" l="1652106397128" />
    </e>
    <e n="ShowIntentionActions">
      <i c="121" l="1653724089011" />
    </e>
    <e n="ShowPopupMenu">
      <i c="8" l="1653373044558" />
    </e>
    <e n="ShowReformatFileDialog">
      <i c="2" l="1652862412270" />
    </e>
    <e n="ShowSettings">
      <i c="97" l="1653619749326" />
    </e>
    <e n="ShowUmlDiagram">
      <i c="3" l="1653462480177" />
    </e>
    <e n="Stop">
      <i c="24" l="1653641196530" />
    </e>
    <e n="SurroundWith">
      <i c="2" l="1653010594931" />
    </e>
    <e n="Switcher">
      <i c="195" l="1653623284524" />
    </e>
    <e n="TabList">
      <i c="8" l="1653290492290" />
    </e>
    <e n="Table-selectPreviousRow">
      <i c="5" l="1652106189913" />
    </e>
    <e n="ToggleBookmark4">
      <i c="1" l="1652931916257" />
    </e>
    <e n="ToggleLineBreakpoint">
      <i c="26" l="1653530046765" />
    </e>
    <e n="Tree-selectChild">
      <i c="24" l="1653399737586" />
    </e>
    <e n="Tree-selectNext">
      <i c="197" l="1653449344392" />
    </e>
    <e n="Tree-selectNextExtendSelection">
      <i c="14" l="1653400292649" />
    </e>
    <e n="Tree-selectParent">
      <i c="25" l="1653458624008" />
    </e>
    <e n="Tree-selectPrevious">
      <i c="158" l="1653458666168" />
    </e>
    <e n="TypeHierarchy">
      <i c="2" l="1652855666502" />
    </e>
    <e n="UnselectPreviousOccurrence">
      <i c="1" l="1653290039623" />
    </e>
    <e n="Vcs.QuickListPopupAction">
      <i c="2" l="1652921310403" />
    </e>
    <e n="WelcomeScreen.CreateNewProject">
      <i c="15" l="1653491491305" />
    </e>
    <e n="WelcomeScreen.ManageLicense">
      <i c="1" l="1651154306317" />
    </e>
    <e n="WelcomeScreen.OpenProject">
      <i c="4" l="1652537921294" />
    </e>
    <e n="WelcomeScreen.OpenSelected">
      <i c="1" l="1652771353456" />
    </e>
    <e n="WelcomeScreen.RevealIn">
      <i c="1" l="1653285928014" />
    </e>
    <e n="com.intellij.application.options.TabbedLanguageCodeStylePanel$2">
      <i c="3" l="1653373088115" />
    </e>
    <e n="com.intellij.application.options.schemes.AbstractSchemeActions$ResetAction">
      <i c="1" l="1653373062421" />
    </e>
    <e n="com.intellij.application.options.schemes.AbstractSchemesPanel$ShowSchemesActionsListAction">
      <i c="2" l="1653373068914" />
    </e>
    <e n="com.intellij.build.SuccessfulStepsToggleAction">
      <i c="1" l="1653402547396" />
    </e>
    <e n="com.intellij.cloudConfig.CloudConfigSyncPluginsSilentlyAction">
      <i c="2" l="1652107707747" />
    </e>
    <e n="com.intellij.cloudConfig.CloudConfigSyncSettingsAction">
      <i c="1" l="1652107659860" />
    </e>
    <e n="com.intellij.codeInsight.daemon.NavigateAction">
      <i c="71" l="1653533333767" />
    </e>
    <e n="com.intellij.codeInsight.daemon.impl.DaemonTooltipWithActionRenderer$addActionsRow$2">
      <i c="4" l="1653524345728" />
    </e>
    <e n="com.intellij.codeInsight.lookup.impl.LookupUi$MenuAction">
      <i c="1" l="1653537284119" />
    </e>
    <e n="com.intellij.database.dataSource.LocalDataSourceManager$3">
      <i c="2" l="1653007256798" />
    </e>
    <e n="com.intellij.database.dataSource.url.ui.DynamicJdbcUrlEditor$5">
      <i c="1" l="1653007272900" />
    </e>
    <e n="com.intellij.execution.actions.RunConfigurationsComboBoxAction$SelectConfigAction">
      <i c="4" l="1653014590963" />
    </e>
    <e n="com.intellij.execution.impl.ConsoleViewImpl$9">
      <i c="3" l="1652924416638" />
    </e>
    <e n="com.intellij.execution.impl.ConsoleViewImpl$ClearThisConsoleAction">
      <i c="14" l="1653530089928" />
    </e>
    <e n="com.intellij.execution.impl.ConsoleViewImpl$DeleteBackspaceHandler">
      <i c="24" l="1653725294764" />
    </e>
    <e n="com.intellij.execution.impl.ConsoleViewImpl$EnterHandler">
      <i c="8" l="1653725305203" />
    </e>
    <e n="com.intellij.execution.lineMarker.LineMarkerActionWrapper">
      <i c="338" l="1653533407942" />
    </e>
    <e n="com.intellij.find.SearchReplaceComponent$CloseAction">
      <i c="104" l="1653640959028" />
    </e>
    <e n="com.intellij.find.editorHeaderActions.NextOccurrenceAction">
      <i c="171" l="1653640956919" />
    </e>
    <e n="com.intellij.find.editorHeaderActions.PrevOccurrenceAction">
      <i c="1" l="1653292454960" />
    </e>
    <e n="com.intellij.find.editorHeaderActions.ToggleSelectionOnlyAction">
      <i c="1" l="1653380415758" />
    </e>
    <e n="com.intellij.ide.ReopenProjectAction">
      <i c="33" l="1653724074424" />
    </e>
    <e n="com.intellij.ide.actions.runAnything.ui.RunAnythingScrollingUtil$2">
      <i c="1" l="1653549147827" />
    </e>
    <e n="com.intellij.ide.browsers.actions.BaseOpenInBrowserAction">
      <i c="8" l="1653438921594" />
    </e>
    <e n="com.intellij.ide.browsers.actions.OpenHtmlInEmbeddedBrowserAction">
      <i c="3" l="1653373166370" />
    </e>
    <e n="com.intellij.ide.plugins.PluginManagerConfigurable$InstalledSearchOptionAction">
      <i c="1" l="1652106644541" />
    </e>
    <e n="com.intellij.ide.wizard.AbstractNewProjectWizardMultiStepWithAddButton$AdditionalStepsAction">
      <i c="1" l="1653401613543" />
    </e>
    <e n="com.intellij.lang.javascript.buildTools.npm.NpmRunAnythingProvider$NpmAction">
      <i c="2" l="1653353540904" />
    </e>
    <e n="com.intellij.notification.NotificationAction$Simple">
      <i c="4" l="1652537963054" />
    </e>
    <e n="com.intellij.openapi.actionSystem.DefaultActionGroup">
      <i c="2" l="1653551156038" />
    </e>
    <e n="com.intellij.openapi.actionSystem.EmptyAction$MyDelegatingAction">
      <i c="2" l="1652106599369" />
    </e>
    <e n="com.intellij.openapi.editor.impl.EditorMarkupModelImpl$StatusAction">
      <i c="21" l="1653525404856" />
    </e>
    <e n="com.intellij.openapi.fileEditor.impl.tabActions.CloseTab">
      <i c="318" l="1653636314238" />
    </e>
    <e n="com.intellij.openapi.keymap.impl.ui.KeymapPanel$AddKeyboardShortcutAction">
      <i c="1" l="1652104304980" />
    </e>
    <e n="com.intellij.openapi.keymap.impl.ui.KeymapPanel$ClearFilteringAction">
      <i c="1" l="1653618451333" />
    </e>
    <e n="com.intellij.openapi.keymap.impl.ui.KeymapPanel$FindByShortcutAction">
      <i c="10" l="1653618455164" />
    </e>
    <e n="com.intellij.openapi.project.DumbAwareAction$SimpleDumbAwareAction">
      <i c="22" l="1653632722937" />
    </e>
    <e n="com.intellij.openapi.project.LightEditActionFactory$SimpleLightEditCompatibleAction">
      <i c="124" l="1653623286483" />
    </e>
    <e n="com.intellij.openapi.ui.DialogWrapper$4">
      <i c="58" l="1653623649297" />
    </e>
    <e n="com.intellij.openapi.ui.impl.DialogWrapperPeerImpl$AnCancelAction">
      <i c="31" l="1653619556101" />
    </e>
    <e n="com.intellij.openapi.vfs.encoding.ChooseFileEncodingAction$1">
      <i c="3" l="1653443700196" />
    </e>
    <e n="com.intellij.openapi.wm.impl.welcomeScreen.WelcomeScreenComponentFactory$3">
      <i c="3" l="1653399161364" />
    </e>
    <e n="com.intellij.psi.css.browse.CssColorGutterRenderer$1">
      <i c="1" l="1653352709903" />
    </e>
    <e n="com.intellij.refactoring.suggested.PerformSuggestedRefactoringKt$createAndShowBalloon$3">
      <i c="1" l="1652947715818" />
    </e>
    <e n="com.intellij.refactoring.suggested.RefactoringAvailableGutterIconRenderer$getClickAction$1">
      <i c="1" l="1652754243985" />
    </e>
    <e n="com.intellij.toolWindow.ToolWindowHeader$HideAction">
      <i c="65" l="1653628912209" />
    </e>
    <e n="com.intellij.ui.CommonActionsPanel$AddButton">
      <i c="2" l="1652107183544" />
    </e>
    <e n="com.intellij.ui.CommonActionsPanel$RemoveButton">
      <i c="2" l="1652108206217" />
    </e>
    <e n="com.intellij.ui.ScrollingUtil$ListMoveDownAction">
      <i c="64" l="1653545260546" />
    </e>
    <e n="com.intellij.ui.ScrollingUtil$ListMoveUpAction">
      <i c="44" l="1653545259510" />
    </e>
    <e n="com.intellij.ui.ScrollingUtil$TableMoveDownAction">
      <i c="1" l="1653550665553" />
    </e>
    <e n="com.intellij.ui.ScrollingUtil$TableMoveUpAction">
      <i c="1" l="1653550667197" />
    </e>
    <e n="com.intellij.ui.dsl.builder.impl.SegmentedButtonAction">
      <i c="19" l="1653401817064" />
    </e>
    <e n="com.intellij.ui.tabs.impl.JBTabsImpl$SelectNextAction">
      <i c="1" l="1652759518870" />
    </e>
    <e n="com.intellij.xdebugger.impl.breakpoints.RemoveBreakpointGutterIconAction">
      <i c="8" l="1653530274064" />
    </e>
    <e n="com.jetbrains.packagesearch.intellij.plugin.actions.AddDependencyAction">
      <i c="1" l="1652921701582" />
    </e>
    <e n="context.save">
      <i c="1" l="1652672906432" />
    </e>
    <e n="de.netnexus.CamelCasePlugin.ToggleCamelCase">
      <i c="266" l="1653639155822" />
    </e>
  </component>
</application>