<application>
  <component name="FeatureSuggesterSettings">
    <option name="workingDays">
      <list>
        <option value="1651154303517" />
        <option value="1652104257008" />
        <option value="1652108706949" />
        <option value="1652537952619" />
        <option value="1652672907782" />
        <option value="1652747279819" />
        <option value="1652799602492" />
        <option value="1652919399922" />
        <option value="1653005082074" />
        <option value="1653194454796" />
        <option value="1653264665767" />
        <option value="1653352537036" />
        <option value="1653436921743" />
        <option value="1653491488687" />
        <option value="1653609784170" />
        <option value="1653724072475" />
      </list>
    </option>
  </component>
</application>