<application>
  <component name="FeatureUsageStatistics" first-run="1651154249442" have-been-shown="false" show-in-other="true" show-in-compilation="true">
    <feature id="editing.completion.smarttype.afternew" count="0" last-shown="0" last-used="0" shown-count="0" />
    <feature id="editing.completion.camelHumps" count="16" last-shown="0" last-used="1653639470257" shown-count="0" />
    <feature id="editing.completion.second.smarttype.aslist" count="0" last-shown="0" last-used="0" shown-count="0" />
    <feature id="codeassists.surroundwith.statement" count="0" last-shown="0" last-used="0" shown-count="0" />
    <feature id="navigation.goto.file.line" count="0" last-shown="0" last-used="0" shown-count="0" />
    <feature id="editing.completion.finishBySmartEnter" count="0" last-shown="0" last-used="0" shown-count="0" />
    <feature id="navigation.popup.symbol" count="0" last-shown="0" last-used="0" shown-count="0" />
    <feature id="editing.completion.replace" count="763" last-shown="1652747856273" last-used="1653640997680" shown-count="10" />
    <feature id="switcher" count="181" last-shown="0" last-used="1653623284524" shown-count="0" />
    <feature id="codeassists.complete.statement" count="1" last-shown="0" last-used="1653374631234" shown-count="0" />
    <feature id="vcs.show.quick.list" count="2" last-shown="0" last-used="1652921310435" shown-count="0" />
    <feature id="editing.completion.smarttype.casting" count="0" last-shown="0" last-used="0" shown-count="0" />
    <feature id="editing.convert.line.separators" count="0" last-shown="0" last-used="0" shown-count="0" />
    <feature id="db.console.execute" count="0" last-shown="0" last-used="0" shown-count="0" />
    <feature id="navigation.recent.files" count="23" last-shown="0" last-used="1653545250028" shown-count="0" />
    <feature id="scratch" count="0" last-shown="0" last-used="0" shown-count="0" />
    <feature id="refactoring.move.moveInner" count="0" last-shown="0" last-used="0" shown-count="0" />
    <feature id="vcs.pull.requests" count="0" last-shown="0" last-used="0" shown-count="0" />
    <feature id="editing.copy.line" count="26" last-shown="0" last-used="1653640313726" shown-count="0" />
    <feature id="editing.completion.finishByExclamation" count="0" last-shown="0" last-used="0" shown-count="0" />
    <feature id="move.element.left.right" count="1" last-shown="0" last-used="1653288207682" shown-count="0" />
    <feature id="jar.diff" count="0" last-shown="0" last-used="0" shown-count="0" />
    <feature id="intentions.check.regexp" count="1" last-shown="0" last-used="1652949459516" shown-count="0" />
    <feature id="codeassists.comment.line" count="151" last-shown="0" last-used="1653640273271" shown-count="0" />
    <feature id="editing.completion.second.smarttype.chain" count="5" last-shown="0" last-used="1653273797272" shown-count="0" />
    <feature id="editing.completion.second.smarttype.toar" count="0" last-shown="0" last-used="0" shown-count="0" />
    <feature id="SearchEverywhere" count="21" last-shown="0" last-used="1653632721819" shown-count="0" />
    <feature id="editor.delete.line" count="657" last-shown="0" last-used="1653724097386" shown-count="0" />
    <feature id="editing.duplicate" count="0" last-shown="0" last-used="0" shown-count="0" />
    <feature id="editing.copy.reference" count="0" last-shown="0" last-used="0" shown-count="0" />
    <feature id="codeassists.highlight.throws" count="55" last-shown="0" last-used="1653533255364" shown-count="0" />
    <feature id="codeassists.quickdefinition" count="0" last-shown="0" last-used="0" shown-count="0" />
    <feature id="editing.completion.basic" count="1398" last-shown="0" last-used="1653725241348" shown-count="0" />
    <feature id="editing.completion.postfix" count="0" last-shown="0" last-used="0" shown-count="0" />
    <feature id="dir.diff" count="0" last-shown="0" last-used="0" shown-count="0" />
    <feature id="navigation.recent.locations" count="0" last-shown="0" last-used="0" shown-count="0" />
    <feature id="diagram.show.diff" count="0" last-shown="0" last-used="0" shown-count="0" />
    <feature id="editing.select.word" count="7" last-shown="0" last-used="1653462280913" shown-count="0" />
    <feature id="ui.close.other.editors" count="1" last-shown="0" last-used="1653547727527" shown-count="0" />
    <feature id="debugger.evaluate.expression" count="0" last-shown="0" last-used="0" shown-count="0" />
    <feature id="codeassists.highlight.implements" count="0" last-shown="0" last-used="0" shown-count="0" />
    <feature id="codeassists.highlight.usages" count="1" last-shown="0" last-used="1653032581460" shown-count="0" />
    <feature id="editing.completion.smarttype.general" count="0" last-shown="1653725254931" last-used="0" shown-count="451" />
    <feature id="debugger.breakpoint.edit" count="0" last-shown="0" last-used="0" shown-count="0" />
    <feature id="codeassist.inspect.batch" count="0" last-shown="0" last-used="0" shown-count="0" />
    <feature id="db.table.editor" count="2" last-shown="0" last-used="1653007366995" shown-count="0" />
    <feature id="navigation.goto.usages" count="0" last-shown="0" last-used="0" shown-count="0" />
    <feature id="codeassists.comment.block" count="57" last-shown="0" last-used="1653632814067" shown-count="0" />
    <feature id="codeassists.quickdefinition.lookup" count="0" last-shown="0" last-used="0" shown-count="0" />
    <feature id="navigation.find.usages" count="0" last-shown="0" last-used="0" shown-count="0" />
    <feature id="editing.clipboard.history" count="3" last-shown="0" last-used="1653553246737" shown-count="0" />
    <feature id="editing.compare.editor.with.clipboard" count="0" last-shown="0" last-used="0" shown-count="0" />
    <feature id="refactoring.rename" count="10" last-shown="0" last-used="1653399241845" shown-count="0" />
    <feature id="navigation.popup.action" count="0" last-shown="0" last-used="0" shown-count="0" />
    <feature id="refactoring.show.quick.list" count="0" last-shown="0" last-used="0" shown-count="0" />
    <feature id="editing.completion.cancelByControlArrows" count="0" last-shown="0" last-used="0" shown-count="0" />
    <feature id="find.recent.search" count="0" last-shown="0" last-used="0" shown-count="0" />
    <feature id="navigation.goto.inspection" count="0" last-shown="0" last-used="0" shown-count="0" />
    <feature id="vcs.show.local.history" count="0" last-shown="0" last-used="0" shown-count="0" />
    <feature id="editing.completion.variable.name" count="441" last-shown="0" last-used="1653725228548" shown-count="0" />
    <feature id="navigation.popup.file" count="1" last-shown="0" last-used="1652754202876" shown-count="0" />
    <feature id="codeassists.overrideimplement" count="7" last-shown="0" last-used="1653459344518" shown-count="0" />
    <feature id="db.console.run.intention" count="0" last-shown="0" last-used="0" shown-count="0" />
    <feature id="db.diff" count="0" last-shown="0" last-used="0" shown-count="0" />
    <feature id="ui.close.all.editors" count="58" last-shown="0" last-used="1653628367632" shown-count="0" />
    <feature id="navigation.popup.wildcards" count="0" last-shown="0" last-used="0" shown-count="0" />
    <feature id="refactoring.introduceVariable" count="0" last-shown="0" last-used="0" shown-count="0" />
    <feature id="codeassists.javadoc.external" count="0" last-shown="0" last-used="0" shown-count="0" />
    <feature id="codeassists.surroundwith.expression" count="0" last-shown="0" last-used="0" shown-count="0" />
    <feature id="navigation.goto.declaration" count="212" last-shown="0" last-used="1653636683900" shown-count="0" />
    <feature id="editing.completion.finishByDotEtc" count="5" last-shown="0" last-used="1653549507010" shown-count="0" />
    <feature id="navigation.goto.implementation" count="0" last-shown="0" last-used="0" shown-count="0" />
    <feature id="editing.join.lines" count="0" last-shown="0" last-used="0" shown-count="0" />
    <feature id="debugger.breakpoint.non.suspending" count="0" last-shown="0" last-used="0" shown-count="0" />
    <feature id="editing.completion.finishByCtrlDot" count="0" last-shown="0" last-used="0" shown-count="0" />
    <feature id="navigation.select.in" count="0" last-shown="0" last-used="0" shown-count="0" />
    <feature id="editing.completion.global.member.name" count="0" last-shown="1652775129080" last-used="0" shown-count="4" />
    <feature id="intentions.fix.javadoc" count="0" last-shown="0" last-used="0" shown-count="0" />
    <feature id="ui.tree.speedsearch" count="7" last-shown="0" last-used="1653611835981" shown-count="0" />
    <feature id="ui.horizontal.scrolling" count="5" last-shown="0" last-used="1653462521474" shown-count="0" />
    <feature id="refactoring.copyClass" count="7" last-shown="0" last-used="1653276831432" shown-count="0" />
    <feature id="codeassists.highlight.return" count="0" last-shown="0" last-used="0" shown-count="0" />
    <feature id="ant.quickfix.CreateProperty" count="0" last-shown="0" last-used="0" shown-count="0" />
    <feature id="navigation.popup.camelprefix" count="0" last-shown="0" last-used="0" shown-count="0" />
    <feature id="navigation.popup.class" count="0" last-shown="0" last-used="0" shown-count="0" />
    <feature id="db.table.editor.wrapper" count="0" last-shown="0" last-used="0" shown-count="0" />
    <feature id="find.completion" count="0" last-shown="0" last-used="0" shown-count="0" />
    <feature id="tag.name.completion" count="0" last-shown="0" last-used="0" shown-count="0" />
    <feature id="editing.completion.second.smarttype.array.member" count="0" last-shown="0" last-used="0" shown-count="0" />
    <feature id="diagram.show.popup" count="0" last-shown="0" last-used="0" shown-count="0" />
    <feature id="refactoring.introduceVariable.incompleteStatement" count="0" last-shown="0" last-used="0" shown-count="0" />
    <feature id="editing.add.carets.using.double.ctrl" count="0" last-shown="0" last-used="0" shown-count="0" />
    <feature id="db.console" count="1" last-shown="0" last-used="1653007330707" shown-count="0" />
    <feature id="codeassists.quickjavadoc.lookup" count="0" last-shown="0" last-used="0" shown-count="0" />
    <feature id="ui.scheme.quickswitch" count="0" last-shown="0" last-used="0" shown-count="0" />
    <feature id="navigation.popup.file.structure" count="0" last-shown="0" last-used="0" shown-count="0" />
    <feature id="ant.quickfix.CreateTarget" count="0" last-shown="0" last-used="0" shown-count="0" />
    <feature id="codeassists.quickjavadoc.ctrln" count="0" last-shown="0" last-used="0" shown-count="0" />
    <feature id="codeassists.quickjavadoc" count="0" last-shown="0" last-used="0" shown-count="0" />
    <feature id="ui.recentchanges" count="0" last-shown="0" last-used="0" shown-count="0" />
    <feature id="diagram.show" count="3" last-shown="0" last-used="1653462485152" shown-count="0" />
    <feature id="editing.completion.second.basic" count="24" last-shown="0" last-used="1653621603954" shown-count="0" />
    <feature id="editing.move.statement.up.down" count="0" last-shown="0" last-used="0" shown-count="0" />
    <feature id="editing.completion.changeSorting" count="0" last-shown="0" last-used="0" shown-count="0" />
    <completionStatsTag>
      <option name="sparedCharacters" value="6628" />
      <option name="invocations" value="1029" />
      <option name="startDate" value="1652626800000" />
      <option name="dayCount" value="12" />
      <option name="lastDate" value="1653663600000" />
    </completionStatsTag>
    <fixesStatsTag>
      <option name="invocations" value="73" />
      <option name="startDate" value="1652713200000" />
      <option name="dayCount" value="9" />
      <option name="lastDate" value="1653663600000" />
    </fixesStatsTag>
  </component>
</application>