<application>
  <component name="DynamicPluginEnabler">
    <trackers>
      <map>
        <entry key="28uXiI5SoO44Ld823Yyaj5CjtoN">
          <value>
            <ProjectPluginTracker />
          </value>
        </entry>
        <entry key="28xmkkD3hjMzmX0T3JdSEsOCPTe">
          <value>
            <ProjectPluginTracker />
          </value>
        </entry>
        <entry key="28xujEfPK3U4MhlERLkU4Z6lgkm">
          <value>
            <ProjectPluginTracker />
          </value>
        </entry>
        <entry key="293LitwURkUF6xRykWCcemF6VZ3">
          <value>
            <ProjectPluginTracker />
          </value>
        </entry>
        <entry key="29HY15m1SyO2kjEiIyxfHFPz5Ci">
          <value>
            <ProjectPluginTracker />
          </value>
        </entry>
        <entry key="29HY1qViCQft7lvqCE2swuvKdao">
          <value>
            <ProjectPluginTracker />
          </value>
        </entry>
        <entry key="29HY54nMFGoVkvsa1wPHO3JQ5ZY">
          <value>
            <ProjectPluginTracker />
          </value>
        </entry>
        <entry key="29HYMPGD2sPcbFzN5qo9D3uh7aW">
          <value>
            <ProjectPluginTracker />
          </value>
        </entry>
        <entry key="29IQ3mGWo3YHDhqJeCHRNJGWZh7">
          <value>
            <ProjectPluginTracker />
          </value>
        </entry>
        <entry key="29IQuf3SrbkVWQ0Cnt3m2KRUi0s">
          <value>
            <ProjectPluginTracker />
          </value>
        </entry>
        <entry key="29VyXnMAqV7uwioq46dincS6Hbk">
          <value>
            <ProjectPluginTracker />
          </value>
        </entry>
        <entry key="29YOLWgvRvdwplVGWHhLseqy5BU">
          <value>
            <ProjectPluginTracker />
          </value>
        </entry>
        <entry key="29YXayrQNf6fV1huohti2ozunAs">
          <value>
            <ProjectPluginTracker />
          </value>
        </entry>
        <entry key="29YYp2XacWUKFNCvYkcwn5fmH2t">
          <value>
            <ProjectPluginTracker />
          </value>
        </entry>
        <entry key="29aY5E4GFPtKcdG6U7fXptE3oto">
          <value>
            <ProjectPluginTracker />
          </value>
        </entry>
        <entry key="29aZ0klo3T6OOu94x3mA1QcdtWK">
          <value>
            <ProjectPluginTracker />
          </value>
        </entry>
        <entry key="29aZrL6kv0qfxyDdLp0BFlxCDHJ">
          <value>
            <ProjectPluginTracker />
          </value>
        </entry>
        <entry key="29acwYUNZCSzHqBiTYN67l5FBXt">
          <value>
            <ProjectPluginTracker />
          </value>
        </entry>
        <entry key="29alwSxv2JosikgzpzJknEIVG3K">
          <value>
            <ProjectPluginTracker />
          </value>
        </entry>
        <entry key="29amBWw23dkXREHJ6kO7UPdZonj">
          <value>
            <ProjectPluginTracker />
          </value>
        </entry>
        <entry key="29amILSu0qrtNGMmno4flLWJgNW">
          <value>
            <ProjectPluginTracker />
          </value>
        </entry>
        <entry key="29anUrbzXNm8CPtPxel53vtv7GJ">
          <value>
            <ProjectPluginTracker />
          </value>
        </entry>
        <entry key="29asxTtcLlKMTVlfzXBA0b5HQ4O">
          <value>
            <ProjectPluginTracker />
          </value>
        </entry>
        <entry key="29atNH3JEzj6j0U8hljjN5NekGA">
          <value>
            <ProjectPluginTracker />
          </value>
        </entry>
        <entry key="29c9iMAKO8iaxRFclAkSMahUxzM">
          <value>
            <ProjectPluginTracker />
          </value>
        </entry>
        <entry key="29c9wKIqmbQtR7HKvydUFL5vrUJ">
          <value>
            <ProjectPluginTracker />
          </value>
        </entry>
        <entry key="29cA7UPC5ESlvDpTWJGWsfYxi58">
          <value>
            <ProjectPluginTracker />
          </value>
        </entry>
        <entry key="29dVwU3ZP1gdFY3rU4AV3E95MQK">
          <value>
            <ProjectPluginTracker />
          </value>
        </entry>
        <entry key="29f5wbCKIuuHuFOY8KhYWMmYtsS">
          <value>
            <ProjectPluginTracker />
          </value>
        </entry>
        <entry key="29gXlyrLyMDsCmLdWtIJeunbOID">
          <value>
            <ProjectPluginTracker />
          </value>
        </entry>
        <entry key="Default (Template) Project">
          <value>
            <ProjectPluginTracker />
          </value>
        </entry>
      </map>
    </trackers>
  </component>
  <component name="PropertyService"><![CDATA[{
  "keyToString": {
    "CWM_LOGGING_VERSION": "1",
    "ColorChooser.RecentColors": "0-110-255-255,,,255-191-0-255,,,106-255-0-255,,,255-0-0-255,,,255-113-113-255,,,230-126-126-255",
    "ExpandBeforeRunStepsPanel": "true",
    "FileTemplates.SelectedTemplate": "HTML File",
    "FindSplitterProportion": "0.2768595",
    "InstalledPluginsSearchHistory": "터미널\n터미\nEjs\nVue.js\ncamel",
    "KEYMAP": "parameter in",
    "LayoutCode.codeCleanup": "true",
    "LayoutCode.optimizeImports": "false",
    "LayoutCode.processChangedText": "false",
    "LayoutCode.rearrangeEntriesJava": "false",
    "LayoutCode.rearrangeEntriesXML": "false",
    "LiveContextsPanel[0]": "0.13947001",
    "MarketplacePluginsSearchHistory": "Ejs\nE\nVue.js\nVue.\nVue",
    "MemberChooser.copyJavadoc": "false",
    "MemberChooser.showClasses": "true",
    "NextRunPlatformUpdateBuild": "IU-221.5591.52/2022.1.1",
    "NextRunPlatformUpdateVersion": "2022.1.1",
    "NonModalCommitCustomization.IsApplied": "true",
    "PluginConfigurable.selectionTab": "1",
    "RunOnceActivity.se.text.search": "true",
    "SettingsSearchHistory": "주석\n블록\n글자\n터미널\n소프트",
    "SpringBeansModulesPanel[0]": "0.1367054",
    "SqlStructureView.filterD.file.structure.state": "true",
    "appcds.runOnSecondStart": "IU-221.5080.210-7b0d46e0daec8bff743e98a367c11e7d158b21e13c069924883787d176d71925",
    "ask.about.ctrl.y.shortcut.v2": "true",
    "build.toolwindow.Sync.selection.state": "com.intellij.build.BuildTreeConsoleView",
    "build.toolwindow.run.selection.state": "com.intellij.build.BuildTreeConsoleView",
    "build.toolwindow.show.successful.steps.selection.state": "true",
    "build.toolwindow.동기화.selection.state": "com.intellij.build.BuildTreeConsoleView",
    "build.toolwindow.빌드 출력.selection.state": "com.intellij.build.BuildTreeConsoleView",
    "bundled.plugins.list.saved.version": "IU-221.5080.210",
    "com.intellij.ide.projectWizard.generators.JavaNewProjectWizard$Step.selectedStep": "Gradle",
    "com.intellij.ide.wizard.NewProjectWizardLanguageStep.selectedStep": "Java",
    "db.last.update.timestamp": "1653007283884",
    "decompiler.legal.notice.accepted": "true",
    "defaultJdkConfigured": "true",
    "defaultpackageserviceconfig.fulltext": "https://package-search.services.jetbrains.com/api/search/idea/fulltext",
    "defaultpackageserviceconfig.suggest": "https://package-search.services.jetbrains.com/api/search/idea/suggest",
    "defaultpackageserviceconfig.updated.ts": "1653399230580",
    "eclipse.projects.detected": "",
    "file.gist.reindex.count": "821",
    "fileTypeChangedCounter": "3",
    "got.it.tooltip.builtin.web.server.reload.on.save": "1",
    "got.it.tooltip.cwm.invitation.notification": "1",
    "got.it.tooltip.database.schema.control.got.it": "1",
    "got.it.tooltip.js.debugger.terminal.start.debugger.from.url": "1",
    "got.it.tooltip.reader.mode.got.it": "1",
    "got.it.tooltip.terminal.smart_command_execution": "1",
    "got.it.tooltip.web.preview.reload.on.save": "1",
    "gotit.previous.run": "IU-221.5080.210",
    "ide.memory.adjusted": "true",
    "ide.updates.whats.new.shown.for": "221",
    "ift.learning.panel.opened.in": "221.5080.210",
    "installed.kotlin.plugin.version": "221-1.6.20-release-285-IJ5080.210",
    "jdk.selected.JAVA_MODULE": "1.8",
    "last_opened_file_path": "C:/work/실행테스트",
    "project.wizard.group": "newWizard.com.intellij.ide.wizard.NewProjectBuilder",
    "registry.to.advanced.settings.migration.build": "IU-221.5080.210",
    "selected.color.option.type": "HTML_COMMENT",
    "settings.code.style.selected.tab.HTML": "기타",
    "settings.code.style.selected.tab.JAVA": "줄 바꿈 및 괄호",
    "settings.code.style.selected.tab.JavaScript": "줄 바꿈 및 괄호",
    "settings.code.style.selected.tab.XML": "기타",
    "tasks.pass.word.conversion.enforced": "true",
    "ts.lib.d.ts.version": "4.5.4"
  },
  "keyToStringList": {
    "file.chooser.recent.files": [
      "C:/work/실행테스트",
      "C:/work/GitHub/HTML5/종합실습",
      "C:/work/GitHub/HTML5/스프링5_프로그래밍_입문",
      "C:/work/GitHub/HTML5/10.Spring/02.Spring/sp5-chap03",
      "C:/work/GitHub/HTML5/13.시험/2022_05_23",
      "C:/work/GitHub/HTML5/10.Spring/03.SpringBoot",
      "C:/work/GitHub/HTML5/10.Spring/03.SpringBoot/myService",
      "E:/work/GitHub/HTML5/10.Spring/HelloSpringBootJsp",
      "E:/work/GitHub/HTML5/10.Spring/setting",
      "E:/work/GitHub/HTML5/10.Spring",
      "E:/work/GitHub/HTML5/10.Spring/DesignPattern"
    ],
    "fileTypeDetectors": [
      "com.intellij.ide.scratch.ScratchFileServiceImpl$Detector",
      "com.intellij.profiler.ultimate.hprof.impl.HprofFileTypeDetector",
      "com.intellij.docker.dockerFile.DockerFileTypeDetector",
      "com.intellij.javascript.debugger.sourcemap.SourceMapFileType$MyFileTypeDetector",
      "com.intellij.database.vfs.DbStorageFileType$Detector",
      "com.jetbrains.nodejs.util.NodeFileTypeDetector$JavaScriptFileTypeDetector",
      "com.jetbrains.nodejs.util.NodeFileTypeDetector$TypeScriptFileTypeDetector",
      "com.android.tools.idea.sqlite.fileType.SqliteFileTypeDetector",
      "com.android.tools.idea.profilers.capture.MemoryCaptureFileType$Detector",
      "org.jetbrains.plugins.textmate.TextMateFileType$TextMateFileDetector"
    ]
  }
}]]></component>
  <component name="TerminalCommandHistoryManager">
    <command-history-files>
      <command-history-file filename="hellovue2-history" project-path="C:/work/GitHub/HTML5/종합실습/hellovue2" last-access-time="1653360861049" />
      <command-history-file filename="06_catcart_cli_sol-history" project-path="C:/work/구글드라이브/HTML5/교재_실습예제/Vue/06_catcart_cli_sol" last-access-time="1653354889915" />
      <command-history-file filename="hellovue-history" project-path="C:/work/GitHub/HTML5/종합실습/hellovue" last-access-time="1653360269757" />
      <command-history-file filename="04.catCart_cli-history" project-path="C:/work/GitHub/HTML5/06.Vue/04.catCart_cli" last-access-time="1653353975801" />
      <command-history-file filename="front-end-history" project-path="C:/work/GitHub/HTML5/종합실습/Vue_Spring/front-end" last-access-time="1653724057726" />
    </command-history-files>
  </component>
</application>