<application>
  <component name="RecentProjectsManager">
    <option name="additionalInfo">
      <map>
        <entry key="E:/work/GitHub/HTML5/10.Spring/DesignPattern">
          <value>
            <RecentProjectMetaInfo frameTitle="DesignPattern" projectWorkspaceId="28uXiI5SoO44Ld823Yyaj5CjtoN">
              <option name="activationTimestamp" value="1652190716925" />
              <option name="binFolder" value="$APPLICATION_HOME_DIR$/bin" />
              <option name="build" value="IU-221.5080.210" />
              <option name="buildTimestamp" value="1649734333336" />
              <frame x="-8" y="-8" width="1936" height="1056" extendedState="6" />
              <option name="productionCode" value="IU" />
              <option name="projectOpenTimestamp" value="1652107646536" />
            </RecentProjectMetaInfo>
          </value>
        </entry>
        <entry key="E:/work/GitHub/HTML5/10.Spring/HelloSpringBootJsp">
          <value>
            <RecentProjectMetaInfo frameTitle="HelloSpringBootJsp" projectWorkspaceId="28xmkkD3hjMzmX0T3JdSEsOCPTe">
              <option name="activationTimestamp" value="1652191159982" />
              <option name="binFolder" value="$APPLICATION_HOME_DIR$/bin" />
              <option name="build" value="IU-221.5080.210" />
              <option name="buildTimestamp" value="1649734367549" />
              <frame x="-8" y="-8" width="1936" height="1056" extendedState="6" />
              <option name="productionCode" value="IU" />
              <option name="projectOpenTimestamp" value="1652190776552" />
            </RecentProjectMetaInfo>
          </value>
        </entry>
        <entry key="C:/work/GitHub/HTML5/스프링5_프로그래밍_입문/sp5-chap02">
          <value>
            <RecentProjectMetaInfo frameTitle="sp5-chap02 – Sp5Chap02Application.java [sp5-chap02.main]" projectWorkspaceId="29IQuf3SrbkVWQ0Cnt3m2KRUi0s">
              <option name="activationTimestamp" value="1652832641429" />
              <option name="binFolder" value="$APPLICATION_HOME_DIR$/bin" />
              <option name="build" value="IU-221.5080.210" />
              <option name="buildTimestamp" value="1649734349570" />
              <frame x="-9" y="-9" width="1938" height="1048" extendedState="6" />
              <option name="productionCode" value="IU" />
              <option name="projectOpenTimestamp" value="1652798343864" />
            </RecentProjectMetaInfo>
          </value>
        </entry>
        <entry key="$USER_HOME$/Downloads/TaeGyungSite-20220518T023634Z-001/TaeGyungSite">
          <value>
            <RecentProjectMetaInfo frameTitle="TaeGyungSite – C:\Users\gumin\AppData\Roaming\JetBrains\IntelliJIdea2022.1\scratches\generated-requests.http" projectWorkspaceId="29HY15m1SyO2kjEiIyxfHFPz5Ci">
              <option name="activationTimestamp" value="1652842301011" />
              <option name="binFolder" value="$APPLICATION_HOME_DIR$/bin" />
              <option name="build" value="IU-221.5080.210" />
              <option name="buildTimestamp" value="1649734359433" />
              <frame x="952" y="0" width="977" height="1038" extendedState="6" />
              <option name="productionCode" value="IU" />
              <option name="projectOpenTimestamp" value="1652842221579" />
            </RecentProjectMetaInfo>
          </value>
        </entry>
        <entry key="C:/work/GitHub/HTML5/10.Spring/03.SpringBoot/myService">
          <value>
            <RecentProjectMetaInfo frameTitle="myService" projectWorkspaceId="293LitwURkUF6xRykWCcemF6VZ3">
              <option name="activationTimestamp" value="1652880938696" />
              <option name="binFolder" value="$APPLICATION_HOME_DIR$/bin" />
              <option name="build" value="IU-221.5080.210" />
              <option name="buildTimestamp" value="1649734320682" />
              <frame x="-9" y="-9" width="1938" height="1048" extendedState="6" />
              <option name="productionCode" value="IU" />
              <option name="projectOpenTimestamp" value="1652863797558" />
            </RecentProjectMetaInfo>
          </value>
        </entry>
        <entry key="$USER_HOME$/Downloads/TaeGyungSite-20220518T134353Z-001/TaeGyungSite">
          <value>
            <RecentProjectMetaInfo frameTitle="TaeGyungSite – application.properties [TaeGyungSite.main]" projectWorkspaceId="29HY15m1SyO2kjEiIyxfHFPz5Ci">
              <option name="activationTimestamp" value="1652881831642" />
              <option name="binFolder" value="$APPLICATION_HOME_DIR$/bin" />
              <option name="build" value="IU-221.5080.210" />
              <option name="buildTimestamp" value="1649734365928" />
              <frame x="-9" y="-9" width="1938" height="1048" extendedState="6" />
              <option name="productionCode" value="IU" />
              <option name="projectOpenTimestamp" value="1652881694079" />
            </RecentProjectMetaInfo>
          </value>
        </entry>
        <entry key="$USER_HOME$/Desktop/TaeGyungSite">
          <value>
            <RecentProjectMetaInfo frameTitle="TaeGyungSite – Board.xml [TaeGyungSite.main]" projectWorkspaceId="29HY15m1SyO2kjEiIyxfHFPz5Ci">
              <option name="activationTimestamp" value="1652882503411" />
              <option name="binFolder" value="$APPLICATION_HOME_DIR$/bin" />
              <option name="build" value="IU-221.5080.210" />
              <option name="buildTimestamp" value="1649734362458" />
              <frame x="-9" y="-9" width="1938" height="1048" extendedState="6" />
              <option name="productionCode" value="IU" />
              <option name="projectOpenTimestamp" value="1652882085151" />
            </RecentProjectMetaInfo>
          </value>
        </entry>
        <entry key="$USER_HOME$/Desktop/SujeongSite">
          <value>
            <RecentProjectMetaInfo frameTitle="SujeongSite – C:\Users\gumin\AppData\Roaming\JetBrains\IntelliJIdea2022.1\scratches\generated-requests.http" projectWorkspaceId="29HY54nMFGoVkvsa1wPHO3JQ5ZY">
              <option name="activationTimestamp" value="1653010261110" />
              <option name="binFolder" value="$APPLICATION_HOME_DIR$/bin" />
              <option name="build" value="IU-221.5080.210" />
              <option name="buildTimestamp" value="1649734336653" />
              <frame x="-9" y="-9" width="1938" height="1048" extendedState="6" />
              <option name="productionCode" value="IU" />
              <option name="projectOpenTimestamp" value="1653010210953" />
            </RecentProjectMetaInfo>
          </value>
        </entry>
        <entry key="C:/work/GitHub/HTML5/10.Spring/03.SpringBoot/GuminSite">
          <value>
            <RecentProjectMetaInfo frameTitle="GuminSite – CommentApiController.java [GuminSite.main]" projectWorkspaceId="29HYMPGD2sPcbFzN5qo9D3uh7aW">
              <option name="activationTimestamp" value="1653276492431" />
              <option name="binFolder" value="$APPLICATION_HOME_DIR$/bin" />
              <option name="build" value="IU-221.5080.210" />
              <option name="buildTimestamp" value="1649734345334" />
              <frame x="-9" y="-9" width="1938" height="1048" extendedState="6" />
              <option name="productionCode" value="IU" />
              <option name="projectOpenTimestamp" value="1653275596036" />
            </RecentProjectMetaInfo>
          </value>
        </entry>
        <entry key="C:/work/GitHub/HTML5/10.Spring/03.SpringBoot/TaeGyungSite">
          <value>
            <RecentProjectMetaInfo frameTitle="TaeGyungSite – Common2.xml [TaeGyungSite.main]" projectWorkspaceId="29HY15m1SyO2kjEiIyxfHFPz5Ci">
              <option name="activationTimestamp" value="1653285911130" />
              <option name="binFolder" value="$APPLICATION_HOME_DIR$/bin" />
              <option name="build" value="IU-221.5080.210" />
              <option name="buildTimestamp" value="1649734345334" />
              <frame x="-9" y="-9" width="1938" height="1048" extendedState="6" />
              <option name="productionCode" value="IU" />
              <option name="projectOpenTimestamp" value="1653276492892" />
            </RecentProjectMetaInfo>
          </value>
        </entry>
        <entry key="C:/work/GitHub/HTML5/06.Vue/01.catCart_cdn_2.x">
          <value>
            <RecentProjectMetaInfo frameTitle="01.catCart_cdn_2.x" projectWorkspaceId="29aZ0klo3T6OOu94x3mA1QcdtWK">
              <option name="activationTimestamp" value="1653353339786" />
              <option name="binFolder" value="$APPLICATION_HOME_DIR$/bin" />
              <option name="build" value="IU-221.5080.210" />
              <option name="buildTimestamp" value="1649734349715" />
              <frame x="-9" y="-9" width="1938" height="1048" extendedState="6" />
              <option name="productionCode" value="IU" />
              <option name="projectOpenTimestamp" value="1653352935609" />
            </RecentProjectMetaInfo>
          </value>
        </entry>
        <entry key="C:/work/GitHub/HTML5/06.Vue/04.catCart_cli">
          <value>
            <RecentProjectMetaInfo frameTitle="04.catCart_cli – MainView.vue" projectWorkspaceId="29aZrL6kv0qfxyDdLp0BFlxCDHJ">
              <option name="activationTimestamp" value="1653354821926" />
              <option name="binFolder" value="$APPLICATION_HOME_DIR$/bin" />
              <option name="build" value="IU-221.5080.210" />
              <option name="buildTimestamp" value="1649734349715" />
              <frame x="-9" y="-9" width="1938" height="1048" extendedState="6" />
              <option name="productionCode" value="IU" />
              <option name="projectOpenTimestamp" value="1653353796497" />
            </RecentProjectMetaInfo>
          </value>
        </entry>
        <entry key="C:/work/구글드라이브/HTML5/교재_실습예제/Vue/06_catcart_cli_sol">
          <value>
            <RecentProjectMetaInfo frameTitle="06_catcart_cli_sol – README.md" projectWorkspaceId="29acwYUNZCSzHqBiTYN67l5FBXt">
              <option name="activationTimestamp" value="1653358505578" />
              <option name="binFolder" value="$APPLICATION_HOME_DIR$/bin" />
              <option name="build" value="IU-221.5080.210" />
              <option name="buildTimestamp" value="1649734339459" />
              <frame x="-9" y="-9" width="1938" height="1048" extendedState="6" />
              <option name="productionCode" value="IU" />
              <option name="projectOpenTimestamp" value="1653354875569" />
            </RecentProjectMetaInfo>
          </value>
        </entry>
        <entry key="C:/work/GitHub/HTML5/종합실습/hellovue2">
          <value>
            <RecentProjectMetaInfo frameTitle="hellovue2 – AboutView.vue" projectWorkspaceId="29anUrbzXNm8CPtPxel53vtv7GJ">
              <option name="activationTimestamp" value="1653363035698" />
              <option name="binFolder" value="$APPLICATION_HOME_DIR$/bin" />
              <option name="build" value="IU-221.5080.210" />
              <option name="buildTimestamp" value="1649734339459" />
              <frame x="-9" y="-9" width="1938" height="1048" extendedState="6" />
              <option name="productionCode" value="IU" />
              <option name="projectOpenTimestamp" value="1653362982241" />
            </RecentProjectMetaInfo>
          </value>
        </entry>
        <entry key="C:/work/GitHub/HTML5/06.Vue/01_01.socksCart_cdn_3.x">
          <value>
            <RecentProjectMetaInfo frameTitle="01_01.socksCart_cdn_3.x – index.html" projectWorkspaceId="29aY5E4GFPtKcdG6U7fXptE3oto">
              <option name="activationTimestamp" value="1653377270972" />
              <option name="binFolder" value="$APPLICATION_HOME_DIR$/bin" />
              <option name="build" value="IU-221.5080.210" />
              <option name="buildTimestamp" value="1649734339459" />
              <frame x="-9" y="-9" width="1938" height="1048" extendedState="6" />
              <option name="productionCode" value="IU" />
              <option name="projectOpenTimestamp" value="1653363036037" />
            </RecentProjectMetaInfo>
          </value>
        </entry>
        <entry key="C:/work/GitHub/HTML5/10.Spring/02.Spring/sp5-chap03">
          <value>
            <RecentProjectMetaInfo frameTitle="sp5-chap03 [C:\work\GitHub\HTML5\10.Spring\02.Spring\sp5-chap03]" projectWorkspaceId="28xujEfPK3U4MhlERLkU4Z6lgkm">
              <option name="activationTimestamp" value="1653401584073" />
              <option name="binFolder" value="$APPLICATION_HOME_DIR$/bin" />
              <option name="build" value="IU-221.5080.210" />
              <option name="buildTimestamp" value="1649734355967" />
              <frame x="-9" y="-9" width="1938" height="1048" extendedState="6" />
              <option name="productionCode" value="IU" />
              <option name="projectOpenTimestamp" value="1653401228110" />
            </RecentProjectMetaInfo>
          </value>
        </entry>
        <entry key="C:/work/GitHub/HTML5/종합실습/untitled">
          <value>
            <RecentProjectMetaInfo frameTitle="untitled" projectWorkspaceId="29c9iMAKO8iaxRFclAkSMahUxzM">
              <option name="activationTimestamp" value="1653401748558" />
              <option name="binFolder" value="$APPLICATION_HOME_DIR$/bin" />
              <option name="build" value="IU-221.5080.210" />
              <option name="buildTimestamp" value="1649734355967" />
              <frame x="-9" y="-9" width="1938" height="1048" extendedState="6" />
              <option name="productionCode" value="IU" />
              <option name="projectOpenTimestamp" value="1653401744683" />
            </RecentProjectMetaInfo>
          </value>
        </entry>
        <entry key="C:/work/GitHub/HTML5/스프링5_프로그래밍_입문/sp5-chap03">
          <value>
            <RecentProjectMetaInfo frameTitle="sp5-chap03 – RegisterRequest.java [sp5-chap03.main]" projectWorkspaceId="29VyXnMAqV7uwioq46dincS6Hbk">
              <option name="activationTimestamp" value="1653402896650" />
              <option name="binFolder" value="$APPLICATION_HOME_DIR$/bin" />
              <option name="build" value="IU-221.5080.210" />
              <option name="buildTimestamp" value="1649734355967" />
              <frame x="-9" y="-9" width="1938" height="1048" extendedState="6" />
              <option name="productionCode" value="IU" />
              <option name="projectOpenTimestamp" value="1653401835584" />
            </RecentProjectMetaInfo>
          </value>
        </entry>
        <entry key="C:/work/GitHub/HTML5/스프링5_프로그래밍_입문/demo">
          <value>
            <RecentProjectMetaInfo frameTitle="demo – C:\work\구글드라이브\HTML5\교재_실습예제\SpringBoot\sp5-chap03\src\main\java\config\AppCtx.java" projectWorkspaceId="29cA7UPC5ESlvDpTWJGWsfYxi58">
              <option name="activationTimestamp" value="1653436923954" />
              <option name="binFolder" value="$APPLICATION_HOME_DIR$/bin" />
              <option name="build" value="IU-221.5080.210" />
              <option name="buildTimestamp" value="1649734355967" />
              <frame x="-9" y="-9" width="1938" height="1048" extendedState="6" />
              <option name="productionCode" value="IU" />
              <option name="projectOpenTimestamp" value="1653402897519" />
            </RecentProjectMetaInfo>
          </value>
        </entry>
        <entry key="C:/work/GitHub/HTML5/종합실습/socksvue">
          <value>
            <RecentProjectMetaInfo frameTitle="socksvue" projectWorkspaceId="29atNH3JEzj6j0U8hljjN5NekGA">
              <option name="activationTimestamp" value="1653440503703" />
              <option name="binFolder" value="$APPLICATION_HOME_DIR$/bin" />
              <option name="build" value="IU-221.5080.210" />
              <option name="buildTimestamp" value="1649734356166" />
              <frame x="-9" y="-9" width="1938" height="1048" extendedState="6" />
              <option name="productionCode" value="IU" />
              <option name="projectOpenTimestamp" value="1653436934727" />
            </RecentProjectMetaInfo>
          </value>
        </entry>
        <entry key="C:/work/GitHub/HTML5/종합실습/DongSungSI">
          <value>
            <RecentProjectMetaInfo frameTitle="DongSungSI – TutorialController.java [DongSungSI.main]" projectWorkspaceId="29dVwU3ZP1gdFY3rU4AV3E95MQK">
              <option name="activationTimestamp" value="1653535001324" />
              <option name="binFolder" value="$APPLICATION_HOME_DIR$/bin" />
              <option name="build" value="IU-221.5080.210" />
              <option name="buildTimestamp" value="1649734379955" />
              <frame x="-9" y="-9" width="1938" height="1048" extendedState="6" />
              <option name="productionCode" value="IU" />
              <option name="projectOpenTimestamp" value="1653522949116" />
            </RecentProjectMetaInfo>
          </value>
        </entry>
        <entry key="C:/work/GitHub/HTML5/종합실습/Vue_Spring/DongSungSI">
          <value>
            <RecentProjectMetaInfo frameTitle="DongSungSI – TutorialController.java [DongSungSI.main]" projectWorkspaceId="29dVwU3ZP1gdFY3rU4AV3E95MQK">
              <option name="activationTimestamp" value="1653641194879" />
              <option name="binFolder" value="$APPLICATION_HOME_DIR$/bin" />
              <option name="build" value="IU-221.5080.210" />
              <option name="buildTimestamp" value="1649734341100" />
              <frame x="-9" y="-9" width="1938" height="1048" extendedState="6" />
              <option name="productionCode" value="IU" />
              <option name="projectOpenTimestamp" value="1653609803376" />
            </RecentProjectMetaInfo>
          </value>
        </entry>
        <entry key="C:/work/GitHub/HTML5/종합실습/Vue_Spring/front-end">
          <value>
            <RecentProjectMetaInfo frameTitle="front-end – Tutorial.vue" projectWorkspaceId="29gXlyrLyMDsCmLdWtIJeunbOID">
              <option name="activationTimestamp" value="1653724063158" />
              <option name="binFolder" value="$APPLICATION_HOME_DIR$/bin" />
              <option name="build" value="IU-221.5080.210" />
              <option name="buildTimestamp" value="1649734341100" />
              <frame x="-9" y="-9" width="1938" height="1048" extendedState="6" />
              <option name="productionCode" value="IU" />
              <option name="projectOpenTimestamp" value="1653641377563" />
            </RecentProjectMetaInfo>
          </value>
        </entry>
        <entry key="C:/work/실행테스트/untitled">
          <value>
            <RecentProjectMetaInfo frameTitle="untitled – scanner.java [untitled.main]" projectWorkspaceId="29f5wbCKIuuHuFOY8KhYWMmYtsS">
              <option name="activationTimestamp" value="1653725875559" />
              <option name="binFolder" value="$APPLICATION_HOME_DIR$/bin" />
              <option name="build" value="IU-221.5080.210" />
              <option name="buildTimestamp" value="1649734346071" />
              <frame x="-9" y="-9" width="1938" height="1048" extendedState="6" />
              <option name="productionCode" value="IU" />
              <option name="projectOpenTimestamp" value="1653724074872" />
            </RecentProjectMetaInfo>
          </value>
        </entry>
      </map>
    </option>
    <option name="groups">
      <list>
        <ProjectGroup>
          <option name="bottomGroup" value="true" />
          <option name="name" value="Eclipse Projects" />
          <option name="projects">
            <list>
              <option value="E:\work\01_HTML5\08.Java\Codeup" />
              <option value="E:\work\01_HTML5\08.Java\exercise" />
            </list>
          </option>
        </ProjectGroup>
      </list>
    </option>
    <option name="lastProjectLocation" value="C:/work/실행테스트" />
  </component>
</application>