<application>
  <component name="RunnerLayoutSettings">
    <runner id="JavaRunner">
      <ViewImpl>
        <option name="ID" value="ConsoleContent" />
        <option name="placeInGrid" value="bottom" />
      </ViewImpl>
      <ViewImpl>
        <option name="ID" value="액추에이터" />
        <option name="placeInGrid" value="bottom" />
        <option name="tabIndex" value="1" />
      </ViewImpl>
      <TabImpl>
        <option name="bottomProportion" value="0.0" />
      </TabImpl>
      <TabImpl>
        <option name="defaultIndex" value="1" />
        <option name="index" value="1" />
      </TabImpl>
    </runner>
    <runner id="none">
      <ViewImpl>
        <option name="ID" value="none" />
        <option name="placeInGrid" value="bottom" />
      </ViewImpl>
      <TabImpl />
    </runner>
  </component>
</application>