<application>
  <component name="SettingsSyncPlugins">
    <option name="plugins">
      <map>
        <entry key="com.clutcher.comments_highlighter">
          <value>
            <PluginData>
              <option name="dependencies">
                <set>
                  <option value="com.intellij.modules.lang" />
                </set>
              </option>
            </PluginData>
          </value>
        </entry>
        <entry key="com.intellij.CloudConfig">
          <value>
            <PluginData>
              <option name="dependencies">
                <set>
                  <option value="com.intellij.modules.ultimate" />
                </set>
              </option>
              <option name="enabled" value="false" />
            </PluginData>
          </value>
        </entry>
        <entry key="com.intellij.ko">
          <value>
            <PluginData>
              <option name="dependencies">
                <set>
                  <option value="com.intellij.modules.platform" />
                </set>
              </option>
            </PluginData>
          </value>
        </entry>
        <entry key="com.jetbrains.lang.ejs">
          <value>
            <PluginData>
              <option name="dependencies">
                <set>
                  <option value="JavaScript" />
                  <option value="com.intellij.modules.lang" />
                </set>
              </option>
            </PluginData>
          </value>
        </entry>
        <entry key="de.netnexus.camelcaseplugin">
          <value>
            <PluginData>
              <option name="dependencies">
                <set>
                  <option value="com.intellij.modules.lang" />
                </set>
              </option>
            </PluginData>
          </value>
        </entry>
        <entry key="monokai-pro">
          <value>
            <PluginData>
              <option name="category" value="UI" />
              <option name="dependencies">
                <set>
                  <option value="com.intellij.modules.lang" />
                </set>
              </option>
            </PluginData>
          </value>
        </entry>
        <entry key="org.jetbrains.plugins.vue">
          <value>
            <PluginData />
          </value>
        </entry>
      </map>
    </option>
  </component>
</application>