<application>
  <component name="ShownTips">
    <option name="shownTips">
      <map>
        <entry key="AnnotationsAndDiffs.html" value="1652104467287" />
        <entry key="GoToInspection.html" value="1652191110599" />
        <entry key="HighlightImplements.html" value="1653535863014" />
        <entry key="InspectCode.html" value="1653212596124" />
        <entry key="Kotlin_project.html" value="1653724061829" />
        <entry key="LineEndingsFolder.html" value="1652537957802" />
        <entry key="QuickSwitchScheme.html" value="1653443192906" />
        <entry key="RichTextCopy.html" value="1653352484609" />
        <entry key="SpringCreateBeanFromUsage.html" value="1653005070847" />
        <entry key="SpringOpenBean.html" value="1652880900121" />
        <entry key="find_usages.html" value="1652672911000" />
        <entry key="hprof.html" value="1652771271388" />
      </map>
    </option>
  </component>
</application>