<application>
  <component name="Trusted.Paths">
    <option name="TRUSTED_PROJECT_PATHS">
      <map>
        <entry key="C:\Users\gumin" value="true" />
        <entry key="C:\Users\gumin\Desktop\SujeongSite" value="true" />
        <entry key="C:\Users\gumin\Desktop\TaeGyungSite" value="true" />
        <entry key="C:\Users\gumin\Downloads\TaeGyungSite-20220518T023634Z-001\TaeGyungSite" value="true" />
        <entry key="C:\Users\gumin\Downloads\TaeGyungSite-20220518T134353Z-001\TaeGyungSite" value="true" />
        <entry key="C:\Users\gumin\Downloads\TaeGyungSite-20220523T002143Z-001\TaeGyungSite\src\main\java\com\example\taegyungsite\controller" value="true" />
        <entry key="C:\work\GitHub\HTML5\06.Vue\01.catCart_cdn_2.x" value="true" />
        <entry key="C:\work\GitHub\HTML5\06.Vue\01_01.socksCart_cdn_3.x" value="true" />
        <entry key="C:\work\GitHub\HTML5\06.Vue\04.catCart_cli" value="true" />
        <entry key="C:\work\GitHub\HTML5\10.Spring\02.Spring\sp5-chap03" value="true" />
        <entry key="C:\work\GitHub\HTML5\10.Spring\03.SpringBoot\GuminSite" value="true" />
        <entry key="C:\work\GitHub\HTML5\10.Spring\03.SpringBoot\TaeGyungSite" value="true" />
        <entry key="C:\work\GitHub\HTML5\10.Spring\03.SpringBoot\myService" value="true" />
        <entry key="C:\work\GitHub\HTML5\13.시험\2022_05_23\TaeGyungSite" value="true" />
        <entry key="C:\work\GitHub\HTML5\13.시험\2022_05_23\boot_exam" value="true" />
        <entry key="C:\work\GitHub\HTML5\스프링5_프로그래밍_입문\demo" value="true" />
        <entry key="C:\work\GitHub\HTML5\스프링5_프로그래밍_입문\sp5-chap02" value="true" />
        <entry key="C:\work\GitHub\HTML5\스프링5_프로그래밍_입문\sp5-chap03" value="true" />
        <entry key="C:\work\GitHub\HTML5\종합실습\DongSungSI" value="true" />
        <entry key="C:\work\GitHub\HTML5\종합실습\HelloVue" value="true" />
        <entry key="C:\work\GitHub\HTML5\종합실습\HelloVueCli" value="true" />
        <entry key="C:\work\GitHub\HTML5\종합실습\Vue_Spring\DongSungSI" value="true" />
        <entry key="C:\work\GitHub\HTML5\종합실습\Vue_Spring\front-end" value="true" />
        <entry key="C:\work\GitHub\HTML5\종합실습\hellovue" value="true" />
        <entry key="C:\work\GitHub\HTML5\종합실습\hellovue2" value="true" />
        <entry key="C:\work\GitHub\HTML5\종합실습\socksvue" value="true" />
        <entry key="C:\work\GitHub\HTML5\종합실습\sockvue" value="true" />
        <entry key="C:\work\GitHub\HTML5\종합실습\untitled" value="true" />
        <entry key="C:\work\구글드라이브\HTML5\교재_실습예제\SpringBoot\sp5-chap03\src\main\java\config" value="true" />
        <entry key="C:\work\구글드라이브\HTML5\교재_실습예제\SpringBoot\sp5-chap03\src\main\java\main" value="true" />
        <entry key="C:\work\구글드라이브\HTML5\교재_실습예제\Vue\06_catcart_cli_sol" value="true" />
        <entry key="C:\work\실행테스트\untitled" value="true" />
        <entry key="E:\work\GitHub\HTML5\10.Spring\DesignPattern" value="true" />
        <entry key="E:\work\GitHub\HTML5\10.Spring\HelloSpringBootJsp" value="true" />
      </map>
    </option>
  </component>
  <component name="Trusted.Paths.Settings">
    <option name="TRUSTED_PATHS">
      <list>
        <option value="E:\work\GitHub\HTML5\10.Spring" />
        <option value="C:\work\GitHub\HTML5\10.Spring\03.SpringBoot" />
        <option value="C:\work\GitHub\HTML5\13.시험\2022_05_23" />
        <option value="C:\work\GitHub\HTML5\06.Vue" />
        <option value="C:\work\구글드라이브\HTML5\교재_실습예제\Vue" />
        <option value="C:\work\GitHub\HTML5\종합실습\Vue_Spring" />
      </list>
    </option>
  </component>
</application>