<application>
  <component name="DimensionService">
    <location key="find.popup.0.0.1920.1080@120dpi" x="875" y="64" />
    <size key="GridCell.Tab.0.left.0.0.1920.1080" width="1877" height="315" />
    <size key="GridCell.Tab.0.center.0.0.1920.1080" width="1877" height="315" />
    <size key="GridCell.Tab.0.right.0.0.1920.1080" width="1877" height="315" />
    <size key="GridCell.Tab.0.bottom.0.0.1920.1080" width="1877" height="315" />
    <size key="GridCell.Tab.0.left.0.0.1920.1080@120dpi" width="1867" height="304" />
    <size key="GridCell.Tab.0.center.0.0.1920.1080@120dpi" width="1867" height="304" />
    <size key="GridCell.Tab.0.right.0.0.1920.1080@120dpi" width="1867" height="304" />
    <size key="GridCell.Tab.0.bottom.0.0.1920.1080@120dpi" width="1867" height="304" />
    <size key="GridCell.Tab.1.left.0.0.1920.1080@120dpi" width="1867" height="324" />
    <size key="GridCell.Tab.1.center.0.0.1920.1080@120dpi" width="1867" height="324" />
    <size key="GridCell.Tab.1.right.0.0.1920.1080@120dpi" width="1867" height="324" />
    <size key="GridCell.Tab.1.bottom.0.0.1920.1080@120dpi" width="1867" height="324" />
    <size key="find.popup.0.0.1920.1080@120dpi" width="747" height="638" />
  </component>
  <component name="WindowManager">
    <frame x="-9" y="-9" width="1938" height="1048" extendedState="6" />
  </component>
  <component name="WindowStateApplicationService">
    <state x="389" y="202" key="FileChooserDialogImpl" timestamp="1653491524297">
      <screen x="0" y="0" width="1536" height="824" />
    </state>
    <state x="389" y="202" key="FileChooserDialogImpl/0.0.1536.824" timestamp="1653491524297" />
    <state x="486" y="255" key="FileChooserDialogImpl/0.0.1920.1040/0.-1080.1920.1040" timestamp="1652190775996" />
    <state x="1135" y="620" width="300" height="179" key="ProcessPopupWindow" timestamp="1652932827023">
      <screen x="0" y="0" width="1536" height="824" />
    </state>
    <state x="1135" y="620" width="300" height="179" key="ProcessPopupWindow/0.0.1536.824" timestamp="1652932827023" />
    <state x="20" y="75" width="1802" height="898" key="SettingsEditor" timestamp="1653352680379">
      <screen x="0" y="0" width="1536" height="824" />
    </state>
    <state x="20" y="75" key="SettingsEditor/0.0.1536.824" timestamp="1653352680379" />
    <state x="25" y="95" width="1802" height="898" key="SettingsEditor/0.0.1920.1040/0.-1080.1920.1040" timestamp="1652191511202" />
    <state width="632" height="126" key="ShowUsagesActions.dimensionServiceKey" timestamp="1653550670654">
      <screen x="0" y="0" width="1536" height="824" />
    </state>
    <state width="632" height="126" key="ShowUsagesActions.dimensionServiceKey/0.0.1536.824" timestamp="1653550670654" />
    <state x="768" y="383" width="800" height="650" key="WELCOME_SCREEN" timestamp="1653725880795">
      <screen x="0" y="0" width="1536" height="824" />
    </state>
    <state x="768" y="383" width="800" height="650" key="WELCOME_SCREEN/0.0.1536.824" timestamp="1653725880795" />
    <state x="960" y="455" width="800" height="650" key="WELCOME_SCREEN/0.0.1920.1040/0.-1080.1920.1040" timestamp="1652191165842" />
    <state x="204" y="142" width="1105" height="657" key="new project wizard" timestamp="1653491537203">
      <screen x="0" y="0" width="1536" height="824" />
    </state>
    <state x="204" y="142" width="1105" height="657" key="new project wizard/0.0.1536.824" timestamp="1653491537203" />
    <state x="306" y="191" width="800" height="617" key="new project wizard/0.0.1920.1040/0.-1080.1920.1040" timestamp="1652104260854" />
  </component>
</application>