<project version="4">
  <component name="BookmarksManager">
    <option name="groups">
      <GroupState>
        <option name="name" value="DesignPattern" />
      </GroupState>
    </option>
  </component>
  <component name="FileEditorManager">
    <splitter split-orientation="horizontal" split-proportion="0.5">
      <split-first>
        <leaf SIDE_TABS_SIZE_LIMIT_KEY="-1" />
      </split-first>
      <split-second>
        <leaf SIDE_TABS_SIZE_LIMIT_KEY="-1" />
      </split-second>
    </splitter>
  </component>
  <component name="FileTypeUsageLocalSummary">
    <fileType name="JAVA">
      <summary usageCount="31" lastUsed="1652190722028" />
    </fileType>
    <fileType name="PLAIN_TEXT">
      <summary usageCount="1" lastUsed="1652104372716" />
    </fileType>
  </component>
  <component name="GitSEFilterConfiguration">{
}</component>
  <component name="IdeDocumentHistory">
    <changedPaths>
      <option value="$APPLICATION_CONFIG_DIR$/idea64.exe.vmoptions" />
      <option value="$PROJECT_DIR$/src/main/java/creation/factorymethod/BedMaker.java" />
      <option value="$PROJECT_DIR$/src/main/java/creation/factorymethod/IkeaFactory.java" />
      <option value="$PROJECT_DIR$/src/main/java/creation/builder/Computer.java" />
    </changedPaths>
  </component>
  <component name="IgnoredFileRootStore">
    <option name="generatedRoots">
      <set>
        <option value="$PROJECT_DIR$/.idea" />
      </set>
    </option>
  </component>
  <component name="ProjectView">
    <navigator currentView="ProjectPane" proportions="" version="1" />
    <panes>
      <pane id="ProjectPane">
        <subPane>
          <expand>
            <path>
              <item name="DesignPattern" type="b2602c69:ProjectViewProjectNode" />
              <item name="DesignPattern" type="8a07ba80:GradleTreeStructureProvider$GradleModuleDirectoryNode" />
            </path>
            <path>
              <item name="DesignPattern" type="b2602c69:ProjectViewProjectNode" />
              <item name="DesignPattern" type="8a07ba80:GradleTreeStructureProvider$GradleModuleDirectoryNode" />
              <item name="src" type="462c0819:PsiDirectoryNode" />
            </path>
            <path>
              <item name="DesignPattern" type="b2602c69:ProjectViewProjectNode" />
              <item name="DesignPattern" type="8a07ba80:GradleTreeStructureProvider$GradleModuleDirectoryNode" />
              <item name="src" type="462c0819:PsiDirectoryNode" />
              <item name="main" type="8a07ba80:GradleTreeStructureProvider$GradleModuleDirectoryNode" />
            </path>
            <path>
              <item name="DesignPattern" type="b2602c69:ProjectViewProjectNode" />
              <item name="DesignPattern" type="8a07ba80:GradleTreeStructureProvider$GradleModuleDirectoryNode" />
              <item name="src" type="462c0819:PsiDirectoryNode" />
              <item name="main" type="8a07ba80:GradleTreeStructureProvider$GradleModuleDirectoryNode" />
              <item name="java" type="462c0819:PsiDirectoryNode" />
            </path>
            <path>
              <item name="DesignPattern" type="b2602c69:ProjectViewProjectNode" />
              <item name="DesignPattern" type="8a07ba80:GradleTreeStructureProvider$GradleModuleDirectoryNode" />
              <item name="src" type="462c0819:PsiDirectoryNode" />
              <item name="main" type="8a07ba80:GradleTreeStructureProvider$GradleModuleDirectoryNode" />
              <item name="java" type="462c0819:PsiDirectoryNode" />
              <item name="creation" type="462c0819:PsiDirectoryNode" />
            </path>
            <path>
              <item name="DesignPattern" type="b2602c69:ProjectViewProjectNode" />
              <item name="DesignPattern" type="8a07ba80:GradleTreeStructureProvider$GradleModuleDirectoryNode" />
              <item name="src" type="462c0819:PsiDirectoryNode" />
              <item name="main" type="8a07ba80:GradleTreeStructureProvider$GradleModuleDirectoryNode" />
              <item name="java" type="462c0819:PsiDirectoryNode" />
              <item name="creation" type="462c0819:PsiDirectoryNode" />
              <item name="builder" type="462c0819:PsiDirectoryNode" />
            </path>
            <path>
              <item name="DesignPattern" type="b2602c69:ProjectViewProjectNode" />
              <item name="DesignPattern" type="8a07ba80:GradleTreeStructureProvider$GradleModuleDirectoryNode" />
              <item name="src" type="462c0819:PsiDirectoryNode" />
              <item name="main" type="8a07ba80:GradleTreeStructureProvider$GradleModuleDirectoryNode" />
              <item name="java" type="462c0819:PsiDirectoryNode" />
              <item name="creation" type="462c0819:PsiDirectoryNode" />
              <item name="factorymethod" type="462c0819:PsiDirectoryNode" />
            </path>
            <path>
              <item name="DesignPattern" type="b2602c69:ProjectViewProjectNode" />
              <item name="DesignPattern" type="8a07ba80:GradleTreeStructureProvider$GradleModuleDirectoryNode" />
              <item name="src" type="462c0819:PsiDirectoryNode" />
              <item name="main" type="8a07ba80:GradleTreeStructureProvider$GradleModuleDirectoryNode" />
              <item name="java" type="462c0819:PsiDirectoryNode" />
              <item name="creation" type="462c0819:PsiDirectoryNode" />
              <item name="main" type="462c0819:PsiDirectoryNode" />
            </path>
            <path>
              <item name="DesignPattern" type="b2602c69:ProjectViewProjectNode" />
              <item name="DesignPattern" type="8a07ba80:GradleTreeStructureProvider$GradleModuleDirectoryNode" />
              <item name="src" type="462c0819:PsiDirectoryNode" />
              <item name="test" type="8a07ba80:GradleTreeStructureProvider$GradleModuleDirectoryNode" />
            </path>
          </expand>
          <select />
        </subPane>
      </pane>
      <pane id="PackagesPane" />
      <pane id="Scope" />
    </panes>
  </component>
  <component name="RunConfigurationStartHistory">
    <history>
      <element setting="Application.BuilderMain" executorId="Run" />
      <element setting="Gradle.DesignPattern [build]" executorId="Run" />
    </history>
  </component>
  <component name="TimeTrackingManager">
    <option name="totallyTimeSpent" value="4271000" />
  </component>
  <component name="ToolWindowManager">
    <layout>
      <window_info id="Bookmarks" order="0" side_tool="true" />
      <window_info content_ui="combo" id="Project" order="1" visible="true" weight="0.1803748" />
      <window_info id="Learn" order="2" />
      <window_info id="Structure" order="3" side_tool="true" />
      <window_info anchor="bottom" id="Version Control" order="0" />
      <window_info anchor="bottom" id="Find" order="1" />
      <window_info anchor="bottom" id="Run" order="2" show_stripe_button="false" weight="0.33028847" />
      <window_info anchor="bottom" id="Debug" order="3" weight="0.4" />
      <window_info anchor="bottom" id="TODO" order="4" />
      <window_info anchor="bottom" id="Inspection" order="5" weight="0.4" />
      <window_info anchor="bottom" id="Problems View" order="6" />
      <window_info anchor="bottom" id="Terminal" order="7" />
      <window_info anchor="bottom" id="Endpoints" order="8" show_stripe_button="false" />
      <window_info anchor="bottom" id="Services" order="9" />
      <window_info anchor="bottom" id="Profiler" order="10" />
      <window_info anchor="bottom" id="Build" order="11" />
      <window_info anchor="bottom" id="Dependencies" order="12" />
      <window_info anchor="right" id="Database" order="0" />
      <window_info anchor="right" id="Gradle" order="1" weight="0.32977617" />
      <window_info anchor="right" id="Notifications" order="2" weight="0.25" />
    </layout>
    <recentWindows>
      <value>Project</value>
      <value>Run</value>
      <value>Gradle</value>
    </recentWindows>
  </component>
  <component name="WindowStateProjectService">
    <state x="956" y="275" key="FileChooserDialogImpl" timestamp="1652107200374">
      <screen x="0" y="0" width="1920" height="1040" />
    </state>
    <state x="956" y="275" key="FileChooserDialogImpl/0.0.1920.1040/0.-1080.1920.1040@0.0.1920.1040" timestamp="1652107200374" />
    <state width="1877" height="315" key="GridCell.Tab.0.bottom" timestamp="1652106406097">
      <screen x="0" y="0" width="1920" height="1040" />
    </state>
    <state width="1877" height="315" key="GridCell.Tab.0.bottom/0.0.1920.1040/0.-1080.1920.1040@0.0.1920.1040" timestamp="1652106406097" />
    <state width="1877" height="315" key="GridCell.Tab.0.center" timestamp="1652106406097">
      <screen x="0" y="0" width="1920" height="1040" />
    </state>
    <state width="1877" height="315" key="GridCell.Tab.0.center/0.0.1920.1040/0.-1080.1920.1040@0.0.1920.1040" timestamp="1652106406097" />
    <state width="1877" height="315" key="GridCell.Tab.0.left" timestamp="1652106406096">
      <screen x="0" y="0" width="1920" height="1040" />
    </state>
    <state width="1877" height="315" key="GridCell.Tab.0.left/0.0.1920.1040/0.-1080.1920.1040@0.0.1920.1040" timestamp="1652106406096" />
    <state width="1877" height="315" key="GridCell.Tab.0.right" timestamp="1652106406097">
      <screen x="0" y="0" width="1920" height="1040" />
    </state>
    <state width="1877" height="315" key="GridCell.Tab.0.right/0.0.1920.1040/0.-1080.1920.1040@0.0.1920.1040" timestamp="1652106406097" />
    <state x="267" y="153" width="1431" height="720" key="SettingsEditor" timestamp="1652108801747">
      <screen x="0" y="0" width="1920" height="1040" />
    </state>
    <state x="267" y="153" width="1431" height="720" key="SettingsEditor/0.0.1920.1040/0.-1080.1920.1040@0.0.1920.1040" timestamp="1652108801747" />
    <state x="826" y="375" key="cloudConfig.SelfSettingsDialog" timestamp="1652107671216">
      <screen x="0" y="0" width="1920" height="1040" />
    </state>
    <state x="826" y="375" key="cloudConfig.SelfSettingsDialog/0.0.1920.1040/0.-1080.1920.1040@0.0.1920.1040" timestamp="1652107671216" />
    <state x="623" y="225" width="672" height="685" key="search.everywhere.popup" timestamp="1652108248130">
      <screen x="0" y="0" width="1920" height="1040" />
    </state>
    <state x="623" y="225" width="672" height="685" key="search.everywhere.popup/0.0.1920.1040/0.-1080.1920.1040@0.0.1920.1040" timestamp="1652108248130" />
  </component>
  <component name="editorHistoryManager">
    <entry file="file://$APPLICATION_CONFIG_DIR$/idea64.exe.vmoptions">
      <provider selected="true" editor-type-id="text-editor">
        <state relative-caret-position="44">
          <caret line="2" column="24" selection-start-line="2" selection-start-column="24" selection-end-line="2" selection-end-column="24" />
        </state>
      </provider>
    </entry>
    <entry file="file://$PROJECT_DIR$/src/main/java/creation/main/BuilderMain.java">
      <provider selected="true" editor-type-id="text-editor">
        <state relative-caret-position="277">
          <caret line="24" column="53" lean-forward="true" selection-start-line="24" selection-start-column="53" selection-end-line="24" selection-end-column="53" />
        </state>
      </provider>
    </entry>
    <entry file="file://$PROJECT_DIR$/src/main/java/creation/factorymethod/IkeaFactory.java">
      <provider selected="true" editor-type-id="text-editor">
        <state relative-caret-position="286">
          <caret line="13" column="26" lean-forward="true" selection-start-line="13" selection-start-column="26" selection-end-line="13" selection-end-column="26" />
        </state>
      </provider>
    </entry>
    <entry file="file://$PROJECT_DIR$/src/main/java/creation/factorymethod/Furniture.java">
      <provider selected="true" editor-type-id="text-editor">
        <state relative-caret-position="308">
          <caret line="13" column="17" selection-start-line="13" selection-start-column="17" selection-end-line="13" selection-end-column="17" />
        </state>
      </provider>
    </entry>
    <entry file="file://$PROJECT_DIR$/src/main/java/creation/factorymethod/DeskMaker.java">
      <provider selected="true" editor-type-id="text-editor">
        <state relative-caret-position="528">
          <caret line="21" column="5" selection-start-line="21" selection-start-column="5" selection-end-line="21" selection-end-column="5" />
          <folding>
            <element signature="e#479#480#0" expanded="true" />
            <element signature="e#534#535#0" expanded="true" />
            <element signature="e#574#575#0" expanded="true" />
            <element signature="e#621#622#0" expanded="true" />
            <element signature="e#666#667#0" expanded="true" />
            <element signature="e#721#722#0" expanded="true" />
          </folding>
        </state>
      </provider>
    </entry>
    <entry file="file://$PROJECT_DIR$/src/main/java/creation/factorymethod/ChairMaker.java">
      <provider selected="true" editor-type-id="text-editor">
        <state relative-caret-position="594">
          <caret line="23" column="13" selection-start-line="23" selection-start-column="13" selection-end-line="23" selection-end-column="13" />
          <folding>
            <element signature="e#483#484#0" expanded="true" />
            <element signature="e#539#540#0" expanded="true" />
            <element signature="e#579#580#0" expanded="true" />
            <element signature="e#627#628#0" expanded="true" />
            <element signature="e#672#673#0" expanded="true" />
            <element signature="e#728#729#0" expanded="true" />
          </folding>
        </state>
      </provider>
    </entry>
    <entry file="file://$PROJECT_DIR$/src/main/java/creation/factorymethod/BedMaker.java">
      <provider selected="true" editor-type-id="text-editor">
        <state relative-caret-position="374">
          <caret line="15" column="42" selection-start-line="15" selection-start-column="42" selection-end-line="15" selection-end-column="42" />
          <folding>
            <element signature="e#456#457#0" expanded="true" />
            <element signature="e#505#506#0" expanded="true" />
            <element signature="e#545#546#0" expanded="true" />
            <element signature="e#591#592#0" expanded="true" />
            <element signature="e#636#637#0" expanded="true" />
            <element signature="e#690#691#0" expanded="true" />
          </folding>
        </state>
      </provider>
    </entry>
    <entry file="file://$PROJECT_DIR$/src/main/java/creation/builder/Builder.java">
      <provider selected="true" editor-type-id="text-editor">
        <state relative-caret-position="374">
          <caret line="17" selection-start-line="17" selection-end-line="17" />
        </state>
      </provider>
    </entry>
    <entry file="file://$PROJECT_DIR$/src/main/java/creation/builder/Cpu.java">
      <provider selected="true" editor-type-id="text-editor">
        <state relative-caret-position="176">
          <caret line="8" column="55" selection-start-line="8" selection-start-column="55" selection-end-line="8" selection-end-column="55" />
          <folding>
            <element signature="e#437#438#0" expanded="true" />
            <element signature="e#467#468#0" expanded="true" />
            <element signature="e#491#492#0" expanded="true" />
            <element signature="e#517#518#0" expanded="true" />
          </folding>
        </state>
      </provider>
    </entry>
    <entry file="file://$PROJECT_DIR$/src/main/java/creation/builder/Computer.java">
      <provider selected="true" editor-type-id="text-editor">
        <state relative-caret-position="119">
          <caret line="21" selection-start-line="21" selection-end-line="21" />
          <folding>
            <element signature="e#1403#1404#0" expanded="true" />
            <element signature="e#1434#1435#0" expanded="true" />
          </folding>
        </state>
      </provider>
    </entry>
    <entry file="file://$PROJECT_DIR$/src/main/java/creation/builder/Ram.java">
      <provider selected="true" editor-type-id="text-editor">
        <state relative-caret-position="198">
          <caret line="16" column="28" selection-start-line="16" selection-start-column="28" selection-end-line="16" selection-end-column="28" />
          <folding>
            <element signature="e#467#468#0" expanded="true" />
            <element signature="e#498#499#0" expanded="true" />
            <element signature="e#524#525#0" expanded="true" />
          </folding>
        </state>
      </provider>
    </entry>
    <entry file="file://$PROJECT_DIR$/src/main/java/creation/builder/Graphics.java">
      <provider selected="true" editor-type-id="text-editor">
        <state relative-caret-position="22">
          <caret line="11" column="39" selection-start-line="11" selection-start-column="39" selection-end-line="11" selection-end-column="39" />
          <folding>
            <element signature="e#435#436#0" expanded="true" />
            <element signature="e#473#474#0" expanded="true" />
            <element signature="e#497#498#0" expanded="true" />
            <element signature="e#527#528#0" expanded="true" />
          </folding>
        </state>
      </provider>
    </entry>
  </component>
</project>