<project version="4">
  <component name="BookmarksManager">
    <option name="groups">
      <GroupState>
        <option name="name" value="HelloSpringBootJsp" />
      </GroupState>
    </option>
  </component>
  <component name="IgnoredFileRootStore">
    <option name="generatedRoots">
      <set>
        <option value="$PROJECT_DIR$/.idea" />
      </set>
    </option>
  </component>
  <component name="ProjectView">
    <navigator currentView="ProjectPane" proportions="" version="1" />
    <panes>
      <pane id="ProjectPane" />
      <pane id="PackagesPane" />
      <pane id="Scope" />
    </panes>
  </component>
  <component name="ServiceViewManager">
    <option name="viewStates">
      <list>
        <serviceView>
          <treeState>
            <expand />
            <select />
          </treeState>
        </serviceView>
      </list>
    </option>
  </component>
  <component name="TimeTrackingManager">
    <option name="totallyTimeSpent" value="363000" />
  </component>
  <component name="ToolWindowManager">
    <layout>
      <window_info id="Bookmarks" order="0" side_tool="true" />
      <window_info content_ui="combo" id="Project" order="1" visible="true" weight="0.25013012" />
      <window_info id="Web" order="2" show_stripe_button="false" side_tool="true" />
      <window_info id="Learn" order="3" />
      <window_info id="Structure" order="4" side_tool="true" />
      <window_info anchor="bottom" id="Version Control" order="0" />
      <window_info anchor="bottom" id="Find" order="1" />
      <window_info anchor="bottom" id="Run" order="2" />
      <window_info anchor="bottom" id="Debug" order="3" weight="0.4" />
      <window_info anchor="bottom" id="TODO" order="4" />
      <window_info anchor="bottom" id="Java Enterprise" order="5" show_stripe_button="false" />
      <window_info anchor="bottom" id="Inspection" order="6" weight="0.4" />
      <window_info anchor="bottom" id="Problems View" order="7" />
      <window_info anchor="bottom" id="Spring" order="8" />
      <window_info anchor="bottom" id="Terminal" order="9" />
      <window_info anchor="bottom" id="Endpoints" order="10" />
      <window_info anchor="bottom" id="Services" order="11" weight="0.33028847" />
      <window_info anchor="bottom" id="Profiler" order="12" />
      <window_info anchor="bottom" id="Build" order="13" visible="true" weight="0.33028847" />
      <window_info anchor="bottom" id="종속성" order="14" />
      <window_info anchor="bottom" id="Dependencies" order="14" />
      <window_info anchor="right" id="Database" order="0" />
      <window_info anchor="right" id="Gradle" order="1" />
      <window_info anchor="right" id="Notifications" order="2" weight="0.25" />
    </layout>
    <recentWindows>
      <value>Project</value>
      <value>Build</value>
      <value>Services</value>
    </recentWindows>
  </component>
  <component name="WindowStateProjectService">
    <state x="461" y="160" key="SettingsEditor" timestamp="1652191159969">
      <screen x="0" y="0" width="1920" height="1040" />
    </state>
    <state x="461" y="160" key="SettingsEditor/0.0.1920.1040/0.-1080.1920.1040@0.0.1920.1040" timestamp="1652191159969" />
  </component>
</project>