<project version="4">
  <component name="BookmarksManager">
    <option name="groups">
      <GroupState>
        <option name="name" value="sp5-chap03" />
      </GroupState>
    </option>
  </component>
  <component name="FileEditorManager">
    <leaf SIDE_TABS_SIZE_LIMIT_KEY="-1" />
  </component>
  <component name="FileTypeUsageLocalSummary">
    <fileType name="Gradle">
      <summary usageCount="2" lastUsed="1653005064686" />
    </fileType>
    <fileType name="JAVA">
      <summary usageCount="19" lastUsed="1653005065356" />
    </fileType>
  </component>
  <component name="GitSEFilterConfiguration">{
}</component>
  <component name="IdeDocumentHistory">
    <changedPaths>
      <option value="$PROJECT_DIR$/src/main/java/spring/Member.java" />
      <option value="$PROJECT_DIR$/src/main/java/main/MainForAssemblerSpring.java" />
      <option value="$PROJECT_DIR$/src/main/java/assembler/Assembler.java" />
      <option value="$PROJECT_DIR$/src/main/java/spring/MemberRegisterService.java" />
      <option value="$PROJECT_DIR$/src/main/java/main/MainForAssembler.java" />
      <option value="$PROJECT_DIR$/src/main/java/assembler/Assembler2.java" />
    </changedPaths>
  </component>
  <component name="IgnoredFileRootStore">
    <option name="generatedRoots">
      <set>
        <option value="$PROJECT_DIR$/.idea" />
      </set>
    </option>
  </component>
  <component name="ProjectView">
    <navigator currentView="ProjectPane" proportions="" version="1" />
    <panes>
      <pane id="ProjectPane">
        <subPane>
          <expand>
            <path>
              <item name="sp5-chap03" type="b2602c69:ProjectViewProjectNode" />
              <item name="sp5-chap03" type="8a07ba80:GradleTreeStructureProvider$GradleModuleDirectoryNode" />
            </path>
            <path>
              <item name="sp5-chap03" type="b2602c69:ProjectViewProjectNode" />
              <item name="sp5-chap03" type="8a07ba80:GradleTreeStructureProvider$GradleModuleDirectoryNode" />
              <item name="src" type="462c0819:PsiDirectoryNode" />
            </path>
            <path>
              <item name="sp5-chap03" type="b2602c69:ProjectViewProjectNode" />
              <item name="sp5-chap03" type="8a07ba80:GradleTreeStructureProvider$GradleModuleDirectoryNode" />
              <item name="src" type="462c0819:PsiDirectoryNode" />
              <item name="main" type="8a07ba80:GradleTreeStructureProvider$GradleModuleDirectoryNode" />
            </path>
            <path>
              <item name="sp5-chap03" type="b2602c69:ProjectViewProjectNode" />
              <item name="sp5-chap03" type="8a07ba80:GradleTreeStructureProvider$GradleModuleDirectoryNode" />
              <item name="src" type="462c0819:PsiDirectoryNode" />
              <item name="main" type="8a07ba80:GradleTreeStructureProvider$GradleModuleDirectoryNode" />
              <item name="java" type="462c0819:PsiDirectoryNode" />
            </path>
          </expand>
          <select />
        </subPane>
      </pane>
      <pane id="PackagesPane" />
      <pane id="Scope" />
    </panes>
  </component>
  <component name="RunConfigurationStartHistory">
    <history>
      <element setting="애플리케이션.MainForAssembler" executorId="Run" />
      <element setting="애플리케이션.main.MainAspect" executorId="Run" />
    </history>
  </component>
  <component name="ServiceViewManager">
    <option name="viewStates">
      <list>
        <serviceView>
          <treeState>
            <expand />
            <select />
          </treeState>
        </serviceView>
      </list>
    </option>
  </component>
  <component name="TimeTrackingManager">
    <option name="totallyTimeSpent" value="8819000" />
  </component>
  <component name="ToolWindowManager">
    <layout>
      <window_info id="Bookmarks" order="0" side_tool="true" />
      <window_info content_ui="combo" id="Project" order="1" visible="true" weight="0.25016266" />
      <window_info id="Web" order="2" show_stripe_button="false" side_tool="true" />
      <window_info id="Learn" order="3" />
      <window_info id="Structure" order="4" side_tool="true" />
      <window_info anchor="bottom" id="Version Control" order="0" />
      <window_info anchor="bottom" id="Find" order="1" />
      <window_info anchor="bottom" id="Run" order="2" show_stripe_button="false" weight="0.3294903" />
      <window_info anchor="bottom" id="Debug" order="3" weight="0.4" />
      <window_info anchor="bottom" id="TODO" order="4" />
      <window_info anchor="bottom" id="종속성" order="5" />
      <window_info anchor="bottom" id="Java Enterprise" order="6" show_stripe_button="false" />
      <window_info anchor="bottom" id="Inspection" order="7" weight="0.4" />
      <window_info anchor="bottom" id="Problems View" order="8" />
      <window_info anchor="bottom" id="Spring" order="9" />
      <window_info anchor="bottom" id="Terminal" order="10" />
      <window_info anchor="bottom" id="Endpoints" order="11" />
      <window_info anchor="bottom" id="Services" order="12" weight="0.3294903" />
      <window_info anchor="bottom" id="Profiler" order="13" />
      <window_info anchor="bottom" id="Build" order="14" weight="0.3294903" />
      <window_info anchor="right" id="Bean Validation" order="0" show_stripe_button="false" />
      <window_info anchor="right" id="Database" order="1" />
      <window_info anchor="right" id="Gradle" order="2" />
      <window_info anchor="right" id="Notifications" order="3" weight="0.25" />
    </layout>
    <recentWindows>
      <value>Project</value>
      <value>Run</value>
      <value>Build</value>
      <value>Services</value>
    </recentWindows>
  </component>
  <component name="WindowStateProjectService">
    <state x="574" y="128" key="#com.intellij.ide.util.MemberChooser" timestamp="1652939408143">
      <screen x="0" y="0" width="1536" height="824" />
    </state>
    <state x="574" y="128" key="#com.intellij.ide.util.MemberChooser/0.0.1536.824@0.0.1536.824" timestamp="1652939408143" />
    <state x="549" y="167" key="FileChooserDialogImpl" timestamp="1653401524367">
      <screen x="0" y="0" width="1536" height="824" />
    </state>
    <state x="549" y="167" key="FileChooserDialogImpl/0.0.1536.824@0.0.1536.824" timestamp="1653401524367" />
    <state width="1493" height="243" key="GridCell.Tab.0.bottom" timestamp="1652964841052">
      <screen x="0" y="0" width="1536" height="824" />
    </state>
    <state width="1493" height="243" key="GridCell.Tab.0.bottom/0.0.1536.824@0.0.1536.824" timestamp="1652964841052" />
    <state width="1493" height="243" key="GridCell.Tab.0.center" timestamp="1652964841052">
      <screen x="0" y="0" width="1536" height="824" />
    </state>
    <state width="1493" height="243" key="GridCell.Tab.0.center/0.0.1536.824@0.0.1536.824" timestamp="1652964841052" />
    <state width="1493" height="243" key="GridCell.Tab.0.left" timestamp="1652964841052">
      <screen x="0" y="0" width="1536" height="824" />
    </state>
    <state width="1493" height="243" key="GridCell.Tab.0.left/0.0.1536.824@0.0.1536.824" timestamp="1652964841052" />
    <state width="1493" height="243" key="GridCell.Tab.0.right" timestamp="1652964841052">
      <screen x="0" y="0" width="1536" height="824" />
    </state>
    <state width="1493" height="243" key="GridCell.Tab.0.right/0.0.1536.824@0.0.1536.824" timestamp="1652964841052" />
    <state width="498" height="466" key="SwitcherDM" timestamp="1652938447604">
      <screen x="0" y="0" width="1536" height="824" />
    </state>
    <state width="498" height="466" key="SwitcherDM/0.0.1536.824@0.0.1536.824" timestamp="1652938447604" />
    <state x="93" y="93" width="1350" height="638" key="dock-window-1" timestamp="1652936741397">
      <screen x="0" y="0" width="1536" height="824" />
    </state>
    <state x="93" y="93" width="1350" height="638" key="dock-window-1/0.0.1536.824@0.0.1536.824" timestamp="1652936741397" />
    <state x="431" y="138" width="672" height="685" key="search.everywhere.popup" timestamp="1652938564211">
      <screen x="0" y="0" width="1536" height="824" />
    </state>
    <state x="431" y="138" width="672" height="685" key="search.everywhere.popup/0.0.1536.824@0.0.1536.824" timestamp="1652938564211" />
  </component>
  <component name="editorHistoryManager">
    <entry file="file://$PROJECT_DIR$/src/main/java/spring/ChangePasswordService.java">
      <provider selected="true" editor-type-id="text-editor">
        <state relative-caret-position="361">
          <caret line="34" column="49" lean-forward="true" selection-start-line="34" selection-start-column="49" selection-end-line="34" selection-end-column="49" />
          <folding>
            <element signature="e#1124#1125#0" expanded="true" />
            <element signature="e#1166#1167#0" expanded="true" />
          </folding>
        </state>
      </provider>
    </entry>
    <entry file="file://$PROJECT_DIR$/src/main/java/spring/Member.java">
      <provider selected="true" editor-type-id="text-editor">
        <state relative-caret-position="506">
          <caret line="23" column="14" selection-start-line="23" selection-start-column="14" selection-end-line="23" selection-end-column="14" />
        </state>
      </provider>
    </entry>
    <entry file="file://$PROJECT_DIR$/src/main/java/main/MainForAssemblerSpring.java">
      <provider selected="true" editor-type-id="text-editor">
        <state relative-caret-position="462">
          <caret line="27" selection-start-line="27" selection-end-line="27" />
        </state>
      </provider>
    </entry>
    <entry file="file://$PROJECT_DIR$/src/main/java/main/MainForAssembler.java">
      <provider selected="true" editor-type-id="text-editor">
        <state relative-caret-position="550">
          <caret line="27" column="22" selection-start-line="27" selection-start-column="22" selection-end-line="27" selection-end-column="22" />
          <folding>
            <element signature="imports" expanded="true" />
          </folding>
        </state>
      </provider>
    </entry>
    <entry file="file://$PROJECT_DIR$/build.gradle">
      <provider selected="true" editor-type-id="text-editor">
        <state relative-caret-position="66">
          <caret line="3" column="5" selection-start-line="3" selection-start-column="5" selection-end-line="3" selection-end-column="5" />
        </state>
      </provider>
    </entry>
    <entry file="file://$PROJECT_DIR$/src/main/java/config/AppCtx.java">
      <provider selected="true" editor-type-id="text-editor">
        <state relative-caret-position="440">
          <caret line="29" column="41" selection-start-line="29" selection-start-column="41" selection-end-line="29" selection-end-column="41" />
        </state>
      </provider>
    </entry>
    <entry file="file://$PROJECT_DIR$/src/main/java/assembler/Assembler.java">
      <provider selected="true" editor-type-id="text-editor">
        <state relative-caret-position="396">
          <caret line="20" column="24" selection-start-line="20" selection-start-column="24" selection-end-line="20" selection-end-column="24" />
        </state>
      </provider>
    </entry>
    <entry file="file://$PROJECT_DIR$/src/main/java/spring/MemberRegisterService.java">
      <provider selected="true" editor-type-id="text-editor">
        <state relative-caret-position="352">
          <caret line="21" selection-start-line="21" selection-end-line="21" />
          <folding>
            <element signature="e#577#578#0" expanded="true" />
            <element signature="e#619#620#0" expanded="true" />
          </folding>
        </state>
      </provider>
    </entry>
    <entry file="file://$PROJECT_DIR$/src/main/java/assembler/Assembler2.java">
      <provider selected="true" editor-type-id="text-editor">
        <state relative-caret-position="315">
          <caret line="34" column="13" lean-forward="true" selection-start-line="34" selection-start-column="13" selection-end-line="34" selection-end-column="13" />
          <folding>
            <element signature="imports" expanded="true" />
          </folding>
        </state>
      </provider>
    </entry>
  </component>
</project>