<project version="4">
  <component name="BookmarksManager">
    <option name="groups">
      <GroupState>
        <option name="name" value="myService" />
      </GroupState>
    </option>
  </component>
  <component name="FileEditorManager">
    <leaf SIDE_TABS_SIZE_LIMIT_KEY="-1" />
  </component>
  <component name="FileTypeUsageLocalSummary">
    <fileType name="Gradle">
      <summary usageCount="3" lastUsed="1652880915274" />
    </fileType>
    <fileType name="HTTP Request">
      <summary usageCount="4" lastUsed="1652764395558" />
    </fileType>
    <fileType name="JAVA">
      <summary usageCount="113" lastUsed="1652880893828" />
    </fileType>
    <fileType name="Properties">
      <summary usageCount="6" lastUsed="1652765124515" />
    </fileType>
    <fileType name="Shell Script">
      <summary usageCount="1" lastUsed="1652754781209" />
    </fileType>
    <fileType name="XML">
      <summary usageCount="21" lastUsed="1652766038740" />
    </fileType>
  </component>
  <component name="GitSEFilterConfiguration">{
}</component>
  <component name="IdeDocumentHistory">
    <changedPaths>
      <option value="$PROJECT_DIR$/src/main/java/com/example/myservice/dao/DeptDao.java" />
      <option value="$PROJECT_DIR$/src/main/java/com/example/myservice/service/DeptService.java" />
      <option value="$PROJECT_DIR$/src/main/resources/mappers/dept.xml" />
      <option value="$PROJECT_DIR$/src/main/java/com/example/myservice/service/DeptServiceImpl.java" />
      <option value="$PROJECT_DIR$/build.gradle" />
      <option value="$PROJECT_DIR$/src/main/java/com/example/myservice/service/DeptService2.java" />
      <option value="$PROJECT_DIR$/src/main/java/com/example/myservice/model/Dept2.java" />
      <option value="$PROJECT_DIR$/src/main/java/com/example/myservice/dao/DeptDao2.java" />
      <option value="$PROJECT_DIR$/src/main/resources/mappers/dept2.xml" />
      <option value="$PROJECT_DIR$/src/main/java/com/example/myservice/service/DeptServiceImpl2.java" />
      <option value="$PROJECT_DIR$/src/main/java/com/example/myservice/service/Tb_MemberService.java" />
      <option value="$PROJECT_DIR$/src/main/java/com/example/myservice/dao/Tb_MemberDao.java" />
      <option value="$PROJECT_DIR$/src/main/resources/application.properties" />
      <option value="$PROJECT_DIR$/src/main/java/com/example/myservice/controller/DeptController.java" />
      <option value="$PROJECT_DIR$/src/main/java/com/example/myservice/service/Tb_MemberServiceImpl.java" />
      <option value="$PROJECT_DIR$/src/main/java/com/example/myservice/model/Tb_Member.java" />
      <option value="$PROJECT_DIR$/src/main/resources/mappers/member.xml" />
      <option value="$APPLICATION_CONFIG_DIR$/scratches/generated-requests.http" />
      <option value="$PROJECT_DIR$/src/main/java/com/example/myservice/controller/BoardController.java" />
      <option value="$PROJECT_DIR$/src/main/java/com/example/myservice/controller/MemberController.java" />
      <option value="$PROJECT_DIR$/src/main/java/com/example/myservice/dao/Tb_BoardDao.java" />
      <option value="$PROJECT_DIR$/src/main/java/com/example/myservice/service/Tb_BoardService.java" />
      <option value="$PROJECT_DIR$/src/main/java/com/example/myservice/service/Tb_BoardServiceImpl.java" />
    </changedPaths>
  </component>
  <component name="IgnoredFileRootStore">
    <option name="generatedRoots">
      <set>
        <option value="$PROJECT_DIR$/.idea" />
      </set>
    </option>
  </component>
  <component name="ProjectView">
    <navigator currentView="ProjectPane" proportions="" version="1" />
    <panes>
      <pane id="PackagesPane" />
      <pane id="ProjectPane">
        <subPane>
          <expand>
            <path>
              <item name="myService" type="b2602c69:ProjectViewProjectNode" />
              <item name="myService" type="8a07ba80:GradleTreeStructureProvider$GradleModuleDirectoryNode" />
            </path>
            <path>
              <item name="myService" type="b2602c69:ProjectViewProjectNode" />
              <item name="myService" type="8a07ba80:GradleTreeStructureProvider$GradleModuleDirectoryNode" />
              <item name="src" type="462c0819:PsiDirectoryNode" />
            </path>
            <path>
              <item name="myService" type="b2602c69:ProjectViewProjectNode" />
              <item name="myService" type="8a07ba80:GradleTreeStructureProvider$GradleModuleDirectoryNode" />
              <item name="src" type="462c0819:PsiDirectoryNode" />
              <item name="main" type="8a07ba80:GradleTreeStructureProvider$GradleModuleDirectoryNode" />
            </path>
            <path>
              <item name="myService" type="b2602c69:ProjectViewProjectNode" />
              <item name="myService" type="8a07ba80:GradleTreeStructureProvider$GradleModuleDirectoryNode" />
              <item name="src" type="462c0819:PsiDirectoryNode" />
              <item name="main" type="8a07ba80:GradleTreeStructureProvider$GradleModuleDirectoryNode" />
              <item name="java" type="462c0819:PsiDirectoryNode" />
            </path>
            <path>
              <item name="myService" type="b2602c69:ProjectViewProjectNode" />
              <item name="myService" type="8a07ba80:GradleTreeStructureProvider$GradleModuleDirectoryNode" />
              <item name="src" type="462c0819:PsiDirectoryNode" />
              <item name="main" type="8a07ba80:GradleTreeStructureProvider$GradleModuleDirectoryNode" />
              <item name="java" type="462c0819:PsiDirectoryNode" />
              <item name="myservice" type="462c0819:PsiDirectoryNode" />
            </path>
            <path>
              <item name="myService" type="b2602c69:ProjectViewProjectNode" />
              <item name="myService" type="8a07ba80:GradleTreeStructureProvider$GradleModuleDirectoryNode" />
              <item name="src" type="462c0819:PsiDirectoryNode" />
              <item name="main" type="8a07ba80:GradleTreeStructureProvider$GradleModuleDirectoryNode" />
              <item name="java" type="462c0819:PsiDirectoryNode" />
              <item name="myservice" type="462c0819:PsiDirectoryNode" />
              <item name="controller" type="462c0819:PsiDirectoryNode" />
            </path>
            <path>
              <item name="myService" type="b2602c69:ProjectViewProjectNode" />
              <item name="myService" type="8a07ba80:GradleTreeStructureProvider$GradleModuleDirectoryNode" />
              <item name="src" type="462c0819:PsiDirectoryNode" />
              <item name="main" type="8a07ba80:GradleTreeStructureProvider$GradleModuleDirectoryNode" />
              <item name="java" type="462c0819:PsiDirectoryNode" />
              <item name="myservice" type="462c0819:PsiDirectoryNode" />
              <item name="dao" type="462c0819:PsiDirectoryNode" />
            </path>
            <path>
              <item name="myService" type="b2602c69:ProjectViewProjectNode" />
              <item name="myService" type="8a07ba80:GradleTreeStructureProvider$GradleModuleDirectoryNode" />
              <item name="src" type="462c0819:PsiDirectoryNode" />
              <item name="main" type="8a07ba80:GradleTreeStructureProvider$GradleModuleDirectoryNode" />
              <item name="java" type="462c0819:PsiDirectoryNode" />
              <item name="myservice" type="462c0819:PsiDirectoryNode" />
              <item name="model" type="462c0819:PsiDirectoryNode" />
            </path>
            <path>
              <item name="myService" type="b2602c69:ProjectViewProjectNode" />
              <item name="myService" type="8a07ba80:GradleTreeStructureProvider$GradleModuleDirectoryNode" />
              <item name="src" type="462c0819:PsiDirectoryNode" />
              <item name="main" type="8a07ba80:GradleTreeStructureProvider$GradleModuleDirectoryNode" />
              <item name="java" type="462c0819:PsiDirectoryNode" />
              <item name="myservice" type="462c0819:PsiDirectoryNode" />
              <item name="service" type="462c0819:PsiDirectoryNode" />
            </path>
            <path>
              <item name="myService" type="b2602c69:ProjectViewProjectNode" />
              <item name="myService" type="8a07ba80:GradleTreeStructureProvider$GradleModuleDirectoryNode" />
              <item name="src" type="462c0819:PsiDirectoryNode" />
              <item name="main" type="8a07ba80:GradleTreeStructureProvider$GradleModuleDirectoryNode" />
              <item name="resources" type="462c0819:PsiDirectoryNode" />
            </path>
            <path>
              <item name="myService" type="b2602c69:ProjectViewProjectNode" />
              <item name="myService" type="8a07ba80:GradleTreeStructureProvider$GradleModuleDirectoryNode" />
              <item name="src" type="462c0819:PsiDirectoryNode" />
              <item name="main" type="8a07ba80:GradleTreeStructureProvider$GradleModuleDirectoryNode" />
              <item name="resources" type="462c0819:PsiDirectoryNode" />
              <item name="mappers" type="462c0819:PsiDirectoryNode" />
            </path>
            <path>
              <item name="myService" type="b2602c69:ProjectViewProjectNode" />
              <item name="myService" type="8a07ba80:GradleTreeStructureProvider$GradleModuleDirectoryNode" />
              <item name="src" type="462c0819:PsiDirectoryNode" />
              <item name="test" type="8a07ba80:GradleTreeStructureProvider$GradleModuleDirectoryNode" />
            </path>
            <path>
              <item name="myService" type="b2602c69:ProjectViewProjectNode" />
              <item name="myService" type="8a07ba80:GradleTreeStructureProvider$GradleModuleDirectoryNode" />
              <item name="src" type="462c0819:PsiDirectoryNode" />
              <item name="test" type="8a07ba80:GradleTreeStructureProvider$GradleModuleDirectoryNode" />
              <item name="java" type="462c0819:PsiDirectoryNode" />
            </path>
            <path>
              <item name="myService" type="b2602c69:ProjectViewProjectNode" />
              <item name="myService" type="8a07ba80:GradleTreeStructureProvider$GradleModuleDirectoryNode" />
              <item name="src" type="462c0819:PsiDirectoryNode" />
              <item name="test" type="8a07ba80:GradleTreeStructureProvider$GradleModuleDirectoryNode" />
              <item name="java" type="462c0819:PsiDirectoryNode" />
              <item name="myservice" type="462c0819:PsiDirectoryNode" />
            </path>
          </expand>
          <select />
        </subPane>
      </pane>
      <pane id="Scope" />
    </panes>
  </component>
  <component name="RunConfigurationStartHistory">
    <history>
      <element setting="Spring Boot.MyServiceApplication" executorId="Run" />
      <element setting="HTTP 요청.generated-requests | #4" executorId="Run" />
      <element setting="HTTP 요청.generated-requests | #1" executorId="Run" />
      <element setting="HTTP 요청.generated-requests | #2" executorId="Run" />
      <element setting="HTTP 요청.generated-requests | #3" executorId="Run" />
    </history>
  </component>
  <component name="ServiceViewManager">
    <option name="viewStates">
      <list>
        <serviceView>
          <treeState>
            <expand>
              <path>
                <item name="services root" type="e789fda9:ObjectUtils$Sentinel" />
                <item name="HTTP 요청" type="7427dc5b:ServiceModel$ServiceGroupNode" />
              </path>
              <path>
                <item name="services root" type="e789fda9:ObjectUtils$Sentinel" />
                <item name="HTTP 요청" type="7427dc5b:ServiceModel$ServiceGroupNode" />
                <item name="완료" type="7427dc5b:ServiceModel$ServiceGroupNode" />
              </path>
            </expand>
            <select />
          </treeState>
        </serviceView>
      </list>
    </option>
  </component>
  <component name="TimeTrackingManager">
    <option name="totallyTimeSpent" value="21111000" />
  </component>
  <component name="ToolWindowManager">
    <layout>
      <window_info id="Bookmarks" order="0" side_tool="true" weight="0.25016266" />
      <window_info content_ui="combo" id="Project" order="1" visible="true" weight="0.25016266" />
      <window_info id="Web" order="2" show_stripe_button="false" side_tool="true" />
      <window_info id="Learn" order="3" />
      <window_info id="Structure" order="4" side_tool="true" />
      <window_info anchor="bottom" id="Version Control" order="0" />
      <window_info anchor="bottom" id="Find" order="1" weight="0.3294903" />
      <window_info anchor="bottom" id="Run" order="2" show_stripe_button="false" weight="0.3294903" />
      <window_info anchor="bottom" id="Debug" order="3" weight="0.4" />
      <window_info anchor="bottom" id="TODO" order="4" />
      <window_info anchor="bottom" id="종속성" order="5" />
      <window_info anchor="bottom" id="Java Enterprise" order="6" show_stripe_button="false" />
      <window_info anchor="bottom" id="Inspection" order="7" weight="0.4" />
      <window_info anchor="bottom" id="Problems View" order="8" weight="0.3294903" />
      <window_info anchor="bottom" id="Spring" order="9" />
      <window_info anchor="bottom" id="Terminal" order="10" />
      <window_info anchor="bottom" id="Endpoints" order="11" />
      <window_info anchor="bottom" id="Services" order="12" weight="0.3294903" />
      <window_info anchor="bottom" id="Profiler" order="13" />
      <window_info anchor="bottom" id="Build" order="14" visible="true" weight="0.3294903" />
      <window_info anchor="right" id="Database" order="0" />
      <window_info anchor="right" id="Gradle" order="1" />
      <window_info anchor="right" id="Notifications" order="2" weight="0.25" />
    </layout>
    <recentWindows>
      <value>Build</value>
      <value>Project</value>
      <value>Find</value>
      <value>Run</value>
      <value>Services</value>
      <value>Problems View</value>
      <value>Bookmarks</value>
    </recentWindows>
  </component>
  <component name="WindowStateProjectService">
    <state x="574" y="104" key="#com.intellij.ide.util.MemberChooser" timestamp="1652768984079">
      <screen x="0" y="0" width="1536" height="824" />
    </state>
    <state x="574" y="104" key="#com.intellij.ide.util.MemberChooser/0.0.1536.824@0.0.1536.824" timestamp="1652768984079" />
    <state x="499" y="159" key="#com.intellij.refactoring.safeDelete.UnsafeUsagesDialog" timestamp="1652753604871">
      <screen x="0" y="0" width="1536" height="824" />
    </state>
    <state x="499" y="159" key="#com.intellij.refactoring.safeDelete.UnsafeUsagesDialog/0.0.1536.824@0.0.1536.824" timestamp="1652753604871" />
    <state width="1024" height="243" key="GridCell.Tab.0.bottom" timestamp="1652769597783">
      <screen x="0" y="0" width="1536" height="824" />
    </state>
    <state width="1024" height="243" key="GridCell.Tab.0.bottom/0.0.1536.824@0.0.1536.824" timestamp="1652769597783" />
    <state width="1024" height="243" key="GridCell.Tab.0.center" timestamp="1652769597783">
      <screen x="0" y="0" width="1536" height="824" />
    </state>
    <state width="1024" height="243" key="GridCell.Tab.0.center/0.0.1536.824@0.0.1536.824" timestamp="1652769597783" />
    <state width="1024" height="243" key="GridCell.Tab.0.left" timestamp="1652769597783">
      <screen x="0" y="0" width="1536" height="824" />
    </state>
    <state width="1024" height="243" key="GridCell.Tab.0.left/0.0.1536.824@0.0.1536.824" timestamp="1652769597783" />
    <state width="1024" height="243" key="GridCell.Tab.0.right" timestamp="1652769597783">
      <screen x="0" y="0" width="1536" height="824" />
    </state>
    <state width="1024" height="243" key="GridCell.Tab.0.right/0.0.1536.824@0.0.1536.824" timestamp="1652769597783" />
    <state width="1493" height="243" key="GridCell.Tab.1.bottom" timestamp="1652769597777">
      <screen x="0" y="0" width="1536" height="824" />
    </state>
    <state width="1493" height="243" key="GridCell.Tab.1.bottom/0.0.1536.824@0.0.1536.824" timestamp="1652769597777" />
    <state width="1493" height="243" key="GridCell.Tab.1.center" timestamp="1652769597777">
      <screen x="0" y="0" width="1536" height="824" />
    </state>
    <state width="1493" height="243" key="GridCell.Tab.1.center/0.0.1536.824@0.0.1536.824" timestamp="1652769597777" />
    <state width="1493" height="243" key="GridCell.Tab.1.left" timestamp="1652769597777">
      <screen x="0" y="0" width="1536" height="824" />
    </state>
    <state width="1493" height="243" key="GridCell.Tab.1.left/0.0.1536.824@0.0.1536.824" timestamp="1652769597777" />
    <state width="1493" height="243" key="GridCell.Tab.1.right" timestamp="1652769597777">
      <screen x="0" y="0" width="1536" height="824" />
    </state>
    <state width="1493" height="243" key="GridCell.Tab.1.right/0.0.1536.824@0.0.1536.824" timestamp="1652769597777" />
    <state x="277" y="52" key="SettingsEditor" timestamp="1652769133141">
      <screen x="0" y="0" width="1536" height="824" />
    </state>
    <state x="277" y="52" key="SettingsEditor/0.0.1536.824@0.0.1536.824" timestamp="1652769133141" />
    <state width="591" height="445" key="SwitcherDM" timestamp="1652750300022">
      <screen x="0" y="0" width="1536" height="824" />
    </state>
    <state width="591" height="445" key="SwitcherDM/0.0.1536.824@0.0.1536.824" timestamp="1652750300022" />
    <state x="499" y="117" key="com.intellij.openapi.editor.actions.MultiplePasteAction$ClipboardContentChooser" timestamp="1652760010021">
      <screen x="0" y="0" width="1536" height="824" />
    </state>
    <state x="499" y="117" key="com.intellij.openapi.editor.actions.MultiplePasteAction$ClipboardContentChooser/0.0.1536.824@0.0.1536.824" timestamp="1652760010021" />
    <state x="93" y="93" width="1350" height="638" key="dock-window-1" timestamp="1652758413924">
      <screen x="0" y="0" width="1536" height="824" />
    </state>
    <state x="93" y="93" width="1350" height="638" key="dock-window-1/0.0.1536.824@0.0.1536.824" timestamp="1652758413924" />
    <state x="93" y="93" width="1350" height="638" key="dock-window-2" timestamp="1652758413924">
      <screen x="0" y="0" width="1536" height="824" />
    </state>
    <state x="93" y="93" width="1350" height="638" key="dock-window-2/0.0.1536.824@0.0.1536.824" timestamp="1652758413924" />
    <state x="431" y="138" width="672" height="685" key="search.everywhere.popup" timestamp="1652754206551">
      <screen x="0" y="0" width="1536" height="824" />
    </state>
    <state x="431" y="138" width="672" height="685" key="search.everywhere.popup/0.0.1536.824@0.0.1536.824" timestamp="1652754206551" />
  </component>
  <component name="editorHistoryManager">
    <entry file="file://$PROJECT_DIR$/src/main/java/com/example/myservice/ServletInitializer.java">
      <provider selected="true" editor-type-id="text-editor">
        <state relative-caret-position="220">
          <caret line="11" lean-forward="true" selection-start-line="11" selection-end-line="11" />
        </state>
      </provider>
    </entry>
    <entry file="file://$PROJECT_DIR$/src/main/java/com/example/myservice/service/DeptService.java">
      <provider selected="true" editor-type-id="text-editor">
        <state relative-caret-position="286">
          <caret line="22" column="31" lean-forward="true" selection-start-line="22" selection-start-column="31" selection-end-line="22" selection-end-column="31" />
        </state>
      </provider>
    </entry>
    <entry file="file://$PROJECT_DIR$/src/main/java/com/example/myservice/service/DeptServiceImpl.java">
      <provider selected="true" editor-type-id="text-editor">
        <state relative-caret-position="542">
          <caret line="84" column="1" lean-forward="true" selection-start-line="84" selection-start-column="1" selection-end-line="84" selection-end-column="1" />
          <folding>
            <element signature="e#1021#1022#0" expanded="true" />
            <element signature="e#1063#1064#0" expanded="true" />
          </folding>
        </state>
      </provider>
    </entry>
    <entry file="file://$PROJECT_DIR$/src/main/java/com/example/myservice/dao/DeptDao.java">
      <provider selected="true" editor-type-id="text-editor">
        <state relative-caret-position="234">
          <caret line="26" column="7" lean-forward="true" selection-start-line="26" selection-start-column="7" selection-end-line="26" selection-end-column="7" />
        </state>
      </provider>
    </entry>
    <entry file="file://$PROJECT_DIR$/gradlew">
      <provider selected="true" editor-type-id="text-editor" />
    </entry>
    <entry file="file://$PROJECT_DIR$/src/main/java/com/example/myservice/model/Dept.java">
      <provider selected="true" editor-type-id="text-editor">
        <state relative-caret-position="183">
          <caret line="24" lean-forward="true" selection-start-line="24" selection-end-line="24" />
        </state>
      </provider>
    </entry>
    <entry file="jar://$PROJECT_DIR$/../../../../../../Program Files/Java/jdk1.8.0_311/src.zip!/java/lang/Override.java">
      <provider selected="true" editor-type-id="text-editor">
        <state relative-caret-position="411">
          <caret line="50" column="18" selection-start-line="50" selection-start-column="18" selection-end-line="50" selection-end-column="18" />
        </state>
      </provider>
    </entry>
    <entry file="file://$PROJECT_DIR$/src/main/java/com/example/myservice/model/Dept2.java">
      <provider selected="true" editor-type-id="text-editor">
        <state relative-caret-position="110">
          <caret line="8" column="19" lean-forward="true" selection-start-line="8" selection-start-column="19" selection-end-line="8" selection-end-column="19" />
        </state>
      </provider>
    </entry>
    <entry file="file://$PROJECT_DIR$/src/main/java/com/example/myservice/dao/DeptDao2.java">
      <provider selected="true" editor-type-id="text-editor">
        <state relative-caret-position="264">
          <caret line="18" column="7" lean-forward="true" selection-start-line="18" selection-start-column="7" selection-end-line="18" selection-end-column="7" />
        </state>
      </provider>
    </entry>
    <entry file="file://$PROJECT_DIR$/src/main/java/com/example/myservice/service/DeptServiceImpl2.java">
      <provider selected="true" editor-type-id="text-editor">
        <state relative-caret-position="902">
          <caret line="48" column="5" lean-forward="true" selection-start-line="48" selection-start-column="5" selection-end-line="48" selection-end-column="5" />
          <folding>
            <element signature="e#761#762#0" expanded="true" />
            <element signature="e#803#804#0" expanded="true" />
          </folding>
        </state>
      </provider>
    </entry>
    <entry file="file://$PROJECT_DIR$/src/main/java/com/example/myservice/service/DeptService2.java">
      <provider selected="true" editor-type-id="text-editor">
        <state relative-caret-position="278">
          <caret line="17" column="24" selection-start-line="17" selection-start-column="24" selection-end-line="17" selection-end-column="24" />
        </state>
      </provider>
    </entry>
    <entry file="file://$PROJECT_DIR$/src/main/resources/mappers/dept2.xml">
      <provider selected="true" editor-type-id="text-editor">
        <state relative-caret-position="350">
          <caret line="56" column="13" lean-forward="true" selection-start-line="56" selection-start-column="13" selection-end-line="56" selection-end-column="13" />
        </state>
      </provider>
    </entry>
    <entry file="file://$PROJECT_DIR$/src/main/resources/application.properties">
      <provider selected="true" editor-type-id="text-editor">
        <state relative-caret-position="154">
          <caret line="7" column="32" lean-forward="true" selection-start-line="7" selection-start-column="32" selection-end-line="7" selection-end-column="32" />
        </state>
      </provider>
    </entry>
    <entry file="file://$PROJECT_DIR$/src/main/resources/mappers/main.xml">
      <provider selected="true" editor-type-id="text-editor">
        <state relative-caret-position="357">
          <caret line="19" column="19" selection-start-line="19" selection-start-column="19" selection-end-line="19" selection-end-column="19" />
        </state>
      </provider>
    </entry>
    <entry file="file://$PROJECT_DIR$/src/main/java/com/example/myservice/model/Tb_Member.java">
      <provider selected="true" editor-type-id="text-editor">
        <state relative-caret-position="168">
          <caret line="20" column="27" selection-start-line="20" selection-start-column="27" selection-end-line="20" selection-end-column="27" />
        </state>
      </provider>
    </entry>
    <entry file="file://$PROJECT_DIR$/src/main/resources/mappers/dept.xml">
      <provider selected="true" editor-type-id="text-editor">
        <state relative-caret-position="220">
          <caret line="52" column="14" lean-forward="true" selection-start-line="52" selection-start-column="14" selection-end-line="52" selection-end-column="14" />
        </state>
      </provider>
    </entry>
    <entry file="file://$PROJECT_DIR$/src/main/resources/mappers/member.xml">
      <provider selected="true" editor-type-id="text-editor">
        <state relative-caret-position="198">
          <caret line="41" column="39" selection-start-line="41" selection-start-column="39" selection-end-line="41" selection-end-column="39" />
        </state>
      </provider>
    </entry>
    <entry file="file://$APPLICATION_CONFIG_DIR$/scratches/generated-requests.http">
      <provider selected="true" editor-type-id="text-editor">
        <state relative-caret-position="176">
          <caret line="8" column="30" lean-forward="true" selection-start-line="8" selection-start-column="30" selection-end-line="8" selection-end-column="30" />
        </state>
      </provider>
    </entry>
    <entry file="file://$PROJECT_DIR$/src/main/java/com/example/myservice/dao/Tb_MemberDao.java">
      <provider selected="true" editor-type-id="text-editor">
        <state relative-caret-position="227">
          <caret line="29" column="23" lean-forward="true" selection-start-line="29" selection-start-column="23" selection-end-line="29" selection-end-column="23" />
        </state>
      </provider>
    </entry>
    <entry file="file://$PROJECT_DIR$/src/main/java/com/example/myservice/dao/Tb_BoardDao.java">
      <provider selected="true" editor-type-id="text-editor">
        <state relative-caret-position="251">
          <caret line="28" column="22" lean-forward="true" selection-start-line="28" selection-start-column="22" selection-end-line="28" selection-end-column="22" />
        </state>
      </provider>
    </entry>
    <entry file="file://$PROJECT_DIR$/src/main/java/com/example/myservice/service/Tb_BoardService.java">
      <provider selected="true" editor-type-id="text-editor">
        <state relative-caret-position="374">
          <caret line="20" column="34" selection-start-line="20" selection-start-column="34" selection-end-line="20" selection-end-column="34" />
        </state>
      </provider>
    </entry>
    <entry file="file://$PROJECT_DIR$/src/main/java/com/example/myservice/service/Tb_BoardServiceImpl.java">
      <provider selected="true" editor-type-id="text-editor">
        <state relative-caret-position="1188">
          <caret line="58" column="13" selection-start-line="58" selection-start-column="13" selection-end-line="58" selection-end-column="13" />
        </state>
      </provider>
    </entry>
    <entry file="file://$PROJECT_DIR$/src/main/java/com/example/myservice/service/Tb_MemberService.java">
      <provider selected="true" editor-type-id="text-editor">
        <state relative-caret-position="550">
          <caret line="25" column="29" selection-start-line="25" selection-start-column="29" selection-end-line="25" selection-end-column="29" />
        </state>
      </provider>
    </entry>
    <entry file="file://$PROJECT_DIR$/src/main/java/com/example/myservice/service/Tb_MemberServiceImpl.java">
      <provider selected="true" editor-type-id="text-editor">
        <state relative-caret-position="1188">
          <caret line="58" column="9" selection-start-line="58" selection-start-column="9" selection-end-line="58" selection-end-column="9" />
        </state>
      </provider>
    </entry>
    <entry file="file://$PROJECT_DIR$/src/main/java/com/example/myservice/model/Tb_Board.java">
      <provider selected="true" editor-type-id="text-editor">
        <state relative-caret-position="374">
          <caret line="19" column="7" selection-start-line="19" selection-start-column="7" selection-end-line="19" selection-end-column="7" />
        </state>
      </provider>
    </entry>
    <entry file="file://$PROJECT_DIR$/build.gradle">
      <provider selected="true" editor-type-id="text-editor">
        <state relative-caret-position="133">
          <caret line="21" column="14" lean-forward="true" selection-start-line="21" selection-start-column="14" selection-end-line="21" selection-end-column="14" />
        </state>
      </provider>
    </entry>
    <entry file="file://$PROJECT_DIR$/src/main/java/com/example/myservice/controller/MemberController.java">
      <provider selected="true" editor-type-id="text-editor">
        <state relative-caret-position="220">
          <caret line="105" column="31" lean-forward="true" selection-start-line="105" selection-start-column="31" selection-end-line="105" selection-end-column="31" />
        </state>
      </provider>
    </entry>
    <entry file="file://$PROJECT_DIR$/src/main/java/com/example/myservice/controller/BoardController.java">
      <provider selected="true" editor-type-id="text-editor">
        <state relative-caret-position="132">
          <caret line="31" column="55" lean-forward="true" selection-start-line="31" selection-start-column="55" selection-end-line="31" selection-end-column="55" />
        </state>
      </provider>
    </entry>
  </component>
</project>