<project version="4">
  <component name="BookmarksManager">
    <option name="groups">
      <GroupState>
        <option name="name" value="hellovue" />
      </GroupState>
    </option>
  </component>
  <component name="FileEditorManager">
    <leaf />
  </component>
  <component name="FileTypeUsageLocalSummary">
    <fileType name="JSON">
      <summary usageCount="1" lastUsed="1653360065356" />
    </fileType>
  </component>
  <component name="IgnoredFileRootStore">
    <option name="generatedRoots">
      <set>
        <option value="$PROJECT_DIR$/.idea" />
      </set>
    </option>
  </component>
  <component name="ProjectView">
    <navigator currentView="ProjectPane" proportions="" version="1" />
    <panes>
      <pane id="ProjectPane">
        <subPane>
          <expand>
            <path>
              <item name="hellovue" type="b2602c69:ProjectViewProjectNode" />
              <item name="스크래치 및 콘솔" type="b85a3e1f:ScratchTreeStructureProvider$MyProjectNode" />
            </path>
          </expand>
          <select />
        </subPane>
      </pane>
      <pane id="PackagesPane" />
      <pane id="Scope" />
    </panes>
  </component>
  <component name="TerminalArrangementManager">
    <option name="myTabStates">
      <TerminalTabState tabName="로컬" currentWorkingDirectory="C:\work\GitHub\HTML5\종합실습\hellovue\" commandHistoryFileName="hellovue-history" />
    </option>
  </component>
  <component name="TimeTrackingManager">
    <option name="totallyTimeSpent" value="1278000" />
  </component>
  <component name="ToolWindowManager">
    <layout>
      <window_info id="Bookmarks" order="0" side_tool="true" />
      <window_info id="npm" order="1" side_tool="true" />
      <window_info content_ui="combo" id="Project" order="2" visible="true" weight="0.25016266" />
      <window_info id="Learn" order="3" />
      <window_info id="Structure" order="4" side_tool="true" />
      <window_info anchor="bottom" id="Version Control" order="0" />
      <window_info anchor="bottom" id="Find" order="1" />
      <window_info anchor="bottom" id="Run" order="2" show_stripe_button="false" weight="0.3294903" />
      <window_info anchor="bottom" id="Debug" order="3" weight="0.4" />
      <window_info anchor="bottom" id="TODO" order="4" />
      <window_info anchor="bottom" id="Inspection" order="5" weight="0.4" />
      <window_info anchor="bottom" id="Problems View" order="6" />
      <window_info anchor="bottom" id="Terminal" order="7" visible="true" weight="0.3294903" />
      <window_info anchor="bottom" id="Endpoints" order="8" show_stripe_button="false" />
      <window_info anchor="bottom" id="Services" order="9" />
      <window_info anchor="bottom" id="Profiler" order="10" />
      <window_info anchor="right" id="Database" order="0" />
      <window_info anchor="right" id="Notifications" order="1" weight="0.25" />
    </layout>
    <recentWindows>
      <value>Project</value>
      <value>Terminal</value>
      <value>Run</value>
    </recentWindows>
  </component>
  <component name="WindowStateProjectService">
    <state x="277" y="52" key="SettingsEditor" timestamp="1653360267373">
      <screen x="0" y="0" width="1536" height="824" />
    </state>
    <state x="277" y="52" key="SettingsEditor/0.0.1536.824@0.0.1536.824" timestamp="1653360267373" />
  </component>
  <component name="editorHistoryManager">
    <entry file="file://$PROJECT_DIR$/package.json">
      <provider selected="true" editor-type-id="text-editor">
        <state relative-caret-position="308">
          <caret line="14" column="4" selection-start-line="14" selection-start-column="4" selection-end-line="14" selection-end-column="4" />
        </state>
      </provider>
    </entry>
  </component>
</project>