<project version="4">
  <component name="BookmarksManager">
    <option name="groups">
      <GroupState>
        <option name="name" value="hellovue2" />
      </GroupState>
    </option>
  </component>
  <component name="FileEditorManager">
    <leaf>
      <file pinned="false" current-in-tab="false">
        <entry file="file://$PROJECT_DIR$/README.md">
          <provider selected="true" editor-type-id="split-provider[text-editor;markdown-preview-editor]" />
        </entry>
      </file>
      <file pinned="false" current-in-tab="false">
        <entry file="file://$PROJECT_DIR$/package.json">
          <provider selected="true" editor-type-id="text-editor">
            <state relative-caret-position="242">
              <caret line="11" column="8" selection-start-line="11" selection-start-column="5" selection-end-line="11" selection-end-column="8" />
            </state>
          </provider>
        </entry>
      </file>
      <file pinned="false" current-in-tab="false">
        <entry file="file://$PROJECT_DIR$/public/index.html">
          <provider selected="true" editor-type-id="text-editor">
            <state relative-caret-position="264">
              <caret line="12" column="6" selection-start-line="12" selection-start-column="6" selection-end-line="12" selection-end-column="6" />
            </state>
          </provider>
        </entry>
      </file>
      <file pinned="false" current-in-tab="false">
        <entry file="file://$PROJECT_DIR$/src/components/HelloWorld.vue">
          <provider selected="true" editor-type-id="text-editor">
            <state relative-caret-position="-611" />
          </provider>
        </entry>
      </file>
      <file pinned="false" current-in-tab="true">
        <entry file="file://$PROJECT_DIR$/src/views/AboutView.vue">
          <provider selected="true" editor-type-id="text-editor">
            <state relative-caret-position="286">
              <caret line="13" selection-start-line="13" selection-end-line="13" />
            </state>
          </provider>
        </entry>
      </file>
    </leaf>
  </component>
  <component name="FileTypeUsageLocalSummary">
    <fileType name="HTML">
      <summary usageCount="1" lastUsed="1653360838047" />
    </fileType>
    <fileType name="JSON">
      <summary usageCount="1" lastUsed="1653360084967" />
    </fileType>
    <fileType name="Markdown">
      <summary usageCount="1" lastUsed="1653360083053" />
    </fileType>
    <fileType name="Vue.js">
      <summary usageCount="2" lastUsed="1653361247057" />
    </fileType>
  </component>
  <component name="FindInProjectRecents">
    <findStrings>
      <find>vue</find>
      <find>badge</find>
    </findStrings>
    <dirStrings>
      <dir>C:\work\GitHub\HTML5\종합실습\hellovue2\public</dir>
    </dirStrings>
  </component>
  <component name="IdeDocumentHistory">
    <changedPaths>
      <option value="$PROJECT_DIR$/public/index.html" />
      <option value="$PROJECT_DIR$/src/views/AboutView.vue" />
    </changedPaths>
  </component>
  <component name="IgnoredFileRootStore">
    <option name="generatedRoots">
      <set>
        <option value="$PROJECT_DIR$/.idea" />
      </set>
    </option>
  </component>
  <component name="ProjectView">
    <navigator currentView="ProjectPane" proportions="" version="1" />
    <panes>
      <pane id="PackagesPane" />
      <pane id="ProjectPane" />
      <pane id="Scope" />
    </panes>
  </component>
  <component name="TerminalArrangementManager">
    <option name="myTabStates">
      <TerminalTabState tabName="로컬" currentWorkingDirectory="C:\work\GitHub\HTML5\종합실습\hellovue2\" commandHistoryFileName="hellovue2-history" />
    </option>
  </component>
  <component name="TimeTrackingManager">
    <option name="totallyTimeSpent" value="2597000" />
  </component>
  <component name="ToolWindowManager">
    <layout>
      <window_info id="Bookmarks" order="0" side_tool="true" />
      <window_info content_ui="combo" id="Project" order="0" visible="true" weight="0.25016266" />
      <window_info id="Learn" order="0" />
      <window_info id="Structure" order="0" side_tool="true" />
      <window_info anchor="bottom" id="Version Control" order="0" />
      <window_info anchor="bottom" id="Find" order="1" />
      <window_info anchor="bottom" id="Run" order="2" />
      <window_info anchor="bottom" id="Debug" order="3" weight="0.4" />
      <window_info anchor="bottom" id="TODO" order="4" />
      <window_info anchor="bottom" id="Inspection" order="4" weight="0.4" />
      <window_info anchor="bottom" id="Problems View" order="4" />
      <window_info anchor="bottom" id="Terminal" order="4" visible="true" weight="0.3294903" />
      <window_info anchor="bottom" id="Endpoints" order="4" show_stripe_button="false" />
      <window_info anchor="bottom" id="Services" order="4" />
      <window_info anchor="bottom" id="Profiler" order="4" />
      <window_info anchor="right" id="Database" order="0" />
      <window_info anchor="right" id="Notifications" order="0" weight="0.25" />
    </layout>
    <recentWindows>
      <value>Project</value>
      <value>Terminal</value>
    </recentWindows>
  </component>
  <component name="WindowStateProjectService">
    <state x="700" y="51" width="599" height="510" key="find.popup" timestamp="1653361216985">
      <screen x="0" y="0" width="1536" height="824" />
    </state>
    <state x="700" y="51" width="599" height="510" key="find.popup/0.0.1536.824@0.0.1536.824" timestamp="1653361216985" />
    <state x="368" y="83" width="800" height="657" key="new project wizard" timestamp="1653362776261">
      <screen x="0" y="0" width="1536" height="824" />
    </state>
    <state x="368" y="83" width="800" height="657" key="new project wizard/0.0.1536.824@0.0.1536.824" timestamp="1653362776261" />
  </component>
  <component name="editorHistoryManager">
    <entry file="file://$PROJECT_DIR$/README.md">
      <provider selected="true" editor-type-id="split-provider[text-editor;markdown-preview-editor]" />
    </entry>
    <entry file="file://$PROJECT_DIR$/package.json">
      <provider selected="true" editor-type-id="text-editor">
        <state relative-caret-position="242">
          <caret line="11" column="8" selection-start-line="11" selection-start-column="5" selection-end-line="11" selection-end-column="8" />
        </state>
      </provider>
    </entry>
    <entry file="file://$PROJECT_DIR$/public/index.html">
      <provider selected="true" editor-type-id="text-editor">
        <state relative-caret-position="264">
          <caret line="12" column="6" lean-forward="true" selection-start-line="12" selection-start-column="6" selection-end-line="12" selection-end-column="6" />
        </state>
      </provider>
    </entry>
    <entry file="file://$PROJECT_DIR$/src/components/HelloWorld.vue">
      <provider selected="true" editor-type-id="text-editor">
        <state relative-caret-position="-611" />
      </provider>
    </entry>
    <entry file="file://$PROJECT_DIR$/src/views/AboutView.vue">
      <provider selected="true" editor-type-id="text-editor">
        <state relative-caret-position="286">
          <caret line="13" lean-forward="true" selection-start-line="13" selection-end-line="13" />
        </state>
      </provider>
    </entry>
  </component>
</project>