<project version="4">
  <component name="BookmarksManager">
    <option name="groups">
      <GroupState>
        <option name="name" value="socksvue" />
      </GroupState>
    </option>
  </component>
  <component name="BranchesTreeState">
    <expand>
      <path>
        <item name="ROOT" type="e8cecc67:BranchNodeDescriptor" />
        <item name="LOCAL_ROOT" type="e8cecc67:BranchNodeDescriptor" />
      </path>
      <path>
        <item name="ROOT" type="e8cecc67:BranchNodeDescriptor" />
        <item name="REMOTE_ROOT" type="e8cecc67:BranchNodeDescriptor" />
      </path>
      <path>
        <item name="ROOT" type="e8cecc67:BranchNodeDescriptor" />
        <item name="REMOTE_ROOT" type="e8cecc67:BranchNodeDescriptor" />
        <item name="GROUP_NODE:origin" type="e8cecc67:BranchNodeDescriptor" />
      </path>
    </expand>
    <select />
  </component>
  <component name="FileEditorManager">
    <leaf SIDE_TABS_SIZE_LIMIT_KEY="-1" />
  </component>
  <component name="FileTypeUsageLocalSummary">
    <fileType name="HTML">
      <summary usageCount="3" lastUsed="1653436934824" />
    </fileType>
    <fileType name="Image">
      <summary usageCount="2" lastUsed="1653398998702" />
    </fileType>
    <fileType name="JavaScript">
      <summary usageCount="15" lastUsed="1653439170807" />
    </fileType>
    <fileType name="PLAIN_TEXT">
      <summary usageCount="1" lastUsed="1653363641444" />
    </fileType>
    <fileType name="TypeScript">
      <summary usageCount="1" lastUsed="1653370105895" />
    </fileType>
    <fileType name="WebPreview">
      <summary usageCount="2" lastUsed="1653373166472" />
    </fileType>
  </component>
  <component name="FindInProjectRecents">
    <findStrings>
      <find>tbody</find>
      <find>data</find>
      <find>app</find>
      <find>nav-</find>
      <find>product-info</find>
      <find>in</find>
      <find>instock</find>
      <find>title</find>
      <find>product</find>
      <find>out of st</find>
      <find>compu</find>
      <find>shipping</find>
      <find>Shipping</find>
      <find>methods</find>
      <find>me</find>
    </findStrings>
  </component>
  <component name="IdeDocumentHistory">
    <changedPaths>
      <option value="$USER_HOME$/.vuerc" />
      <option value="$PROJECT_DIR$/app.js" />
      <option value="$PROJECT_DIR$/index.ts" />
      <option value="$PROJECT_DIR$/main.js" />
      <option value="$PROJECT_DIR$/components/ReviewForm..js" />
      <option value="$PROJECT_DIR$/components/ProductDisplay.js" />
      <option value="$PROJECT_DIR$/index.html" />
      <option value="$PROJECT_DIR$/components/ReviewList.js" />
      <option value="$PROJECT_DIR$/components/ReviewForm.js" />
    </changedPaths>
  </component>
  <component name="IgnoredFileRootStore">
    <option name="generatedRoots">
      <set>
        <option value="$PROJECT_DIR$/.idea" />
      </set>
    </option>
  </component>
  <component name="ProjectView">
    <navigator currentView="ProjectPane" proportions="" version="1" />
    <panes>
      <pane id="ProjectPane">
        <subPane>
          <expand>
            <path>
              <item name="socksvue" type="b2602c69:ProjectViewProjectNode" />
              <item name="socksvue" type="462c0819:PsiDirectoryNode" />
            </path>
            <path>
              <item name="socksvue" type="b2602c69:ProjectViewProjectNode" />
              <item name="socksvue" type="462c0819:PsiDirectoryNode" />
              <item name="assets" type="462c0819:PsiDirectoryNode" />
            </path>
            <path>
              <item name="socksvue" type="b2602c69:ProjectViewProjectNode" />
              <item name="socksvue" type="462c0819:PsiDirectoryNode" />
              <item name="assets" type="462c0819:PsiDirectoryNode" />
              <item name="css" type="462c0819:PsiDirectoryNode" />
            </path>
            <path>
              <item name="socksvue" type="b2602c69:ProjectViewProjectNode" />
              <item name="socksvue" type="462c0819:PsiDirectoryNode" />
              <item name="assets" type="462c0819:PsiDirectoryNode" />
              <item name="images" type="462c0819:PsiDirectoryNode" />
            </path>
            <path>
              <item name="socksvue" type="b2602c69:ProjectViewProjectNode" />
              <item name="socksvue" type="462c0819:PsiDirectoryNode" />
              <item name="components" type="462c0819:PsiDirectoryNode" />
            </path>
            <path>
              <item name="socksvue" type="b2602c69:ProjectViewProjectNode" />
              <item name="스크래치 및 콘솔" type="b85a3e1f:ScratchTreeStructureProvider$MyProjectNode" />
            </path>
          </expand>
          <select />
        </subPane>
      </pane>
      <pane id="PackagesPane" />
      <pane id="Scope" />
    </panes>
  </component>
  <component name="TimeTrackingManager">
    <option name="totallyTimeSpent" value="18792000" />
  </component>
  <component name="ToolWindowManager">
    <layout>
      <window_info id="Commit" weight="0.3301887" />
      <window_info id="Bookmarks" order="0" side_tool="true" />
      <window_info content_ui="combo" id="Project" order="1" visible="true" weight="0.25016266" />
      <window_info id="Learn" order="2" />
      <window_info id="Structure" order="3" side_tool="true" />
      <window_info anchor="bottom" id="Version Control" order="0" />
      <window_info anchor="bottom" id="Find" order="1" weight="0.3294903" />
      <window_info anchor="bottom" id="Run" order="2" />
      <window_info anchor="bottom" id="Debug" order="3" weight="0.4" />
      <window_info anchor="bottom" id="TODO" order="4" />
      <window_info anchor="bottom" id="Inspection" order="5" weight="0.4" />
      <window_info anchor="bottom" id="Problems View" order="6" />
      <window_info anchor="bottom" id="Terminal" order="7" />
      <window_info anchor="bottom" id="Endpoints" order="8" show_stripe_button="false" />
      <window_info anchor="bottom" id="Services" order="9" />
      <window_info anchor="bottom" id="Profiler" order="10" />
      <window_info anchor="right" id="Database" order="0" />
      <window_info anchor="right" id="Notifications" order="1" weight="0.25" />
    </layout>
    <recentWindows>
      <value>Project</value>
      <value>Find</value>
      <value>Commit</value>
    </recentWindows>
  </component>
  <component name="WindowStateProjectService">
    <state x="0" y="52" width="1536" height="719" key="SettingsEditor" timestamp="1653399063846">
      <screen x="0" y="0" width="1536" height="824" />
    </state>
    <state x="0" y="52" width="1536" height="719" key="SettingsEditor/0.0.1536.824@0.0.1536.824" timestamp="1653399063846" />
    <state width="498" height="382" key="SwitcherDM" timestamp="1653374648176">
      <screen x="0" y="0" width="1536" height="824" />
    </state>
    <state width="498" height="382" key="SwitcherDM/0.0.1536.824@0.0.1536.824" timestamp="1653374648176" />
  </component>
  <component name="editorHistoryManager">
    <entry file="file://$USER_HOME$/.vuerc">
      <provider selected="true" editor-type-id="text-editor">
        <state relative-caret-position="44">
          <caret line="2" column="1" lean-forward="true" selection-start-line="2" selection-start-column="1" selection-end-line="2" selection-end-column="1" />
        </state>
      </provider>
    </entry>
    <entry file="file://$PROJECT_DIR$/app.js" />
    <entry file="file://$PROJECT_DIR$/index.ts" />
    <entry file="file://$PROJECT_DIR$/components/ReviewForm..js" />
    <entry file="file://$PROJECT_DIR$/assets/images/socks_01.jpg">
      <provider selected="true" editor-type-id="images" />
    </entry>
    <entry file="file://$PROJECT_DIR$/components/ReviewList.js">
      <provider selected="true" editor-type-id="text-editor">
        <state relative-caret-position="220">
          <caret line="10" column="25" lean-forward="true" selection-start-line="10" selection-start-column="25" selection-end-line="10" selection-end-column="25" />
        </state>
      </provider>
    </entry>
    <entry file="file://$PROJECT_DIR$/main.js">
      <provider selected="true" editor-type-id="text-editor">
        <state relative-caret-position="110">
          <caret line="5" column="17" lean-forward="true" selection-start-line="5" selection-start-column="17" selection-end-line="5" selection-end-column="17" />
        </state>
      </provider>
    </entry>
    <entry file="file://$PROJECT_DIR$/index.html">
      <provider editor-type-id="web-preview-editor" />
      <provider selected="true" editor-type-id="text-editor">
        <state relative-caret-position="254">
          <caret line="17" column="27" selection-start-line="17" selection-start-column="27" selection-end-line="17" selection-end-column="27" />
        </state>
      </provider>
    </entry>
    <entry file="file://$PROJECT_DIR$/components/ProductDisplay.js">
      <provider selected="true" editor-type-id="text-editor">
        <state relative-caret-position="1133">
          <caret line="104" column="8" selection-start-line="104" selection-start-column="8" selection-end-line="104" selection-end-column="8" />
        </state>
      </provider>
    </entry>
    <entry file="file://$PROJECT_DIR$/components/ReviewForm.js">
      <provider selected="true" editor-type-id="text-editor">
        <state relative-caret-position="66">
          <caret line="3" column="10" selection-start-line="3" selection-start-column="10" selection-end-line="3" selection-end-column="10" />
        </state>
      </provider>
    </entry>
  </component>
</project>