<project version="4">
  <component name="BookmarksManager">
    <option name="groups">
      <GroupState>
        <option name="name" value="01_01.socksCart_cdn_3.x" />
      </GroupState>
    </option>
  </component>
  <component name="FileEditorManager">
    <leaf SIDE_TABS_SIZE_LIMIT_KEY="-1">
      <file pinned="false" current-in-tab="true">
        <entry file="file://$PROJECT_DIR$/index.html">
          <provider selected="true" editor-type-id="text-editor">
            <state relative-caret-position="198">
              <caret line="9" selection-start-line="9" selection-end-line="10" />
            </state>
          </provider>
        </entry>
      </file>
    </leaf>
  </component>
  <component name="FileTypeUsageLocalSummary">
    <fileType name="CSS">
      <summary usageCount="1" lastUsed="1653352704224" />
    </fileType>
    <fileType name="HTML">
      <summary usageCount="3" lastUsed="1653363341117" />
    </fileType>
    <fileType name="Image">
      <summary usageCount="2" lastUsed="1653352714797" />
    </fileType>
    <fileType name="JavaScript">
      <summary usageCount="5" lastUsed="1653352734126" />
    </fileType>
    <fileType name="XML">
      <summary usageCount="3" lastUsed="1653352698557" />
    </fileType>
  </component>
  <component name="IgnoredFileRootStore">
    <option name="generatedRoots">
      <set>
        <option value="$PROJECT_DIR$/.idea" />
      </set>
    </option>
  </component>
  <component name="ProjectView">
    <navigator currentView="ProjectPane" proportions="" version="1" />
    <panes>
      <pane id="ProjectPane">
        <subPane>
          <expand>
            <path>
              <item name="01_01.socksCart_cdn_3.x" type="b2602c69:ProjectViewProjectNode" />
              <item name="01_01.socksCart_cdn_3.x" type="462c0819:PsiDirectoryNode" />
            </path>
            <path>
              <item name="01_01.socksCart_cdn_3.x" type="b2602c69:ProjectViewProjectNode" />
              <item name="01_01.socksCart_cdn_3.x" type="462c0819:PsiDirectoryNode" />
              <item name=".idea" type="462c0819:PsiDirectoryNode" />
            </path>
            <path>
              <item name="01_01.socksCart_cdn_3.x" type="b2602c69:ProjectViewProjectNode" />
              <item name="01_01.socksCart_cdn_3.x" type="462c0819:PsiDirectoryNode" />
              <item name="assets" type="462c0819:PsiDirectoryNode" />
            </path>
            <path>
              <item name="01_01.socksCart_cdn_3.x" type="b2602c69:ProjectViewProjectNode" />
              <item name="01_01.socksCart_cdn_3.x" type="462c0819:PsiDirectoryNode" />
              <item name="assets" type="462c0819:PsiDirectoryNode" />
              <item name="css" type="462c0819:PsiDirectoryNode" />
            </path>
            <path>
              <item name="01_01.socksCart_cdn_3.x" type="b2602c69:ProjectViewProjectNode" />
              <item name="01_01.socksCart_cdn_3.x" type="462c0819:PsiDirectoryNode" />
              <item name="assets" type="462c0819:PsiDirectoryNode" />
              <item name="images" type="462c0819:PsiDirectoryNode" />
            </path>
            <path>
              <item name="01_01.socksCart_cdn_3.x" type="b2602c69:ProjectViewProjectNode" />
              <item name="01_01.socksCart_cdn_3.x" type="462c0819:PsiDirectoryNode" />
              <item name="assets" type="462c0819:PsiDirectoryNode" />
              <item name="util" type="462c0819:PsiDirectoryNode" />
            </path>
          </expand>
          <select />
        </subPane>
      </pane>
      <pane id="PackagesPane" />
      <pane id="Scope" />
    </panes>
  </component>
  <component name="TimeTrackingManager">
    <option name="totallyTimeSpent" value="1279000" />
  </component>
  <component name="ToolWindowManager">
    <editor active="true" />
    <layout>
      <window_info id="Bookmarks" order="0" side_tool="true" />
      <window_info content_ui="combo" id="Project" order="1" visible="true" weight="0.25016266" />
      <window_info id="Learn" order="2" />
      <window_info id="Structure" order="3" side_tool="true" />
      <window_info anchor="bottom" id="Version Control" order="0" />
      <window_info anchor="bottom" id="Find" order="1" />
      <window_info anchor="bottom" id="Run" order="2" />
      <window_info anchor="bottom" id="Debug" order="3" weight="0.4" />
      <window_info anchor="bottom" id="TODO" order="4" />
      <window_info anchor="bottom" id="Inspection" order="5" weight="0.4" />
      <window_info anchor="bottom" id="Problems View" order="6" />
      <window_info anchor="bottom" id="Terminal" order="7" />
      <window_info anchor="bottom" id="Endpoints" order="8" show_stripe_button="false" />
      <window_info anchor="bottom" id="Services" order="9" />
      <window_info anchor="bottom" id="Profiler" order="10" />
      <window_info anchor="right" id="Database" order="0" />
      <window_info anchor="right" id="Notifications" order="1" weight="0.25" />
    </layout>
    <recentWindows>
      <value>Project</value>
    </recentWindows>
  </component>
  <component name="WindowStateProjectService">
    <state x="277" y="52" key="SettingsEditor" timestamp="1653352601319">
      <screen x="0" y="0" width="1536" height="824" />
    </state>
    <state x="277" y="52" key="SettingsEditor/0.0.1536.824@0.0.1536.824" timestamp="1653352601319" />
  </component>
  <component name="editorHistoryManager">
    <entry file="file://$PROJECT_DIR$/.idea/modules.xml">
      <provider selected="true" editor-type-id="text-editor" />
    </entry>
    <entry file="file://$PROJECT_DIR$/.idea/misc.xml">
      <provider selected="true" editor-type-id="text-editor" />
    </entry>
    <entry file="file://$PROJECT_DIR$/.idea/vcs.xml">
      <provider selected="true" editor-type-id="text-editor" />
    </entry>
    <entry file="file://$PROJECT_DIR$/assets/css/styles.css">
      <provider selected="true" editor-type-id="text-editor">
        <state relative-caret-position="88">
          <caret line="25" column="15" lean-forward="true" selection-start-line="25" selection-start-column="15" selection-end-line="25" selection-end-column="15" />
        </state>
      </provider>
    </entry>
    <entry file="file://$PROJECT_DIR$/assets/images/socks_01.jpg">
      <provider selected="true" editor-type-id="images" />
    </entry>
    <entry file="file://$PROJECT_DIR$/assets/images/socks_02.jpg">
      <provider selected="true" editor-type-id="images" />
    </entry>
    <entry file="file://$PROJECT_DIR$/assets/util/ProductDetails.js">
      <provider selected="true" editor-type-id="text-editor" />
    </entry>
    <entry file="file://$PROJECT_DIR$/assets/util/main.js">
      <provider selected="true" editor-type-id="text-editor">
        <state relative-caret-position="176">
          <caret line="8" column="6" lean-forward="true" selection-start-line="8" selection-start-column="6" selection-end-line="8" selection-end-column="6" />
        </state>
      </provider>
    </entry>
    <entry file="file://$PROJECT_DIR$/assets/util/ProductDisplay.js">
      <provider selected="true" editor-type-id="text-editor">
        <state relative-caret-position="286">
          <caret line="13" column="33" lean-forward="true" selection-start-line="13" selection-start-column="33" selection-end-line="13" selection-end-column="33" />
        </state>
      </provider>
    </entry>
    <entry file="file://$PROJECT_DIR$/assets/util/ReviewForm.js">
      <provider selected="true" editor-type-id="text-editor" />
    </entry>
    <entry file="file://$PROJECT_DIR$/assets/util/ReviewList.js">
      <provider selected="true" editor-type-id="text-editor">
        <state relative-caret-position="110">
          <caret line="5" column="9" lean-forward="true" selection-start-line="5" selection-start-column="9" selection-end-line="5" selection-end-column="9" />
        </state>
      </provider>
    </entry>
    <entry file="file://$PROJECT_DIR$/index.html">
      <provider selected="true" editor-type-id="text-editor">
        <state relative-caret-position="198">
          <caret line="9" selection-start-line="9" selection-end-line="10" />
        </state>
      </provider>
    </entry>
  </component>
</project>