<project version="4">
  <component name="BookmarksManager">
    <option name="groups">
      <GroupState>
        <option name="name" value="01.catCart_cdn_2.x" />
      </GroupState>
    </option>
  </component>
  <component name="FileEditorManager">
    <leaf />
  </component>
  <component name="FileTypeUsageLocalSummary">
    <fileType name="HTML">
      <summary usageCount="1" lastUsed="1653352943924" />
    </fileType>
    <fileType name="WebPreview">
      <summary usageCount="1" lastUsed="1653353024253" />
    </fileType>
  </component>
  <component name="FindInProjectRecents">
    <findStrings>
      <find>main</find>
    </findStrings>
  </component>
  <component name="IdeDocumentHistory">
    <changedPaths>
      <option value="$PROJECT_DIR$/index_01.html" />
    </changedPaths>
  </component>
  <component name="IgnoredFileRootStore">
    <option name="generatedRoots">
      <set>
        <option value="$PROJECT_DIR$/.idea" />
      </set>
    </option>
  </component>
  <component name="ProjectView">
    <navigator currentView="ProjectPane" proportions="" version="1" />
    <panes>
      <pane id="ProjectPane">
        <subPane>
          <expand>
            <path>
              <item name="01.catCart_cdn_2.x" type="b2602c69:ProjectViewProjectNode" />
              <item name="01.catCart_cdn_2.x" type="462c0819:PsiDirectoryNode" />
            </path>
          </expand>
          <select />
        </subPane>
      </pane>
      <pane id="PackagesPane" />
      <pane id="Scope" />
    </panes>
  </component>
  <component name="TimeTrackingManager">
    <option name="totallyTimeSpent" value="408000" />
  </component>
  <component name="ToolWindowManager">
    <layout>
      <window_info id="Bookmarks" order="0" side_tool="true" />
      <window_info content_ui="combo" id="Project" order="0" visible="true" weight="0.25016266" />
      <window_info id="Learn" order="0" />
      <window_info id="Structure" order="0" side_tool="true" />
      <window_info anchor="bottom" id="Version Control" order="0" />
      <window_info anchor="bottom" id="Find" order="1" />
      <window_info anchor="bottom" id="Run" order="2" />
      <window_info anchor="bottom" id="Debug" order="3" weight="0.4" />
      <window_info anchor="bottom" id="TODO" order="4" />
      <window_info anchor="bottom" id="Inspection" order="4" weight="0.4" />
      <window_info anchor="bottom" id="Problems View" order="4" visible="true" weight="0.3294903" />
      <window_info anchor="bottom" id="Terminal" order="4" />
      <window_info anchor="bottom" id="Endpoints" order="4" show_stripe_button="false" />
      <window_info anchor="bottom" id="Services" order="4" />
      <window_info anchor="bottom" id="Profiler" order="4" />
      <window_info anchor="right" id="Database" order="0" />
      <window_info anchor="right" id="Notifications" order="0" weight="0.25" />
    </layout>
    <recentWindows>
      <value>Problems View</value>
      <value>Project</value>
    </recentWindows>
  </component>
  <component name="editorHistoryManager">
    <entry file="file://$PROJECT_DIR$/index_01.html">
      <provider selected="true" editor-type-id="text-editor">
        <state relative-caret-position="159">
          <caret line="311" column="54" lean-forward="true" selection-start-line="311" selection-start-column="54" selection-end-line="311" selection-end-column="54" />
        </state>
      </provider>
      <provider editor-type-id="web-preview-editor" />
    </entry>
  </component>
</project>