<project version="4">
  <component name="BookmarksManager">
    <option name="groups">
      <GroupState>
        <option name="name" value="04.catCart_cli" />
      </GroupState>
    </option>
  </component>
  <component name="FileEditorManager">
    <leaf SIDE_TABS_SIZE_LIMIT_KEY="-1">
      <file pinned="false" current-in-tab="true">
        <entry file="file://$PROJECT_DIR$/src/views/MainView.vue">
          <provider selected="true" editor-type-id="text-editor">
            <state relative-caret-position="155">
              <caret line="133" column="20" lean-forward="true" selection-start-line="133" selection-start-column="20" selection-end-line="133" selection-end-column="20" />
            </state>
          </provider>
        </entry>
      </file>
    </leaf>
  </component>
  <component name="FileTypeUsageLocalSummary">
    <fileType name="JSON">
      <summary usageCount="1" lastUsed="1653353572552" />
    </fileType>
    <fileType name="Markdown">
      <summary usageCount="1" lastUsed="1653353354149" />
    </fileType>
    <fileType name="Vue.js">
      <summary usageCount="3" lastUsed="1653353974760" />
    </fileType>
  </component>
  <component name="FindInProjectRecents">
    <findStrings>
      <find>cgu</find>
    </findStrings>
  </component>
  <component name="IdeDocumentHistory">
    <changedPaths>
      <option value="$PROJECT_DIR$/src/views/MainView.vue" />
    </changedPaths>
  </component>
  <component name="IgnoredFileRootStore">
    <option name="generatedRoots">
      <set>
        <option value="$PROJECT_DIR$/.idea" />
      </set>
    </option>
  </component>
  <component name="ProjectView">
    <navigator currentView="ProjectPane" proportions="" version="1" />
    <panes>
      <pane id="ProjectPane">
        <subPane>
          <expand>
            <path>
              <item name="04.catCart_cli" type="b2602c69:ProjectViewProjectNode" />
              <item name="04.catCart_cli" type="462c0819:PsiDirectoryNode" />
            </path>
            <path>
              <item name="04.catCart_cli" type="b2602c69:ProjectViewProjectNode" />
              <item name="04.catCart_cli" type="462c0819:PsiDirectoryNode" />
              <item name="src" type="462c0819:PsiDirectoryNode" />
            </path>
            <path>
              <item name="04.catCart_cli" type="b2602c69:ProjectViewProjectNode" />
              <item name="04.catCart_cli" type="462c0819:PsiDirectoryNode" />
              <item name="src" type="462c0819:PsiDirectoryNode" />
              <item name="views" type="462c0819:PsiDirectoryNode" />
            </path>
          </expand>
          <select />
        </subPane>
      </pane>
      <pane id="PackagesPane" />
      <pane id="Scope" />
    </panes>
  </component>
  <component name="TerminalArrangementManager">
    <option name="myTabStates">
      <TerminalTabState tabName="로컬" currentWorkingDirectory="C:\work\GitHub\HTML5\06.Vue\04.catCart_cli\" commandHistoryFileName="04.catCart_cli-history" />
    </option>
  </component>
  <component name="TimeTrackingManager">
    <option name="totallyTimeSpent" value="1340000" />
  </component>
  <component name="ToolWindowManager">
    <editor active="true" />
    <layout>
      <window_info id="Bookmarks" order="0" side_tool="true" />
      <window_info content_ui="combo" id="Project" order="1" visible="true" weight="0.25016266" />
      <window_info id="Learn" order="2" />
      <window_info id="Structure" order="3" side_tool="true" />
      <window_info anchor="bottom" id="Version Control" order="0" />
      <window_info anchor="bottom" id="Find" order="1" />
      <window_info anchor="bottom" id="Run" order="2" />
      <window_info anchor="bottom" id="Debug" order="3" weight="0.4" />
      <window_info anchor="bottom" id="TODO" order="4" />
      <window_info anchor="bottom" id="Inspection" order="5" weight="0.4" />
      <window_info anchor="bottom" id="Problems View" order="6" visible="true" weight="0.3294903" />
      <window_info anchor="bottom" id="Terminal" order="7" weight="0.3294903" />
      <window_info anchor="bottom" id="Endpoints" order="8" show_stripe_button="false" />
      <window_info anchor="bottom" id="Services" order="9" />
      <window_info anchor="bottom" id="Profiler" order="10" />
      <window_info anchor="right" id="Database" order="0" />
      <window_info anchor="right" id="Notifications" order="1" weight="0.25" />
    </layout>
    <recentWindows>
      <value>Problems View</value>
      <value>Terminal</value>
      <value>Project</value>
    </recentWindows>
  </component>
  <component name="WindowStateProjectService">
    <state x="253" y="39" key="SettingsEditor" timestamp="1653353859473">
      <screen x="0" y="0" width="1536" height="824" />
    </state>
    <state x="253" y="39" key="SettingsEditor/0.0.1536.824@0.0.1536.824" timestamp="1653353859473" />
  </component>
  <component name="editorHistoryManager">
    <entry file="file://$PROJECT_DIR$/README.md">
      <provider selected="true" editor-type-id="split-provider[text-editor;markdown-preview-editor]" />
    </entry>
    <entry file="file://$PROJECT_DIR$/package.json">
      <provider selected="true" editor-type-id="text-editor">
        <state relative-caret-position="110">
          <caret line="5" column="10" selection-start-line="5" selection-start-column="5" selection-end-line="5" selection-end-column="10" />
        </state>
      </provider>
    </entry>
    <entry file="file://$PROJECT_DIR$/src/views/MainView.vue">
      <provider selected="true" editor-type-id="text-editor">
        <state relative-caret-position="155">
          <caret line="133" column="20" lean-forward="true" selection-start-line="133" selection-start-column="20" selection-end-line="133" selection-end-column="20" />
        </state>
      </provider>
    </entry>
  </component>
</project>