<project version="4">
  <component name="BookmarksManager">
    <option name="groups">
      <GroupState>
        <option name="name" value="untitled" />
      </GroupState>
    </option>
  </component>
  <component name="FileEditorManager">
    <leaf />
  </component>
  <component name="FileTypeUsageLocalSummary">
    <fileType name="Gradle">
      <summary usageCount="1" lastUsed="1653401634933" />
    </fileType>
  </component>
  <component name="IgnoredFileRootStore">
    <option name="generatedRoots">
      <set>
        <option value="$PROJECT_DIR$/.idea" />
      </set>
    </option>
  </component>
  <component name="ProjectView">
    <navigator currentView="ProjectPane" proportions="" version="1" />
    <panes>
      <pane id="PackagesPane" />
      <pane id="ProjectPane" />
      <pane id="Scope" />
    </panes>
  </component>
  <component name="TimeTrackingManager">
    <option name="totallyTimeSpent" value="117000" />
  </component>
  <component name="ToolWindowManager">
    <layout>
      <window_info id="Bookmarks" order="0" side_tool="true" />
      <window_info content_ui="combo" id="Project" order="0" visible="true" weight="0.25016266" />
      <window_info id="Learn" order="0" />
      <window_info id="Structure" order="0" side_tool="true" />
      <window_info anchor="bottom" id="Version Control" order="0" />
      <window_info anchor="bottom" id="Find" order="1" />
      <window_info anchor="bottom" id="Run" order="2" />
      <window_info anchor="bottom" id="Debug" order="3" weight="0.4" />
      <window_info anchor="bottom" id="TODO" order="4" />
      <window_info anchor="bottom" id="종속성" order="4" />
      <window_info anchor="bottom" id="Inspection" order="4" weight="0.4" />
      <window_info anchor="bottom" id="Problems View" order="4" />
      <window_info anchor="bottom" id="Terminal" order="4" />
      <window_info anchor="bottom" id="Endpoints" order="4" show_stripe_button="false" />
      <window_info anchor="bottom" id="Services" order="4" />
      <window_info anchor="bottom" id="Profiler" order="4" />
      <window_info anchor="bottom" id="Build" order="4" visible="true" weight="0.3294903" />
      <window_info anchor="right" id="Database" order="0" />
      <window_info anchor="right" id="Notifications" order="0" weight="0.25" />
    </layout>
    <recentWindows>
      <value>Build</value>
      <value>Project</value>
    </recentWindows>
  </component>
  <component name="WindowStateProjectService">
    <state x="549" y="167" key="FileChooserDialogImpl" timestamp="1653401716817">
      <screen x="0" y="0" width="1536" height="824" />
    </state>
    <state x="549" y="167" key="FileChooserDialogImpl/0.0.1536.824@0.0.1536.824" timestamp="1653401716817" />
    <state x="368" y="83" width="800" height="657" key="new project wizard" timestamp="1653401743084">
      <screen x="0" y="0" width="1536" height="824" />
    </state>
    <state x="368" y="83" width="800" height="657" key="new project wizard/0.0.1536.824@0.0.1536.824" timestamp="1653401743084" />
  </component>
  <component name="editorHistoryManager">
    <entry file="file://$PROJECT_DIR$/build.gradle">
      <provider selected="true" editor-type-id="text-editor" />
    </entry>
  </component>
</project>