<project version="4">
  <component name="BookmarksManager">
    <option name="groups">
      <GroupState>
        <option name="name" value="DongSungSI" />
      </GroupState>
    </option>
  </component>
  <component name="FileEditorManager">
    <leaf SIDE_TABS_SIZE_LIMIT_KEY="-1">
      <file pinned="false" current-in-tab="true">
        <entry file="file://$PROJECT_DIR$/src/main/java/com/example/dongsungsi/controller/TutorialController.java">
          <provider selected="true" editor-type-id="text-editor">
            <state relative-caret-position="278">
              <caret line="22" column="62" lean-forward="true" selection-start-line="22" selection-start-column="62" selection-end-line="22" selection-end-column="62" />
              <folding>
                <element signature="imports" expanded="true" />
              </folding>
            </state>
          </provider>
        </entry>
      </file>
      <file pinned="false" current-in-tab="false">
        <entry file="file://$PROJECT_DIR$/src/main/java/com/example/dongsungsi/service/TutorialServiceImp.java">
          <provider selected="true" editor-type-id="text-editor">
            <state relative-caret-position="292">
              <caret line="23" column="3" selection-start-line="23" selection-start-column="3" selection-end-line="23" selection-end-column="3" />
              <folding>
                <element signature="imports" expanded="true" />
                <element signature="e#1016#1017#0" expanded="true" />
                <element signature="e#1063#1064#0" expanded="true" />
                <element signature="e#1140#1141#0" expanded="true" />
                <element signature="e#1201#1202#0" expanded="true" />
              </folding>
            </state>
          </provider>
        </entry>
      </file>
      <file pinned="false" current-in-tab="false">
        <entry file="file://$PROJECT_DIR$/src/main/java/com/example/dongsungsi/model/Tutorial.java">
          <provider selected="true" editor-type-id="text-editor">
            <state relative-caret-position="418">
              <caret line="21" column="21" selection-start-line="21" selection-start-column="21" selection-end-line="21" selection-end-column="21" />
              <folding>
                <element signature="imports" expanded="true" />
              </folding>
            </state>
          </provider>
        </entry>
      </file>
    </leaf>
  </component>
  <component name="FileTypeUsageLocalSummary">
    <fileType name="Gradle">
      <summary usageCount="1" lastUsed="1653443379215" />
    </fileType>
    <fileType name="HTTP Request">
      <summary usageCount="7" lastUsed="1653531514883" />
    </fileType>
    <fileType name="JAVA">
      <summary usageCount="41" lastUsed="1653614796269" />
    </fileType>
    <fileType name="Markdown">
      <summary usageCount="1" lastUsed="1653443191467" />
    </fileType>
    <fileType name="Properties">
      <summary usageCount="2" lastUsed="1653443442106" />
    </fileType>
    <fileType name="UML">
      <summary usageCount="3" lastUsed="1653462494557" />
    </fileType>
    <fileType name="XML">
      <summary usageCount="10" lastUsed="1653525942938" />
    </fileType>
  </component>
  <component name="FindInProjectRecents">
    <findStrings>
      <find>findbyid</find>
      <find>title</find>
      <find>DELETE_Y</find>
      <find>findByTitleContaining</find>
      <find>con</find>
      <find>createTutorial</find>
      <find>update</find>
      <find>logger</find>
      <find>save</find>
      <find>insert</find>
      <find>get</find>
      <find>putMapping</find>
      <find>r</find>
      <find>최초</find>
      <find>Getmapping</find>
    </findStrings>
  </component>
  <component name="GitSEFilterConfiguration">{
}</component>
  <component name="IdeDocumentHistory">
    <changedPaths>
      <option value="$PROJECT_DIR$/src/main/resources/logback-spring.xml" />
      <option value="$PROJECT_DIR$/src/main/resources/application.properties" />
      <option value="$PROJECT_DIR$/build.gradle" />
      <option value="$PROJECT_DIR$/src/main/java/com/example/dongsungsi/dao/TutorialDao.java" />
      <option value="$PROJECT_DIR$/src/main/java/com/example/dongsungsi/service/TutorialService.java" />
      <option value="$PROJECT_DIR$/src/main/resources/mappers/Tutorial.xml" />
      <option value="$PROJECT_DIR$/src/main/java/com/example/dongsungsi/service/TutorialServiceImp.java" />
      <option value="$APPLICATION_CONFIG_DIR$/scratches/generated-requests.http" />
      <option value="$PROJECT_DIR$/src/main/java/com/example/dongsungsi/model/Tutorial.java" />
      <option value="$PROJECT_DIR$/src/main/java/com/example/dongsungsi/controller/TutorialController.java" />
    </changedPaths>
  </component>
  <component name="IgnoredFileRootStore">
    <option name="generatedRoots">
      <set>
        <option value="$PROJECT_DIR$/.idea" />
      </set>
    </option>
  </component>
  <component name="ProjectView">
    <navigator currentView="ProjectPane" proportions="" version="1" />
    <panes>
      <pane id="PackagesPane" />
      <pane id="ProjectPane">
        <subPane>
          <expand>
            <path>
              <item name="DongSungSI" type="b2602c69:ProjectViewProjectNode" />
              <item name="DongSungSI" type="8a07ba80:GradleTreeStructureProvider$GradleModuleDirectoryNode" />
            </path>
          </expand>
          <select />
        </subPane>
      </pane>
      <pane id="Scope" />
    </panes>
  </component>
  <component name="RunConfigurationStartHistory">
    <history>
      <element setting="Spring Boot.DongSungSiApplication" executorId="Run" />
      <element setting="HTTP 요청.generated-requests | #44" executorId="Run" />
      <element setting="HTTP 요청.generated-requests | #36" executorId="Run" />
      <element setting="HTTP 요청.generated-requests | #43" executorId="Run" />
      <element setting="HTTP 요청.generated-requests | #42" executorId="Run" />
      <element setting="HTTP 요청.generated-requests | #41" executorId="Run" />
      <element setting="HTTP 요청.generated-requests | #40" executorId="Run" />
      <element setting="HTTP 요청.generated-requests | #37" executorId="Run" />
    </history>
  </component>
  <component name="ServiceViewManager">
    <option name="viewStates">
      <list>
        <serviceView>
          <option name="contentProportion" value="0.3101093" />
          <treeState>
            <expand>
              <path>
                <item name="services root" type="e789fda9:ObjectUtils$Sentinel" />
                <item name="HTTP 요청" type="7427dc5b:ServiceModel$ServiceGroupNode" />
              </path>
              <path>
                <item name="services root" type="e789fda9:ObjectUtils$Sentinel" />
                <item name="HTTP 요청" type="7427dc5b:ServiceModel$ServiceGroupNode" />
                <item name="완료" type="7427dc5b:ServiceModel$ServiceGroupNode" />
              </path>
            </expand>
            <select />
          </treeState>
        </serviceView>
      </list>
    </option>
  </component>
  <component name="TimeTrackingManager">
    <option name="totallyTimeSpent" value="43906000" />
  </component>
  <component name="ToolWindowManager">
    <layout>
      <window_info id="Bookmarks" order="0" side_tool="true" />
      <window_info content_ui="combo" id="Project" order="1" visible="true" weight="0.22543916" />
      <window_info id="Web" order="2" show_stripe_button="false" side_tool="true" />
      <window_info id="Learn" order="3" />
      <window_info id="Structure" order="4" side_tool="true" />
      <window_info anchor="bottom" id="Version Control" order="0" />
      <window_info anchor="bottom" id="Find" order="1" />
      <window_info anchor="bottom" id="Run" order="2" show_stripe_button="false" weight="0.34890777" />
      <window_info anchor="bottom" id="Debug" order="3" weight="0.4" />
      <window_info anchor="bottom" id="TODO" order="4" />
      <window_info anchor="bottom" id="종속성" order="5" />
      <window_info anchor="bottom" id="Java Enterprise" order="6" show_stripe_button="false" />
      <window_info anchor="bottom" id="Inspection" order="7" weight="0.4" />
      <window_info anchor="bottom" id="Problems View" order="8" weight="0.3294903" />
      <window_info anchor="bottom" id="Spring" order="9" />
      <window_info anchor="bottom" id="Terminal" order="10" />
      <window_info anchor="bottom" id="Endpoints" order="11" />
      <window_info anchor="bottom" id="Services" order="12" weight="0.3610437" />
      <window_info anchor="bottom" id="Profiler" order="13" />
      <window_info anchor="bottom" id="Build" order="14" weight="0.3294903" />
      <window_info anchor="right" id="Database" order="0" />
      <window_info anchor="right" id="Gradle" order="1" />
      <window_info anchor="right" id="Notifications" order="2" weight="0.25016266" />
    </layout>
    <recentWindows>
      <value>Run</value>
      <value>Project</value>
      <value>Services</value>
      <value>Build</value>
      <value>Notifications</value>
      <value>Problems View</value>
    </recentWindows>
  </component>
  <component name="WindowStateProjectService">
    <state x="574" y="104" key="#com.intellij.ide.util.MemberChooser" timestamp="1653459345646">
      <screen x="0" y="0" width="1536" height="824" />
    </state>
    <state x="574" y="104" key="#com.intellij.ide.util.MemberChooser/0.0.1536.824@0.0.1536.824" timestamp="1653459345646" />
    <state width="1493" height="259" key="GridCell.Tab.0.bottom" timestamp="1653641377111">
      <screen x="0" y="0" width="1536" height="824" />
    </state>
    <state width="1493" height="259" key="GridCell.Tab.0.bottom/0.0.1536.824@0.0.1536.824" timestamp="1653641377111" />
    <state width="1493" height="259" key="GridCell.Tab.0.center" timestamp="1653641377111">
      <screen x="0" y="0" width="1536" height="824" />
    </state>
    <state width="1493" height="259" key="GridCell.Tab.0.center/0.0.1536.824@0.0.1536.824" timestamp="1653641377111" />
    <state width="1493" height="259" key="GridCell.Tab.0.left" timestamp="1653641377111">
      <screen x="0" y="0" width="1536" height="824" />
    </state>
    <state width="1493" height="259" key="GridCell.Tab.0.left/0.0.1536.824@0.0.1536.824" timestamp="1653641377111" />
    <state width="1493" height="259" key="GridCell.Tab.0.right" timestamp="1653641377111">
      <screen x="0" y="0" width="1536" height="824" />
    </state>
    <state width="1493" height="259" key="GridCell.Tab.0.right/0.0.1536.824@0.0.1536.824" timestamp="1653641377111" />
    <state width="1493" height="259" key="GridCell.Tab.1.bottom" timestamp="1653641377111">
      <screen x="0" y="0" width="1536" height="824" />
    </state>
    <state width="1493" height="259" key="GridCell.Tab.1.bottom/0.0.1536.824@0.0.1536.824" timestamp="1653641377111" />
    <state width="1493" height="259" key="GridCell.Tab.1.center" timestamp="1653641377111">
      <screen x="0" y="0" width="1536" height="824" />
    </state>
    <state width="1493" height="259" key="GridCell.Tab.1.center/0.0.1536.824@0.0.1536.824" timestamp="1653641377111" />
    <state width="1493" height="259" key="GridCell.Tab.1.left" timestamp="1653641377111">
      <screen x="0" y="0" width="1536" height="824" />
    </state>
    <state width="1493" height="259" key="GridCell.Tab.1.left/0.0.1536.824@0.0.1536.824" timestamp="1653641377111" />
    <state width="1493" height="259" key="GridCell.Tab.1.right" timestamp="1653641377111">
      <screen x="0" y="0" width="1536" height="824" />
    </state>
    <state width="1493" height="259" key="GridCell.Tab.1.right/0.0.1536.824@0.0.1536.824" timestamp="1653641377111" />
    <state x="277" y="52" key="SettingsEditor" timestamp="1653443704580">
      <screen x="0" y="0" width="1536" height="824" />
    </state>
    <state x="277" y="52" key="SettingsEditor/0.0.1536.824@0.0.1536.824" timestamp="1653443704580" />
    <state x="431" y="138" width="672" height="685" key="search.everywhere.popup" timestamp="1653463817072">
      <screen x="0" y="0" width="1536" height="824" />
    </state>
    <state x="431" y="138" width="672" height="685" key="search.everywhere.popup/0.0.1536.824@0.0.1536.824" timestamp="1653463817072" />
  </component>
  <component name="editorHistoryManager">
    <entry file="file://$PROJECT_DIR$/HELP.md">
      <provider selected="true" editor-type-id="split-provider[text-editor;markdown-preview-editor]" />
    </entry>
    <entry file="file://$PROJECT_DIR$/src/main/resources/log4jdbc.log4j2.properties">
      <provider selected="true" editor-type-id="text-editor">
        <state relative-caret-position="22">
          <caret line="1" column="33" lean-forward="true" selection-start-line="1" selection-start-column="33" selection-end-line="1" selection-end-column="33" />
        </state>
      </provider>
    </entry>
    <entry file="file://$PROJECT_DIR$/src/main/resources/application.properties">
      <provider selected="true" editor-type-id="text-editor">
        <state relative-caret-position="330">
          <caret line="21" column="56" lean-forward="true" selection-start-line="21" selection-start-column="56" selection-end-line="21" selection-end-column="56" />
        </state>
      </provider>
    </entry>
    <entry file="file://$PROJECT_DIR$/build.gradle">
      <provider selected="true" editor-type-id="text-editor">
        <state relative-caret-position="247">
          <caret line="32" column="54" lean-forward="true" selection-start-line="32" selection-start-column="54" selection-end-line="32" selection-end-column="54" />
        </state>
      </provider>
    </entry>
    <entry file="file://$PROJECT_DIR$/src/main/resources/logback-spring.xml">
      <provider selected="true" editor-type-id="text-editor">
        <state relative-caret-position="220">
          <caret line="13" column="18" lean-forward="true" selection-start-line="13" selection-start-column="18" selection-end-line="13" selection-end-column="18" />
        </state>
      </provider>
    </entry>
    <entry file="file://$PROJECT_DIR$/../../10.Spring/03.SpringBoot/TaeGyungSite/src/main/resources/mappers/Board.xml" />
    <entry file="uml://JAVA/C:/work/GitHub/HTML5/종합실습/DongSungSI/src">
      <provider selected="true" editor-type-id="UmlEditorProvider" />
    </entry>
    <entry file="uml://JAVA/com.example.dongsungsi.controller.TutorialController">
      <provider selected="true" editor-type-id="UmlEditorProvider" />
    </entry>
    <entry file="uml://Gradle/DongSungSI/DongSungSI">
      <provider selected="true" editor-type-id="UmlEditorProvider" />
    </entry>
    <entry file="file://$PROJECT_DIR$/../../10.Spring/03.SpringBoot/TaeGyungSite/src/main/java/com/example/taegyungsite/controller/BoardApiController.java" />
    <entry file="jar://$PROJECT_DIR$/../../../../../Program Files/Java/jdk1.8.0_311/src.zip!/java/util/Optional.java" />
    <entry file="file://$PROJECT_DIR$/src/main/resources/mappers/Tutorial.xml">
      <provider selected="true" editor-type-id="text-editor">
        <state relative-caret-position="211">
          <caret line="90" column="44" lean-forward="true" selection-start-line="90" selection-start-column="44" selection-end-line="90" selection-end-column="44" />
        </state>
      </provider>
    </entry>
    <entry file="file://$PROJECT_DIR$/src/main/java/com/example/dongsungsi/service/TutorialService.java">
      <provider selected="true" editor-type-id="text-editor">
        <state relative-caret-position="185">
          <caret line="21" column="48" lean-forward="true" selection-start-line="21" selection-start-column="48" selection-end-line="21" selection-end-column="48" />
          <folding>
            <element signature="imports" expanded="true" />
          </folding>
        </state>
      </provider>
    </entry>
    <entry file="file://$PROJECT_DIR$/src/main/java/com/example/dongsungsi/dao/TutorialDao.java">
      <provider selected="true" editor-type-id="text-editor">
        <state relative-caret-position="234">
          <caret line="37" column="19" selection-start-line="37" selection-start-column="19" selection-end-line="37" selection-end-column="19" />
          <folding>
            <element signature="imports" expanded="true" />
          </folding>
        </state>
      </provider>
    </entry>
    <entry file="file://$APPLICATION_CONFIG_DIR$/scratches/generated-requests.http">
      <provider selected="true" editor-type-id="text-editor">
        <state relative-caret-position="172">
          <caret line="393" column="48" lean-forward="true" selection-start-line="393" selection-start-column="48" selection-end-line="393" selection-end-column="48" />
        </state>
      </provider>
    </entry>
    <entry file="file://$PROJECT_DIR$/src/main/java/com/example/dongsungsi/model/Tutorial.java">
      <provider selected="true" editor-type-id="text-editor">
        <state relative-caret-position="418">
          <caret line="21" column="21" selection-start-line="21" selection-start-column="21" selection-end-line="21" selection-end-column="21" />
          <folding>
            <element signature="imports" expanded="true" />
          </folding>
        </state>
      </provider>
    </entry>
    <entry file="file://$PROJECT_DIR$/src/main/java/com/example/dongsungsi/service/TutorialServiceImp.java">
      <provider selected="true" editor-type-id="text-editor">
        <state relative-caret-position="292">
          <caret line="23" column="3" lean-forward="true" selection-start-line="23" selection-start-column="3" selection-end-line="23" selection-end-column="3" />
          <folding>
            <element signature="imports" expanded="true" />
            <element signature="e#1016#1017#0" expanded="true" />
            <element signature="e#1063#1064#0" expanded="true" />
            <element signature="e#1140#1141#0" expanded="true" />
            <element signature="e#1201#1202#0" expanded="true" />
          </folding>
        </state>
      </provider>
    </entry>
    <entry file="file://$PROJECT_DIR$/src/main/java/com/example/dongsungsi/controller/TutorialController.java">
      <provider selected="true" editor-type-id="text-editor">
        <state relative-caret-position="278">
          <caret line="22" column="62" lean-forward="true" selection-start-line="22" selection-start-column="62" selection-end-line="22" selection-end-column="62" />
          <folding>
            <element signature="imports" expanded="true" />
          </folding>
        </state>
      </provider>
    </entry>
  </component>
</project>