<project version="4">
  <component name="BookmarksManager">
    <option name="groups">
      <GroupState>
        <option name="name" value="untitled" />
      </GroupState>
    </option>
  </component>
  <component name="FileEditorManager">
    <leaf SIDE_TABS_SIZE_LIMIT_KEY="-1">
      <file pinned="false" current-in-tab="true">
        <entry file="file://$PROJECT_DIR$/src/main/java/scanner.java">
          <provider selected="true" editor-type-id="text-editor">
            <state relative-caret-position="484">
              <caret line="22" column="32" lean-forward="true" selection-start-line="22" selection-start-column="32" selection-end-line="22" selection-end-column="32" />
            </state>
          </provider>
        </entry>
      </file>
    </leaf>
  </component>
  <component name="FileTypeUsageLocalSummary">
    <fileType name="Gradle">
      <summary usageCount="1" lastUsed="1653491539974" />
    </fileType>
    <fileType name="JAVA">
      <summary usageCount="5" lastUsed="1653724075139" />
    </fileType>
  </component>
  <component name="IdeDocumentHistory">
    <changedPaths>
      <option value="$PROJECT_DIR$/src/main/java/print.java" />
      <option value="$PROJECT_DIR$/src/main/java/println.java" />
      <option value="$PROJECT_DIR$/src/main/java/scanner.java" />
    </changedPaths>
  </component>
  <component name="IgnoredFileRootStore">
    <option name="generatedRoots">
      <set>
        <option value="$PROJECT_DIR$/.idea" />
      </set>
    </option>
  </component>
  <component name="ProjectView">
    <navigator currentView="ProjectPane" proportions="" version="1" />
    <panes>
      <pane id="PackagesPane" />
      <pane id="ProjectPane">
        <subPane>
          <expand>
            <path>
              <item name="untitled" type="b2602c69:ProjectViewProjectNode" />
              <item name="untitled" type="8a07ba80:GradleTreeStructureProvider$GradleModuleDirectoryNode" />
            </path>
            <path>
              <item name="untitled" type="b2602c69:ProjectViewProjectNode" />
              <item name="untitled" type="8a07ba80:GradleTreeStructureProvider$GradleModuleDirectoryNode" />
              <item name="src" type="462c0819:PsiDirectoryNode" />
            </path>
            <path>
              <item name="untitled" type="b2602c69:ProjectViewProjectNode" />
              <item name="untitled" type="8a07ba80:GradleTreeStructureProvider$GradleModuleDirectoryNode" />
              <item name="src" type="462c0819:PsiDirectoryNode" />
              <item name="main" type="8a07ba80:GradleTreeStructureProvider$GradleModuleDirectoryNode" />
            </path>
          </expand>
          <select />
        </subPane>
      </pane>
      <pane id="Scope" />
    </panes>
  </component>
  <component name="RunConfigurationStartHistory">
    <history>
      <element setting="애플리케이션.scanner" executorId="Run" />
      <element setting="애플리케이션.println" executorId="Run" />
      <element setting="애플리케이션.print" executorId="Run" />
    </history>
  </component>
  <component name="TimeTrackingManager">
    <option name="totallyTimeSpent" value="4278000" />
  </component>
  <component name="ToolWindowManager">
    <editor active="true" />
    <layout>
      <window_info id="Bookmarks" order="0" side_tool="true" />
      <window_info content_ui="combo" id="Project" order="1" visible="true" weight="0.25016266" />
      <window_info id="Learn" order="2" />
      <window_info id="Structure" order="3" side_tool="true" />
      <window_info anchor="bottom" id="Version Control" order="0" />
      <window_info anchor="bottom" id="Find" order="1" />
      <window_info anchor="bottom" id="Run" order="2" show_stripe_button="false" weight="0.3294903" />
      <window_info anchor="bottom" id="Debug" order="3" weight="0.4" />
      <window_info anchor="bottom" id="TODO" order="4" />
      <window_info anchor="bottom" id="종속성" order="5" />
      <window_info anchor="bottom" id="Inspection" order="6" weight="0.4" />
      <window_info anchor="bottom" id="Problems View" order="7" />
      <window_info anchor="bottom" id="Terminal" order="8" />
      <window_info anchor="bottom" id="Endpoints" order="9" show_stripe_button="false" />
      <window_info anchor="bottom" id="Services" order="10" />
      <window_info anchor="bottom" id="Profiler" order="11" />
      <window_info anchor="bottom" id="Build" order="12" weight="0.3294903" />
      <window_info anchor="right" id="Database" order="0" />
      <window_info anchor="right" id="Gradle" order="1" />
      <window_info anchor="right" id="Notifications" order="2" weight="0.25" />
    </layout>
    <recentWindows>
      <value>Run</value>
      <value>Project</value>
      <value>Build</value>
    </recentWindows>
  </component>
  <component name="WindowStateProjectService">
    <state width="1493" height="243" key="GridCell.Tab.0.bottom" timestamp="1653725879036">
      <screen x="0" y="0" width="1536" height="824" />
    </state>
    <state width="1493" height="243" key="GridCell.Tab.0.bottom/0.0.1536.824@0.0.1536.824" timestamp="1653725879036" />
    <state width="1493" height="243" key="GridCell.Tab.0.center" timestamp="1653725879036">
      <screen x="0" y="0" width="1536" height="824" />
    </state>
    <state width="1493" height="243" key="GridCell.Tab.0.center/0.0.1536.824@0.0.1536.824" timestamp="1653725879036" />
    <state width="1493" height="243" key="GridCell.Tab.0.left" timestamp="1653725879036">
      <screen x="0" y="0" width="1536" height="824" />
    </state>
    <state width="1493" height="243" key="GridCell.Tab.0.left/0.0.1536.824@0.0.1536.824" timestamp="1653725879036" />
    <state width="1493" height="243" key="GridCell.Tab.0.right" timestamp="1653725879036">
      <screen x="0" y="0" width="1536" height="824" />
    </state>
    <state width="1493" height="243" key="GridCell.Tab.0.right/0.0.1536.824@0.0.1536.824" timestamp="1653725879036" />
  </component>
  <component name="editorHistoryManager">
    <entry file="file://$PROJECT_DIR$/build.gradle">
      <provider selected="true" editor-type-id="text-editor" />
    </entry>
    <entry file="file://$PROJECT_DIR$/src/main/java/scanner.java">
      <provider selected="true" editor-type-id="text-editor">
        <state relative-caret-position="484">
          <caret line="22" column="32" lean-forward="true" selection-start-line="22" selection-start-column="32" selection-end-line="22" selection-end-column="32" />
        </state>
      </provider>
    </entry>
  </component>
</project>