<project version="4">
  <component name="FileTypeUsageLocalSummary">
    <fileType name="PLAIN_TEXT">
      <summary usageCount="1" lastUsed="1653535542656" />
    </fileType>
  </component>
  <component name="TimeTrackingManager">
    <option name="totallyTimeSpent" value="88000" />
  </component>
  <component name="WindowStateProjectService">
    <state x="549" y="167" key="FileChooserDialogImpl" timestamp="1653535552637">
      <screen x="0" y="0" width="1536" height="824" />
    </state>
    <state x="549" y="167" key="FileChooserDialogImpl/0.0.1536.824@0.0.1536.824" timestamp="1653535552637" />
  </component>
  <component name="editorHistoryManager">
    <entry file="file://$USER_HOME$/.vuerc">
      <provider selected="true" editor-type-id="text-editor">
        <state relative-caret-position="44">
          <caret line="2" column="1" lean-forward="true" selection-start-line="2" selection-start-column="1" selection-end-line="2" selection-end-column="1" />
        </state>
      </provider>
    </entry>
  </component>
</project>