<project version="4">
  <component name="BookmarksManager">
    <option name="groups">
      <GroupState>
        <option name="name" value="front-end" />
      </GroupState>
    </option>
  </component>
  <component name="FileEditorManager">
    <leaf SIDE_TABS_SIZE_LIMIT_KEY="-1">
      <file pinned="false" current-in-tab="false">
        <entry file="file://$PROJECT_DIR$/src/components/TutorialsList.vue">
          <provider selected="true" editor-type-id="text-editor">
            <state relative-caret-position="2926">
              <caret line="133" column="32" selection-start-line="133" selection-start-column="26" selection-end-line="133" selection-end-column="32" />
            </state>
          </provider>
        </entry>
      </file>
      <file pinned="false" current-in-tab="true">
        <entry file="file://$PROJECT_DIR$/src/components/Tutorial.vue">
          <provider selected="true" editor-type-id="text-editor">
            <state relative-caret-position="203">
              <caret line="141" column="19" selection-start-line="141" selection-start-column="19" selection-end-line="141" selection-end-column="19" />
            </state>
          </provider>
        </entry>
      </file>
      <file pinned="false" current-in-tab="false">
        <entry file="file://$PROJECT_DIR$/src/router/index.js">
          <provider selected="true" editor-type-id="text-editor">
            <state relative-caret-position="352">
              <caret line="17" column="27" selection-start-line="17" selection-start-column="27" selection-end-line="17" selection-end-column="27" />
              <folding>
                <element signature="e#0#21#0" expanded="true" />
              </folding>
            </state>
          </provider>
        </entry>
      </file>
      <file pinned="false" current-in-tab="false">
        <entry file="file://$PROJECT_DIR$/src/services/TutorialDataService.js">
          <provider selected="true" editor-type-id="text-editor">
            <state relative-caret-position="418">
              <caret line="25" column="40" selection-start-line="25" selection-start-column="40" selection-end-line="25" selection-end-column="40" />
              <folding>
                <element signature="n#!!doc" expanded="true" />
              </folding>
            </state>
          </provider>
        </entry>
      </file>
      <file pinned="false" current-in-tab="false">
        <entry file="file://$PROJECT_DIR$/src/http-common.js">
          <provider selected="true" editor-type-id="text-editor">
            <state relative-caret-position="154">
              <caret line="7" column="4" selection-start-line="7" selection-start-column="4" selection-end-line="7" selection-end-column="4" />
            </state>
          </provider>
        </entry>
      </file>
      <file pinned="false" current-in-tab="false">
        <entry file="file://$PROJECT_DIR$/src/App.vue">
          <provider selected="true" editor-type-id="text-editor">
            <state relative-caret-position="352">
              <caret line="16" column="13" selection-start-line="16" selection-start-column="13" selection-end-line="16" selection-end-column="13" />
            </state>
          </provider>
        </entry>
      </file>
    </leaf>
  </component>
  <component name="FileTypeUsageLocalSummary">
    <fileType name="HTML">
      <summary usageCount="2" lastUsed="1653536096679" />
    </fileType>
    <fileType name="JavaScript">
      <summary usageCount="28" lastUsed="1653724056366" />
    </fileType>
    <fileType name="Markdown">
      <summary usageCount="1" lastUsed="1653535860627" />
    </fileType>
    <fileType name="Vue.js">
      <summary usageCount="19" lastUsed="1653724056392" />
    </fileType>
  </component>
  <component name="FindInProjectRecents">
    <findStrings>
      <find>create</find>
      <find>get/</find>
      <find>최초</find>
      <find>tutorials</find>
      <find>UPDATE</find>
      <find>update</find>
      <find>published</find>
      <find>click</find>
      <find>edit</find>
      <find>Delete</find>
    </findStrings>
    <dirStrings>
      <dir>C:\work\GitHub\HTML5\종합실습\Vue_Spring\front-end\src\services</dir>
    </dirStrings>
  </component>
  <component name="GitSEFilterConfiguration">{
}</component>
  <component name="IdeDocumentHistory">
    <changedPaths>
      <option value="$PROJECT_DIR$/public/index.html" />
      <option value="$PROJECT_DIR$/src/views/HomeView.vue" />
      <option value="$PROJECT_DIR$/src/services/TutorialDataService.js" />
      <option value="$PROJECT_DIR$/src/components/AddTutorial.vue" />
      <option value="$PROJECT_DIR$/src/http-common.js" />
      <option value="$USER_HOME$/Documents/카카오톡 받은 파일/TutorialsList.vue" />
      <option value="$PROJECT_DIR$/src/router/index.js" />
      <option value="$PROJECT_DIR$/src/App.vue" />
      <option value="$PROJECT_DIR$/src/components/TutorialsList.vue" />
      <option value="$PROJECT_DIR$/src/components/Tutorial.vue" />
    </changedPaths>
  </component>
  <component name="IgnoredFileRootStore">
    <option name="generatedRoots">
      <set>
        <option value="$PROJECT_DIR$/.idea" />
      </set>
    </option>
  </component>
  <component name="ProjectView">
    <navigator currentView="ProjectPane" proportions="" version="1" />
    <panes>
      <pane id="ProjectPane">
        <subPane>
          <expand>
            <path>
              <item name="front-end" type="b2602c69:ProjectViewProjectNode" />
              <item name="front-end" type="462c0819:PsiDirectoryNode" />
            </path>
            <path>
              <item name="front-end" type="b2602c69:ProjectViewProjectNode" />
              <item name="front-end" type="462c0819:PsiDirectoryNode" />
              <item name="src" type="462c0819:PsiDirectoryNode" />
            </path>
            <path>
              <item name="front-end" type="b2602c69:ProjectViewProjectNode" />
              <item name="front-end" type="462c0819:PsiDirectoryNode" />
              <item name="src" type="462c0819:PsiDirectoryNode" />
              <item name="assets" type="462c0819:PsiDirectoryNode" />
            </path>
            <path>
              <item name="front-end" type="b2602c69:ProjectViewProjectNode" />
              <item name="front-end" type="462c0819:PsiDirectoryNode" />
              <item name="src" type="462c0819:PsiDirectoryNode" />
              <item name="components" type="462c0819:PsiDirectoryNode" />
            </path>
            <path>
              <item name="front-end" type="b2602c69:ProjectViewProjectNode" />
              <item name="front-end" type="462c0819:PsiDirectoryNode" />
              <item name="src" type="462c0819:PsiDirectoryNode" />
              <item name="router" type="462c0819:PsiDirectoryNode" />
            </path>
            <path>
              <item name="front-end" type="b2602c69:ProjectViewProjectNode" />
              <item name="front-end" type="462c0819:PsiDirectoryNode" />
              <item name="src" type="462c0819:PsiDirectoryNode" />
              <item name="services" type="462c0819:PsiDirectoryNode" />
            </path>
            <path>
              <item name="front-end" type="b2602c69:ProjectViewProjectNode" />
              <item name="front-end" type="462c0819:PsiDirectoryNode" />
              <item name="src" type="462c0819:PsiDirectoryNode" />
              <item name="store" type="462c0819:PsiDirectoryNode" />
            </path>
            <path>
              <item name="front-end" type="b2602c69:ProjectViewProjectNode" />
              <item name="front-end" type="462c0819:PsiDirectoryNode" />
              <item name="src" type="462c0819:PsiDirectoryNode" />
              <item name="views" type="462c0819:PsiDirectoryNode" />
            </path>
          </expand>
          <select />
        </subPane>
      </pane>
      <pane id="PackagesPane" />
      <pane id="Scope" />
    </panes>
  </component>
  <component name="ServiceViewManager">
    <option name="viewStates">
      <list>
        <serviceView>
          <treeState>
            <expand />
            <select />
          </treeState>
        </serviceView>
      </list>
    </option>
  </component>
  <component name="TerminalArrangementManager">
    <option name="myTabStates">
      <TerminalTabState tabName="로컬" currentWorkingDirectory="$PROJECT_DIR$" commandHistoryFileName="front-end-history" />
    </option>
  </component>
  <component name="TimeTrackingManager">
    <option name="totallyTimeSpent" value="37905000" />
  </component>
  <component name="TodoView">
    <todo-panel id="selected-file">
      <is-autoscroll-to-source value="true" />
    </todo-panel>
    <todo-panel id="all">
      <are-packages-shown value="true" />
      <is-autoscroll-to-source value="true" />
    </todo-panel>
  </component>
  <component name="ToolWindowManager">
    <editor active="true" />
    <layout>
      <window_info id="Space Code Reviews" />
      <window_info id="Pull Requests" weight="0.3301887" />
      <window_info id="Commit" weight="0.3301887" />
      <window_info id="Bookmarks" order="0" side_tool="true" />
      <window_info id="Structure" order="1" sideWeight="0.4993094" side_tool="true" weight="0.22543916" />
      <window_info content_ui="combo" id="Project" order="2" visible="true" weight="0.25016266" />
      <window_info id="Learn" order="3" />
      <window_info anchor="bottom" id="Database Changes" show_stripe_button="false" />
      <window_info anchor="bottom" id="TypeScript" />
      <window_info anchor="bottom" id="Internal Method Tracing" />
      <window_info anchor="bottom" id="File Transfer" />
      <window_info anchor="bottom" id="Dependency Checker" />
      <window_info anchor="bottom" id="Version Control" order="0" />
      <window_info anchor="bottom" id="Find" order="1" />
      <window_info anchor="bottom" id="Run" order="2" />
      <window_info anchor="bottom" id="Debug" order="3" weight="0.4" />
      <window_info anchor="bottom" id="Endpoints" order="4" show_stripe_button="false" />
      <window_info anchor="bottom" id="Profiler" order="5" />
      <window_info anchor="bottom" id="TODO" order="6" weight="0.3294903" />
      <window_info anchor="bottom" id="Inspection" order="7" weight="0.4" />
      <window_info anchor="bottom" id="Problems View" order="8" />
      <window_info anchor="bottom" id="Terminal" order="9" visible="true" weight="0.3294903" />
      <window_info anchor="bottom" id="Services" order="10" weight="0.3294903" />
      <window_info anchor="right" id="documentation.v2" side_tool="true" />
      <window_info anchor="right" id="Layout Validation" />
      <window_info anchor="right" id="Gradle" />
      <window_info anchor="right" id="Database" order="0" />
      <window_info anchor="right" id="Notifications" order="1" weight="0.25" />
    </layout>
    <recentWindows>
      <value>Project</value>
      <value>Terminal</value>
      <value>Services</value>
      <value>TODO</value>
      <value>Pull Requests</value>
      <value>Commit</value>
      <value>Structure</value>
    </recentWindows>
  </component>
  <component name="WindowStateProjectService">
    <state x="499" y="159" key="#com.intellij.refactoring.safeDelete.UnsafeUsagesDialog" timestamp="1653537122224">
      <screen x="0" y="0" width="1536" height="824" />
    </state>
    <state x="499" y="159" key="#com.intellij.refactoring.safeDelete.UnsafeUsagesDialog/0.0.1536.824@0.0.1536.824" timestamp="1653537122224" />
    <state x="93" y="50" width="1261" height="719" key="SettingsEditor" timestamp="1653619751000">
      <screen x="0" y="0" width="1536" height="824" />
    </state>
    <state x="93" y="50" width="1261" height="719" key="SettingsEditor/0.0.1536.824@0.0.1536.824" timestamp="1653619751000" />
    <state width="498" height="361" key="SwitcherDM" timestamp="1653545261342">
      <screen x="0" y="0" width="1536" height="824" />
    </state>
    <state width="498" height="361" key="SwitcherDM/0.0.1536.824@0.0.1536.824" timestamp="1653545261342" />
    <state x="499" y="117" key="com.intellij.openapi.editor.actions.MultiplePasteAction$ClipboardContentChooser" timestamp="1653553246730">
      <screen x="0" y="0" width="1536" height="824" />
    </state>
    <state x="499" y="117" key="com.intellij.openapi.editor.actions.MultiplePasteAction$ClipboardContentChooser/0.0.1536.824@0.0.1536.824" timestamp="1653553246730" />
    <state x="700" y="51" width="597" height="510" key="find.popup" timestamp="1653640879177">
      <screen x="0" y="0" width="1536" height="824" />
    </state>
    <state x="700" y="51" width="597" height="510" key="find.popup/0.0.1536.824@0.0.1536.824" timestamp="1653640879177" />
    <state x="425" y="187" key="run.anything.popup" timestamp="1653549148764">
      <screen x="0" y="0" width="1536" height="824" />
    </state>
    <state x="425" y="187" key="run.anything.popup/0.0.1536.824@0.0.1536.824" timestamp="1653549148764" />
    <state x="431" y="138" width="672" height="685" key="search.everywhere.popup" timestamp="1653632722939">
      <screen x="0" y="0" width="1536" height="824" />
    </state>
    <state x="431" y="138" width="672" height="685" key="search.everywhere.popup/0.0.1536.824@0.0.1536.824" timestamp="1653632722939" />
  </component>
  <component name="editorHistoryManager">
    <entry file="file://$PROJECT_DIR$/README.md">
      <provider selected="true" editor-type-id="split-provider[text-editor;markdown-preview-editor]" />
    </entry>
    <entry file="file://$PROJECT_DIR$/../../간단복습/socksvue/index.html">
      <provider selected="true" editor-type-id="text-editor">
        <state relative-caret-position="176">
          <caret line="8" lean-forward="true" selection-start-line="8" selection-end-line="9" selection-end-column="84" />
        </state>
      </provider>
    </entry>
    <entry file="file://$PROJECT_DIR$/public/index.html">
      <provider selected="true" editor-type-id="text-editor">
        <state relative-caret-position="198">
          <caret line="9" column="17" lean-forward="true" selection-start-line="9" selection-start-column="17" selection-end-line="9" selection-end-column="17" />
        </state>
      </provider>
    </entry>
    <entry file="file://$PROJECT_DIR$/src/views/HomeView.vue">
      <provider selected="true" editor-type-id="text-editor">
        <state relative-caret-position="66">
          <caret line="3" column="11" lean-forward="true" selection-start-line="3" selection-start-column="11" selection-end-line="3" selection-end-column="11" />
        </state>
      </provider>
    </entry>
    <entry file="file://$PROJECT_DIR$/src/components/AddTutorial.vue">
      <provider selected="true" editor-type-id="text-editor">
        <state relative-caret-position="638">
          <caret line="53" column="47" lean-forward="true" selection-start-line="53" selection-start-column="47" selection-end-line="53" selection-end-column="47" />
        </state>
      </provider>
    </entry>
    <entry file="file://$PROJECT_DIR$/src/main.js">
      <provider selected="true" editor-type-id="text-editor">
        <state relative-caret-position="198">
          <caret line="9" column="8" lean-forward="true" selection-start-line="9" selection-start-column="8" selection-end-line="9" selection-end-column="8" />
          <folding>
            <element signature="e#0#21#0" expanded="true" />
          </folding>
        </state>
      </provider>
    </entry>
    <entry file="file://$USER_HOME$/Documents/카카오톡 받은 파일/TutorialsList.vue">
      <provider selected="true" editor-type-id="text-editor">
        <state>
          <caret selection-end-line="70" />
          <folding>
            <element signature="n#template#0;n#!!top" />
          </folding>
        </state>
      </provider>
    </entry>
    <entry file="file://$PROJECT_DIR$/src/store/index.js">
      <provider selected="true" editor-type-id="text-editor">
        <state>
          <folding>
            <element signature="e#0#21#0" expanded="true" />
          </folding>
        </state>
      </provider>
    </entry>
    <entry file="file://$PROJECT_DIR$/src/components/TutorialsList.vue">
      <provider selected="true" editor-type-id="text-editor">
        <state relative-caret-position="2926">
          <caret line="133" column="32" selection-start-line="133" selection-start-column="26" selection-end-line="133" selection-end-column="32" />
        </state>
      </provider>
    </entry>
    <entry file="file://$PROJECT_DIR$/src/router/index.js">
      <provider selected="true" editor-type-id="text-editor">
        <state relative-caret-position="352">
          <caret line="17" column="27" selection-start-line="17" selection-start-column="27" selection-end-line="17" selection-end-column="27" />
          <folding>
            <element signature="e#0#21#0" expanded="true" />
          </folding>
        </state>
      </provider>
    </entry>
    <entry file="file://$PROJECT_DIR$/src/services/TutorialDataService.js">
      <provider selected="true" editor-type-id="text-editor">
        <state relative-caret-position="418">
          <caret line="25" column="40" selection-start-line="25" selection-start-column="40" selection-end-line="25" selection-end-column="40" />
          <folding>
            <element signature="n#!!doc" expanded="true" />
          </folding>
        </state>
      </provider>
    </entry>
    <entry file="file://$PROJECT_DIR$/src/http-common.js">
      <provider selected="true" editor-type-id="text-editor">
        <state relative-caret-position="154">
          <caret line="7" column="4" selection-start-line="7" selection-start-column="4" selection-end-line="7" selection-end-column="4" />
        </state>
      </provider>
    </entry>
    <entry file="file://$PROJECT_DIR$/src/App.vue">
      <provider selected="true" editor-type-id="text-editor">
        <state relative-caret-position="352">
          <caret line="16" column="13" selection-start-line="16" selection-start-column="13" selection-end-line="16" selection-end-column="13" />
        </state>
      </provider>
    </entry>
    <entry file="file://$PROJECT_DIR$/src/components/Tutorial.vue">
      <provider selected="true" editor-type-id="text-editor">
        <state relative-caret-position="203">
          <caret line="141" column="19" selection-start-line="141" selection-start-column="19" selection-end-line="141" selection-end-column="19" />
        </state>
      </provider>
    </entry>
  </component>
</project>