<project version="4">
  <component name="BookmarksManager">
    <option name="groups">
      <GroupState>
        <option name="name" value="GuminSite" />
      </GroupState>
    </option>
  </component>
  <component name="BranchesTreeState">
    <expand>
      <path>
        <item name="ROOT" type="e8cecc67:BranchNodeDescriptor" />
        <item name="LOCAL_ROOT" type="e8cecc67:BranchNodeDescriptor" />
      </path>
      <path>
        <item name="ROOT" type="e8cecc67:BranchNodeDescriptor" />
        <item name="REMOTE_ROOT" type="e8cecc67:BranchNodeDescriptor" />
      </path>
      <path>
        <item name="ROOT" type="e8cecc67:BranchNodeDescriptor" />
        <item name="REMOTE_ROOT" type="e8cecc67:BranchNodeDescriptor" />
        <item name="GROUP_NODE:origin" type="e8cecc67:BranchNodeDescriptor" />
      </path>
    </expand>
    <select />
  </component>
  <component name="DatabaseView">
    <expand />
    <select />
  </component>
  <component name="FileEditorManager">
    <leaf SIDE_TABS_SIZE_LIMIT_KEY="-1">
      <file pinned="false" current-in-tab="true">
        <entry file="file://$PROJECT_DIR$/src/main/java/com/example/guminsite/controller/CommentApiController.java">
          <provider selected="true" editor-type-id="text-editor">
            <state relative-caret-position="124">
              <caret line="34" lean-forward="true" selection-start-line="34" selection-end-line="34" />
              <folding>
                <element signature="imports" expanded="true" />
              </folding>
            </state>
          </provider>
        </entry>
      </file>
    </leaf>
  </component>
  <component name="FileTypeUsageLocalSummary">
    <fileType name="CLASS">
      <summary usageCount="1" lastUsed="1653199292219" />
    </fileType>
    <fileType name="Database Element">
      <summary usageCount="2" lastUsed="1653007367039" />
    </fileType>
    <fileType name="Gradle">
      <summary usageCount="6" lastUsed="1652944194839" />
    </fileType>
    <fileType name="HTTP Request">
      <summary usageCount="22" lastUsed="1653273807955" />
    </fileType>
    <fileType name="JAVA">
      <summary usageCount="167" lastUsed="1653276302413" />
    </fileType>
    <fileType name="Markdown">
      <summary usageCount="1" lastUsed="1652771430376" />
    </fileType>
    <fileType name="PLAIN_TEXT">
      <summary usageCount="1" lastUsed="1652772011458" />
    </fileType>
    <fileType name="Properties">
      <summary usageCount="8" lastUsed="1653010512972" />
    </fileType>
    <fileType name="SQL">
      <summary usageCount="1" lastUsed="1653007330690" />
    </fileType>
    <fileType name="XML">
      <summary usageCount="68" lastUsed="1653274582926" />
    </fileType>
  </component>
  <component name="FindInProjectRecents">
    <findStrings>
      <find>Internal</find>
      <find>taegyungsite</find>
      <find>BoardDto</find>
      <find>try</find>
      <find>update</find>
      <find>queryResul</find>
      <find>queryResult</find>
      <find>select</find>
      <find>total</find>
      <find>println</find>
      <find>insertBoard</find>
      <find>register</find>
      <find>registerBoard</find>
      <find>crud</find>
      <find>SELECT</find>
      <find>selectCommentList</find>
      <find>getCommentList</find>
      <find>get</find>
      <find>selectCommentTotalCount</find>
      <find>CommentTotalCount</find>
      <find>count</find>
      <find>dele</find>
      <find>comment</find>
      <find>postmaa</find>
      <find>insert</find>
      <find>insertComment</find>
      <find>selectCommentDetail`</find>
      <find>selectCommentDetail</find>
      <find>looger</find>
      <find>registerComment</find>
    </findStrings>
    <replaceStrings>
      <replace>GuminSite</replace>
      <replace>CommentDao</replace>
    </replaceStrings>
    <dirStrings>
      <dir>C:\Users\gumin\AppData\Roaming\JetBrains\IntelliJIdea2022.1\scratches</dir>
      <dir>C:\work\GitHub\HTML5\10.Spring\03.SpringBoot\GuminSite\src\main\java\com\example\guminsite\dao</dir>
      <dir>C:\work\GitHub\HTML5\10.Spring\03.SpringBoot\GuminSite\src\main\java\com\example\guminsite\service</dir>
      <dir>C:\work\GitHub\HTML5\10.Spring\03.SpringBoot\GuminSite\src\main\resources\mappers</dir>
      <dir>C:\work\GitHub\HTML5\10.Spring\03.SpringBoot\GuminSite\src\main\java\com\example\guminsite\controller</dir>
    </dirStrings>
  </component>
  <component name="GitSEFilterConfiguration">{
}</component>
  <component name="IdeDocumentHistory">
    <changedPaths>
      <option value="$PROJECT_DIR$/src/main/java/com/example/guminsite/controller/BoardController.java" />
      <option value="$PROJECT_DIR$/src/main/java/com/example/guminsite/model/Common.java" />
      <option value="$PROJECT_DIR$/src/main/java/com/example/guminsite/model/BoardDto.java" />
      <option value="$PROJECT_DIR$/src/main/java/com/example/guminsite/model/CommonDto.java" />
      <option value="$PROJECT_DIR$/src/main/java/com/example/guminsite/dao/BoardDao.java" />
      <option value="$PROJECT_DIR$/src/main/java/com/example/guminsite/service/BoardService.java" />
      <option value="$PROJECT_DIR$/src/main/java/com/example/guminsite/service/BoardServiceImpl.java" />
      <option value="$PROJECT_DIR$/build.gradle" />
      <option value="$PROJECT_DIR$/src/main/resources/mappers/Board.xml" />
      <option value="$PROJECT_DIR$/src/main/java/main/MainforAssembler.java" />
      <option value="$PROJECT_DIR$/src/main/resources/application.properties" />
      <option value="$PROJECT_DIR$/src/main/resources/mappers/Common.xml" />
      <option value="$PROJECT_DIR$/src/main/java/com/example/guminsite/paging/Criteria.java" />
      <option value="$PROJECT_DIR$/src/main/java/com/example/guminsite/service/CommentService.java" />
      <option value="$PROJECT_DIR$/src/main/resources/logback-spring.xml" />
      <option value="$PROJECT_DIR$/src/main/java/com/example/guminsite/controller/BoardApiController.java" />
      <option value="$PROJECT_DIR$/src/main/resources/mappers/Comment.xml" />
      <option value="$PROJECT_DIR$/src/main/java/com/example/guminsite/service/CommentServiceImpl.java" />
      <option value="$APPLICATION_CONFIG_DIR$/scratches/generated-requests.http" />
      <option value="$PROJECT_DIR$/src/main/java/com/example/guminsite/model/CommentDto.java" />
      <option value="$PROJECT_DIR$/src/main/java/com/example/guminsite/dao/CommentDao.java" />
      <option value="$PROJECT_DIR$/src/main/java/com/example/guminsite/controller/CommentApiController.java" />
    </changedPaths>
  </component>
  <component name="IgnoredFileRootStore">
    <option name="generatedRoots">
      <set>
        <option value="$PROJECT_DIR$/.idea" />
      </set>
    </option>
  </component>
  <component name="ProjectView">
    <navigator currentView="ProjectPane" proportions="" version="1" />
    <panes>
      <pane id="PackagesPane" />
      <pane id="ProjectPane">
        <subPane>
          <expand>
            <path>
              <item name="GuminSite" type="b2602c69:ProjectViewProjectNode" />
              <item name="GuminSite" type="8a07ba80:GradleTreeStructureProvider$GradleModuleDirectoryNode" />
            </path>
            <path>
              <item name="GuminSite" type="b2602c69:ProjectViewProjectNode" />
              <item name="GuminSite" type="8a07ba80:GradleTreeStructureProvider$GradleModuleDirectoryNode" />
              <item name="src" type="462c0819:PsiDirectoryNode" />
            </path>
            <path>
              <item name="GuminSite" type="b2602c69:ProjectViewProjectNode" />
              <item name="GuminSite" type="8a07ba80:GradleTreeStructureProvider$GradleModuleDirectoryNode" />
              <item name="src" type="462c0819:PsiDirectoryNode" />
              <item name="main" type="8a07ba80:GradleTreeStructureProvider$GradleModuleDirectoryNode" />
            </path>
            <path>
              <item name="GuminSite" type="b2602c69:ProjectViewProjectNode" />
              <item name="GuminSite" type="8a07ba80:GradleTreeStructureProvider$GradleModuleDirectoryNode" />
              <item name="src" type="462c0819:PsiDirectoryNode" />
              <item name="main" type="8a07ba80:GradleTreeStructureProvider$GradleModuleDirectoryNode" />
              <item name="java" type="462c0819:PsiDirectoryNode" />
            </path>
            <path>
              <item name="GuminSite" type="b2602c69:ProjectViewProjectNode" />
              <item name="GuminSite" type="8a07ba80:GradleTreeStructureProvider$GradleModuleDirectoryNode" />
              <item name="src" type="462c0819:PsiDirectoryNode" />
              <item name="main" type="8a07ba80:GradleTreeStructureProvider$GradleModuleDirectoryNode" />
              <item name="java" type="462c0819:PsiDirectoryNode" />
              <item name="guminsite" type="462c0819:PsiDirectoryNode" />
            </path>
            <path>
              <item name="GuminSite" type="b2602c69:ProjectViewProjectNode" />
              <item name="GuminSite" type="8a07ba80:GradleTreeStructureProvider$GradleModuleDirectoryNode" />
              <item name="src" type="462c0819:PsiDirectoryNode" />
              <item name="main" type="8a07ba80:GradleTreeStructureProvider$GradleModuleDirectoryNode" />
              <item name="java" type="462c0819:PsiDirectoryNode" />
              <item name="guminsite" type="462c0819:PsiDirectoryNode" />
              <item name="controller" type="462c0819:PsiDirectoryNode" />
            </path>
            <path>
              <item name="GuminSite" type="b2602c69:ProjectViewProjectNode" />
              <item name="GuminSite" type="8a07ba80:GradleTreeStructureProvider$GradleModuleDirectoryNode" />
              <item name="src" type="462c0819:PsiDirectoryNode" />
              <item name="main" type="8a07ba80:GradleTreeStructureProvider$GradleModuleDirectoryNode" />
              <item name="java" type="462c0819:PsiDirectoryNode" />
              <item name="guminsite" type="462c0819:PsiDirectoryNode" />
              <item name="dao" type="462c0819:PsiDirectoryNode" />
            </path>
            <path>
              <item name="GuminSite" type="b2602c69:ProjectViewProjectNode" />
              <item name="GuminSite" type="8a07ba80:GradleTreeStructureProvider$GradleModuleDirectoryNode" />
              <item name="src" type="462c0819:PsiDirectoryNode" />
              <item name="main" type="8a07ba80:GradleTreeStructureProvider$GradleModuleDirectoryNode" />
              <item name="java" type="462c0819:PsiDirectoryNode" />
              <item name="guminsite" type="462c0819:PsiDirectoryNode" />
              <item name="model" type="462c0819:PsiDirectoryNode" />
            </path>
            <path>
              <item name="GuminSite" type="b2602c69:ProjectViewProjectNode" />
              <item name="GuminSite" type="8a07ba80:GradleTreeStructureProvider$GradleModuleDirectoryNode" />
              <item name="src" type="462c0819:PsiDirectoryNode" />
              <item name="main" type="8a07ba80:GradleTreeStructureProvider$GradleModuleDirectoryNode" />
              <item name="java" type="462c0819:PsiDirectoryNode" />
              <item name="guminsite" type="462c0819:PsiDirectoryNode" />
              <item name="paging" type="462c0819:PsiDirectoryNode" />
            </path>
            <path>
              <item name="GuminSite" type="b2602c69:ProjectViewProjectNode" />
              <item name="GuminSite" type="8a07ba80:GradleTreeStructureProvider$GradleModuleDirectoryNode" />
              <item name="src" type="462c0819:PsiDirectoryNode" />
              <item name="main" type="8a07ba80:GradleTreeStructureProvider$GradleModuleDirectoryNode" />
              <item name="java" type="462c0819:PsiDirectoryNode" />
              <item name="guminsite" type="462c0819:PsiDirectoryNode" />
              <item name="service" type="462c0819:PsiDirectoryNode" />
            </path>
            <path>
              <item name="GuminSite" type="b2602c69:ProjectViewProjectNode" />
              <item name="GuminSite" type="8a07ba80:GradleTreeStructureProvider$GradleModuleDirectoryNode" />
              <item name="src" type="462c0819:PsiDirectoryNode" />
              <item name="main" type="8a07ba80:GradleTreeStructureProvider$GradleModuleDirectoryNode" />
              <item name="resources" type="462c0819:PsiDirectoryNode" />
            </path>
            <path>
              <item name="GuminSite" type="b2602c69:ProjectViewProjectNode" />
              <item name="GuminSite" type="8a07ba80:GradleTreeStructureProvider$GradleModuleDirectoryNode" />
              <item name="src" type="462c0819:PsiDirectoryNode" />
              <item name="main" type="8a07ba80:GradleTreeStructureProvider$GradleModuleDirectoryNode" />
              <item name="resources" type="462c0819:PsiDirectoryNode" />
              <item name="mappers" type="462c0819:PsiDirectoryNode" />
            </path>
          </expand>
          <select />
        </subPane>
      </pane>
      <pane id="Scope" />
    </panes>
  </component>
  <component name="RunConfigurationStartHistory">
    <history>
      <element setting="HTTP 요청.generated-requests | #28" executorId="Run" />
      <element setting="Spring Boot.GuminSiteApplication" executorId="Run" />
      <element setting="HTTP 요청.generated-requests | #27" executorId="Run" />
      <element setting="HTTP 요청.generated-requests | #26" executorId="Run" />
      <element setting="HTTP 요청.generated-requests | #25" executorId="Run" />
      <element setting="HTTP 요청.generated-requests | #24" executorId="Run" />
      <element setting="HTTP 요청.generated-requests | #19" executorId="Run" />
      <element setting="HTTP 요청.generated-requests | #23" executorId="Run" />
      <element setting="HTTP 요청.generated-requests | #22" executorId="Run" />
      <element setting="HTTP 요청.generated-requests | #18" executorId="Run" />
      <element setting="HTTP 요청.generated-requests | #17" executorId="Run" />
      <element setting="HTTP 요청.generated-requests | #21" executorId="Run" />
      <element setting="HTTP 요청.generated-requests | #16" executorId="Run" />
      <element setting="HTTP 요청.generated-requests | #7" executorId="Run" />
      <element setting="HTTP 요청.generated-requests | #15" executorId="Run" />
      <element setting="HTTP 요청.generated-requests | #11" executorId="Run" />
      <element setting="HTTP 요청.generated-requests | #5" executorId="Run" />
      <element setting="HTTP 요청.generated-requests | #14" executorId="Run" />
      <element setting="HTTP 요청.generated-requests | #13" executorId="Run" />
      <element setting="HTTP 요청.generated-requests | #6" executorId="Run" />
      <element setting="HTTP 요청.generated-requests | #10" executorId="Run" />
      <element setting="HTTP 요청.generated-requests | #12" executorId="Run" />
      <element setting="HTTP 요청.generated-requests | #9" executorId="Run" />
      <element setting="HTTP 요청.generated-requests | #8" executorId="Run" />
      <element setting="HTTP 요청.generated-requests | #4" executorId="Run" />
    </history>
  </component>
  <component name="ServiceViewManager">
    <option name="viewStates">
      <list>
        <serviceView>
          <treeState>
            <expand>
              <path>
                <item name="services root" type="e789fda9:ObjectUtils$Sentinel" />
                <item name="HTTP 요청" type="7427dc5b:ServiceModel$ServiceGroupNode" />
              </path>
              <path>
                <item name="services root" type="e789fda9:ObjectUtils$Sentinel" />
                <item name="HTTP 요청" type="7427dc5b:ServiceModel$ServiceGroupNode" />
                <item name="완료" type="7427dc5b:ServiceModel$ServiceGroupNode" />
              </path>
            </expand>
            <select />
          </treeState>
        </serviceView>
      </list>
    </option>
  </component>
  <component name="TimeTrackingManager">
    <option name="totallyTimeSpent" value="93357000" />
  </component>
  <component name="TodoView">
    <todo-panel id="selected-file">
      <is-autoscroll-to-source value="true" />
    </todo-panel>
    <todo-panel id="all">
      <are-packages-shown value="true" />
      <is-autoscroll-to-source value="true" />
    </todo-panel>
  </component>
  <component name="ToolWindowManager">
    <editor active="true" />
    <layout>
      <window_info id="Bookmarks" order="0" side_tool="true" />
      <window_info content_ui="combo" id="Project" order="1" visible="true" weight="0.18379961" />
      <window_info id="Web" order="2" show_stripe_button="false" side_tool="true" />
      <window_info id="Learn" order="3" />
      <window_info id="Structure" order="4" side_tool="true" />
      <window_info anchor="bottom" id="Database Changes" show_stripe_button="false" />
      <window_info anchor="bottom" id="Version Control" order="0" />
      <window_info anchor="bottom" id="Find" order="1" />
      <window_info anchor="bottom" id="Run" order="2" show_stripe_button="false" weight="0.3440534" />
      <window_info anchor="bottom" id="Debug" order="3" weight="0.4" />
      <window_info anchor="bottom" id="TODO" order="4" weight="0.3294903" />
      <window_info anchor="bottom" id="종속성" order="5" weight="0.60376215" />
      <window_info anchor="bottom" id="Java Enterprise" order="6" show_stripe_button="false" />
      <window_info anchor="bottom" id="Inspection" order="7" weight="0.4" />
      <window_info anchor="bottom" id="Problems View" order="8" weight="0.3294903" />
      <window_info anchor="bottom" id="Spring" order="9" />
      <window_info anchor="bottom" id="Terminal" order="10" />
      <window_info anchor="bottom" id="Endpoints" order="11" />
      <window_info anchor="bottom" id="Services" order="12" weight="0.30279127" />
      <window_info anchor="bottom" id="Profiler" order="13" weight="0.3294903" />
      <window_info anchor="bottom" id="Build" order="14" weight="0.3294903" />
      <window_info anchor="right" id="Database" order="0" weight="0.3301887" />
      <window_info anchor="right" id="Gradle" order="1" />
      <window_info anchor="right" id="Hierarchy" order="2" weight="0.3301887" />
      <window_info anchor="right" id="Notifications" order="3" weight="0.25016266" />
    </layout>
    <recentWindows>
      <value>Project</value>
      <value>Services</value>
      <value>Run</value>
      <value>TODO</value>
      <value>Build</value>
      <value>Notifications</value>
      <value>Problems View</value>
      <value>Database</value>
      <value>Profiler</value>
      <value>종속성</value>
      <value>Hierarchy</value>
    </recentWindows>
  </component>
  <component name="WindowStateProjectService">
    <state x="357" y="65" key="#com.intellij.execution.impl.EditConfigurationsDialog" timestamp="1653007330618">
      <screen x="0" y="0" width="1536" height="824" />
    </state>
    <state x="357" y="65" key="#com.intellij.execution.impl.EditConfigurationsDialog/0.0.1536.824@0.0.1536.824" timestamp="1653007330618" />
    <state x="574" y="104" key="#com.intellij.ide.util.MemberChooser" timestamp="1653031142323">
      <screen x="0" y="0" width="1536" height="824" />
    </state>
    <state x="574" y="104" key="#com.intellij.ide.util.MemberChooser/0.0.1536.824@0.0.1536.824" timestamp="1653031142323" />
    <state x="431" y="167" key="FileChooserDialogImpl" timestamp="1652854988739">
      <screen x="0" y="0" width="1536" height="824" />
    </state>
    <state x="431" y="167" key="FileChooserDialogImpl/0.0.1536.824@0.0.1536.824" timestamp="1652854988739" />
    <state width="1024" height="221" key="GridCell.Tab.0.bottom" timestamp="1653275572608">
      <screen x="0" y="0" width="1536" height="824" />
    </state>
    <state width="1024" height="221" key="GridCell.Tab.0.bottom/0.0.1536.824@0.0.1536.824" timestamp="1653275572608" />
    <state width="1024" height="221" key="GridCell.Tab.0.center" timestamp="1653275572608">
      <screen x="0" y="0" width="1536" height="824" />
    </state>
    <state width="1024" height="221" key="GridCell.Tab.0.center/0.0.1536.824@0.0.1536.824" timestamp="1653275572608" />
    <state width="1024" height="221" key="GridCell.Tab.0.left" timestamp="1653275572608">
      <screen x="0" y="0" width="1536" height="824" />
    </state>
    <state width="1024" height="221" key="GridCell.Tab.0.left/0.0.1536.824@0.0.1536.824" timestamp="1653275572608" />
    <state width="1024" height="221" key="GridCell.Tab.0.right" timestamp="1653275572608">
      <screen x="0" y="0" width="1536" height="824" />
    </state>
    <state width="1024" height="221" key="GridCell.Tab.0.right/0.0.1536.824@0.0.1536.824" timestamp="1653275572608" />
    <state width="1493" height="255" key="GridCell.Tab.1.bottom" timestamp="1653275572599">
      <screen x="0" y="0" width="1536" height="824" />
    </state>
    <state width="1493" height="255" key="GridCell.Tab.1.bottom/0.0.1536.824@0.0.1536.824" timestamp="1653275572599" />
    <state width="1493" height="255" key="GridCell.Tab.1.center" timestamp="1653275572599">
      <screen x="0" y="0" width="1536" height="824" />
    </state>
    <state width="1493" height="255" key="GridCell.Tab.1.center/0.0.1536.824@0.0.1536.824" timestamp="1653275572599" />
    <state width="1493" height="255" key="GridCell.Tab.1.left" timestamp="1653275572599">
      <screen x="0" y="0" width="1536" height="824" />
    </state>
    <state width="1493" height="255" key="GridCell.Tab.1.left/0.0.1536.824@0.0.1536.824" timestamp="1653275572599" />
    <state width="1493" height="255" key="GridCell.Tab.1.right" timestamp="1653275572599">
      <screen x="0" y="0" width="1536" height="824" />
    </state>
    <state width="1493" height="255" key="GridCell.Tab.1.right/0.0.1536.824@0.0.1536.824" timestamp="1653275572599" />
    <state width="278" height="484" key="HiddenNamespacesPopup" timestamp="1653007348941">
      <screen x="0" y="0" width="1536" height="824" />
    </state>
    <state width="278" height="484" key="HiddenNamespacesPopup/0.0.1536.824@0.0.1536.824" timestamp="1653007348941" />
    <state x="49" y="43" width="1391" height="719" key="SettingsEditor" timestamp="1653034957558">
      <screen x="0" y="0" width="1536" height="824" />
    </state>
    <state x="49" y="43" width="1391" height="719" key="SettingsEditor/0.0.1536.824@0.0.1536.824" timestamp="1653034957558" />
    <state width="594" height="445" key="SwitcherDM" timestamp="1652919415834">
      <screen x="0" y="0" width="1536" height="824" />
    </state>
    <state width="594" height="445" key="SwitcherDM/0.0.1536.824@0.0.1536.824" timestamp="1652919415834" />
    <state x="700" y="51" width="597" height="765" key="find.popup" timestamp="1653195080479">
      <screen x="0" y="0" width="1536" height="824" />
    </state>
    <state x="700" y="51" width="597" height="765" key="find.popup/0.0.1536.824@0.0.1536.824" timestamp="1653195080479" />
    <state x="425" y="187" key="run.anything.popup" timestamp="1653266762771">
      <screen x="0" y="0" width="1536" height="824" />
    </state>
    <state x="425" y="187" key="run.anything.popup/0.0.1536.824@0.0.1536.824" timestamp="1653266762771" />
    <state x="431" y="138" width="672" height="685" key="search.everywhere.popup" timestamp="1653031960358">
      <screen x="0" y="0" width="1536" height="824" />
    </state>
    <state x="431" y="138" width="672" height="685" key="search.everywhere.popup/0.0.1536.824@0.0.1536.824" timestamp="1653031960358" />
  </component>
  <component name="editorHistoryManager">
    <entry file="file://$APPLICATION_CONFIG_DIR$/idea64.exe.vmoptions">
      <provider selected="true" editor-type-id="text-editor">
        <state relative-caret-position="44">
          <caret line="2" column="24" lean-forward="true" selection-start-line="2" selection-start-column="24" selection-end-line="2" selection-end-column="24" />
        </state>
      </provider>
    </entry>
    <entry file="file://$PROJECT_DIR$/HELP.md">
      <provider selected="true" editor-type-id="split-provider[text-editor;markdown-preview-editor]" />
    </entry>
    <entry file="file://$USER_HOME$/Downloads/TaeGyungSite-20220518T134353Z-001/TaeGyungSite/src/main/resources/mappers/Board.xml" />
    <entry file="file://$USER_HOME$/Downloads/TaeGyungSite-20220518T134353Z-001/TaeGyungSite/src/main/java/com/example/taegyungsite/controller/BoardApiController.java" />
    <entry file="jar://$PROJECT_DIR$/../../../../../../Program Files/Java/jdk1.8.0_311/src.zip!/com/sun/org/apache/xerces/internal/parsers/XMLParser.java">
      <provider selected="true" editor-type-id="text-editor">
        <state relative-caret-position="1360">
          <caret line="149" selection-start-line="149" selection-end-line="149" />
        </state>
      </provider>
    </entry>
    <entry file="file://$USER_HOME$/Documents/카카오톡 받은 파일/Common.xml">
      <provider selected="true" editor-type-id="text-editor">
        <state relative-caret-position="110">
          <caret line="8" column="21" lean-forward="true" selection-end-line="29" selection-end-column="9" />
        </state>
      </provider>
    </entry>
    <entry file="file://$USER_HOME$/Downloads/Board.xml" />
    <entry file="file://$PROJECT_DIR$/src/main/java/main/MainforAssembler.java" />
    <entry file="file://$PROJECT_DIR$/build.gradle">
      <provider selected="true" editor-type-id="text-editor">
        <state relative-caret-position="344">
          <caret line="33" column="74" lean-forward="true" selection-start-line="33" selection-start-column="74" selection-end-line="33" selection-end-column="74" />
        </state>
      </provider>
    </entry>
    <entry file="file://$PROJECT_DIR$/src/main/java/com/example/guminsite/GuminSiteApplication.java">
      <provider selected="true" editor-type-id="text-editor">
        <state relative-caret-position="132">
          <caret line="5" column="22" lean-forward="true" selection-start-line="5" selection-start-column="22" selection-end-line="5" selection-end-column="22" />
          <folding>
            <element signature="imports" expanded="true" />
            <element signature="e#256#257#0" expanded="true" />
            <element signature="e#327#328#0" expanded="true" />
          </folding>
        </state>
      </provider>
    </entry>
    <entry file="das://8f7e9efc-a1f0-442f-a7b0-c92d9bb63822/schema/SCOTT/table/TB_COMMENT" />
    <entry file="das://8f7e9efc-a1f0-442f-a7b0-c92d9bb63822/schema/SCOTT/table/EMPLOYEE2" />
    <entry file="file://$APPLICATION_CONFIG_DIR$/consoles/db/8f7e9efc-a1f0-442f-a7b0-c92d9bb63822/console.sql" />
    <entry file="file://$PROJECT_DIR$/src/main/resources/application.properties">
      <provider selected="true" editor-type-id="text-editor">
        <state relative-caret-position="220">
          <caret line="10" column="41" selection-start-line="10" selection-start-column="41" selection-end-line="10" selection-end-column="41" />
        </state>
      </provider>
    </entry>
    <entry file="file://$PROJECT_DIR$/src/main/java/com/example/guminsite/dao/BoardDao.java">
      <provider selected="true" editor-type-id="text-editor">
        <state relative-caret-position="35">
          <caret line="21" column="37" lean-forward="true" selection-start-line="21" selection-start-column="37" selection-end-line="21" selection-end-column="37" />
          <folding>
            <element signature="imports" expanded="true" />
          </folding>
        </state>
      </provider>
    </entry>
    <entry file="file://$PROJECT_DIR$/src/main/java/com/example/guminsite/model/BoardDto.java">
      <provider selected="true" editor-type-id="text-editor">
        <state relative-caret-position="300">
          <caret line="33" column="27" lean-forward="true" selection-start-line="33" selection-start-column="27" selection-end-line="33" selection-end-column="27" />
          <folding>
            <element signature="imports" expanded="true" />
          </folding>
        </state>
      </provider>
    </entry>
    <entry file="file://$PROJECT_DIR$/src/main/java/com/example/guminsite/service/BoardServiceImpl.java">
      <provider selected="true" editor-type-id="text-editor">
        <state relative-caret-position="152">
          <caret line="30" column="13" lean-forward="true" selection-start-line="30" selection-start-column="13" selection-end-line="30" selection-end-column="13" />
          <folding>
            <element signature="imports" expanded="true" />
          </folding>
        </state>
      </provider>
    </entry>
    <entry file="file://$PROJECT_DIR$/src/main/java/com/example/guminsite/service/BoardService.java">
      <provider selected="true" editor-type-id="text-editor">
        <state relative-caret-position="352">
          <caret line="31" column="41" lean-forward="true" selection-start-line="31" selection-start-column="41" selection-end-line="31" selection-end-column="41" />
          <folding>
            <element signature="imports" expanded="true" />
          </folding>
        </state>
      </provider>
    </entry>
    <entry file="file://$PROJECT_DIR$/src/main/java/com/example/guminsite/service/CommentService.java">
      <provider selected="true" editor-type-id="text-editor">
        <state relative-caret-position="520">
          <caret line="31" column="8" selection-start-line="31" selection-start-column="8" selection-end-line="31" selection-end-column="8" />
        </state>
      </provider>
    </entry>
    <entry file="file://$PROJECT_DIR$/src/main/java/com/example/guminsite/paging/Criteria.java">
      <provider selected="true" editor-type-id="text-editor">
        <state relative-caret-position="623">
          <caret line="43" lean-forward="true" selection-start-line="43" selection-end-line="43" />
          <folding>
            <element signature="imports" expanded="true" />
          </folding>
        </state>
      </provider>
    </entry>
    <entry file="file://$PROJECT_DIR$/src/main/resources/mappers/Common.xml">
      <provider selected="true" editor-type-id="text-editor">
        <state relative-caret-position="22">
          <caret line="13" column="28" selection-start-line="13" selection-start-column="28" selection-end-line="13" selection-end-column="28" />
        </state>
      </provider>
    </entry>
    <entry file="file://$PROJECT_DIR$/src/main/resources/mappers/Board.xml">
      <provider selected="true" editor-type-id="text-editor">
        <state relative-caret-position="308">
          <caret line="49" column="24" lean-forward="true" selection-start-line="49" selection-start-column="24" selection-end-line="49" selection-end-column="24" />
          <folding>
            <element signature="e#3644#3648#0" expanded="true" />
          </folding>
        </state>
      </provider>
    </entry>
    <entry file="jar://$USER_HOME$/.gradle/caches/modules-2/files-2.1/com.oracle.database.jdbc/ojdbc8/21.3.0.0/73649ab9bfb94daa4df21b80c98ac35aea4aa2f5/ojdbc8-21.3.0.0.jar!/oracle/jdbc/driver/OracleStatement.class">
      <provider selected="true" editor-type-id="text-editor">
        <state relative-caret-position="-726" />
      </provider>
    </entry>
    <entry file="file://$USER_HOME$/Downloads/TaeGyungSite-20220523T002143Z-001/TaeGyungSite/src/main/java/com/example/taegyungsite/controller/BoardApiController.java">
      <provider selected="true" editor-type-id="text-editor">
        <state relative-caret-position="206">
          <caret line="135" lean-forward="true" selection-start-line="135" selection-end-line="135" />
        </state>
      </provider>
    </entry>
    <entry file="file://$PROJECT_DIR$/src/main/resources/logback-spring.xml">
      <provider selected="true" editor-type-id="text-editor">
        <state relative-caret-position="171">
          <caret line="17" column="80" lean-forward="true" selection-start-line="16" selection-start-column="4" selection-end-line="17" selection-end-column="80" />
        </state>
      </provider>
    </entry>
    <entry file="file://$PROJECT_DIR$/src/main/java/com/example/guminsite/controller/BoardApiController.java">
      <provider selected="true" editor-type-id="text-editor">
        <state relative-caret-position="-968">
          <caret line="41" column="31" lean-forward="true" selection-start-line="41" selection-start-column="31" selection-end-line="41" selection-end-column="31" />
          <folding>
            <element signature="imports" expanded="true" />
          </folding>
        </state>
      </provider>
    </entry>
    <entry file="file://$APPLICATION_CONFIG_DIR$/scratches/generated-requests.http">
      <provider selected="true" editor-type-id="text-editor">
        <state relative-caret-position="2867">
          <caret line="223" column="29" lean-forward="true" selection-start-line="223" selection-start-column="29" selection-end-line="223" selection-end-column="29" />
        </state>
      </provider>
    </entry>
    <entry file="file://$PROJECT_DIR$/src/main/resources/mappers/Comment.xml">
      <provider selected="true" editor-type-id="text-editor">
        <state relative-caret-position="147">
          <caret line="53" column="25" lean-forward="true" selection-start-line="53" selection-start-column="25" selection-end-line="53" selection-end-column="25" />
        </state>
      </provider>
    </entry>
    <entry file="file://$PROJECT_DIR$/src/main/java/com/example/guminsite/model/CommonDto.java">
      <provider selected="true" editor-type-id="text-editor">
        <state relative-caret-position="366">
          <caret line="27" column="18" lean-forward="true" selection-start-line="27" selection-start-column="18" selection-end-line="27" selection-end-column="18" />
          <folding>
            <element signature="imports" expanded="true" />
          </folding>
        </state>
      </provider>
    </entry>
    <entry file="file://$PROJECT_DIR$/src/main/java/com/example/guminsite/model/CommentDto.java">
      <provider selected="true" editor-type-id="text-editor">
        <state relative-caret-position="432">
          <caret line="29" column="13" lean-forward="true" selection-start-line="29" selection-start-column="13" selection-end-line="29" selection-end-column="13" />
        </state>
      </provider>
    </entry>
    <entry file="file://$PROJECT_DIR$/src/main/java/com/example/guminsite/dao/CommentDao.java">
      <provider selected="true" editor-type-id="text-editor">
        <state relative-caret-position="344">
          <caret line="33" column="29" selection-start-line="33" selection-start-column="29" selection-end-line="33" selection-end-column="29" />
          <folding>
            <element signature="imports" expanded="true" />
          </folding>
        </state>
      </provider>
    </entry>
    <entry file="file://$PROJECT_DIR$/src/main/java/com/example/guminsite/service/CommentServiceImpl.java">
      <provider selected="true" editor-type-id="text-editor">
        <state relative-caret-position="220">
          <caret line="29" column="59" lean-forward="true" selection-start-line="29" selection-start-column="59" selection-end-line="29" selection-end-column="59" />
        </state>
      </provider>
    </entry>
    <entry file="file://$PROJECT_DIR$/src/main/java/com/example/guminsite/controller/CommentApiController.java">
      <provider selected="true" editor-type-id="text-editor">
        <state relative-caret-position="124">
          <caret line="34" lean-forward="true" selection-start-line="34" selection-end-line="34" />
          <folding>
            <element signature="imports" expanded="true" />
          </folding>
        </state>
      </provider>
    </entry>
  </component>
</project>