<project version="4">
  <component name="BookmarksManager">
    <option name="groups">
      <GroupState>
        <option name="name" value="SujeongSite" />
      </GroupState>
    </option>
  </component>
  <component name="FileEditorManager">
    <leaf>
      <file pinned="false" current-in-tab="false">
        <entry file="file://$PROJECT_DIR$/src/main/java/com/example/sujeongsite/controller/CommentApiController.java">
          <provider selected="true" editor-type-id="text-editor">
            <state relative-caret-position="75">
              <caret line="35" lean-forward="true" selection-start-line="35" selection-end-line="35" />
            </state>
          </provider>
        </entry>
      </file>
      <file pinned="false" current-in-tab="true">
        <entry file="file://$APPLICATION_CONFIG_DIR$/scratches/generated-requests.http">
          <provider selected="true" editor-type-id="text-editor">
            <state relative-caret-position="491">
              <caret line="162" column="45" selection-start-line="162" selection-start-column="45" selection-end-line="162" selection-end-column="45" />
            </state>
          </provider>
        </entry>
      </file>
    </leaf>
  </component>
  <component name="FileTypeUsageLocalSummary">
    <fileType name="HTTP Request">
      <summary usageCount="1" lastUsed="1653010283536" />
    </fileType>
    <fileType name="JAVA">
      <summary usageCount="1" lastUsed="1653010279174" />
    </fileType>
  </component>
  <component name="IdeDocumentHistory">
    <changedPaths>
      <option value="$APPLICATION_CONFIG_DIR$/scratches/generated-requests.http" />
    </changedPaths>
  </component>
  <component name="IgnoredFileRootStore">
    <option name="generatedRoots">
      <set>
        <option value="$PROJECT_DIR$/.idea" />
      </set>
    </option>
  </component>
  <component name="ProjectView">
    <navigator currentView="ProjectPane" proportions="" version="1" />
    <panes>
      <pane id="PackagesPane" />
      <pane id="ProjectPane">
        <subPane>
          <expand>
            <path>
              <item name="SujeongSite" type="b2602c69:ProjectViewProjectNode" />
              <item name="SujeongSite" type="8a07ba80:GradleTreeStructureProvider$GradleModuleDirectoryNode" />
            </path>
            <path>
              <item name="SujeongSite" type="b2602c69:ProjectViewProjectNode" />
              <item name="SujeongSite" type="8a07ba80:GradleTreeStructureProvider$GradleModuleDirectoryNode" />
              <item name="src" type="462c0819:PsiDirectoryNode" />
            </path>
            <path>
              <item name="SujeongSite" type="b2602c69:ProjectViewProjectNode" />
              <item name="SujeongSite" type="8a07ba80:GradleTreeStructureProvider$GradleModuleDirectoryNode" />
              <item name="src" type="462c0819:PsiDirectoryNode" />
              <item name="main" type="8a07ba80:GradleTreeStructureProvider$GradleModuleDirectoryNode" />
            </path>
            <path>
              <item name="SujeongSite" type="b2602c69:ProjectViewProjectNode" />
              <item name="SujeongSite" type="8a07ba80:GradleTreeStructureProvider$GradleModuleDirectoryNode" />
              <item name="src" type="462c0819:PsiDirectoryNode" />
              <item name="main" type="8a07ba80:GradleTreeStructureProvider$GradleModuleDirectoryNode" />
              <item name="java" type="462c0819:PsiDirectoryNode" />
            </path>
            <path>
              <item name="SujeongSite" type="b2602c69:ProjectViewProjectNode" />
              <item name="SujeongSite" type="8a07ba80:GradleTreeStructureProvider$GradleModuleDirectoryNode" />
              <item name="src" type="462c0819:PsiDirectoryNode" />
              <item name="main" type="8a07ba80:GradleTreeStructureProvider$GradleModuleDirectoryNode" />
              <item name="java" type="462c0819:PsiDirectoryNode" />
              <item name="sujeongsite" type="462c0819:PsiDirectoryNode" />
            </path>
            <path>
              <item name="SujeongSite" type="b2602c69:ProjectViewProjectNode" />
              <item name="SujeongSite" type="8a07ba80:GradleTreeStructureProvider$GradleModuleDirectoryNode" />
              <item name="src" type="462c0819:PsiDirectoryNode" />
              <item name="main" type="8a07ba80:GradleTreeStructureProvider$GradleModuleDirectoryNode" />
              <item name="java" type="462c0819:PsiDirectoryNode" />
              <item name="sujeongsite" type="462c0819:PsiDirectoryNode" />
              <item name="controller" type="462c0819:PsiDirectoryNode" />
            </path>
            <path>
              <item name="SujeongSite" type="b2602c69:ProjectViewProjectNode" />
              <item name="SujeongSite" type="8a07ba80:GradleTreeStructureProvider$GradleModuleDirectoryNode" />
              <item name="src" type="462c0819:PsiDirectoryNode" />
              <item name="main" type="8a07ba80:GradleTreeStructureProvider$GradleModuleDirectoryNode" />
              <item name="resources" type="462c0819:PsiDirectoryNode" />
            </path>
          </expand>
          <select />
        </subPane>
      </pane>
      <pane id="Scope" />
    </panes>
  </component>
  <component name="RunConfigurationStartHistory">
    <history>
      <element setting="HTTP 요청.generated-requests | #19" executorId="Run" />
      <element setting="Spring Boot.SujeongSiteApplication" executorId="Run" />
    </history>
  </component>
  <component name="ServiceViewManager">
    <option name="viewStates">
      <list>
        <serviceView>
          <treeState>
            <expand>
              <path>
                <item name="services root" type="e789fda9:ObjectUtils$Sentinel" />
                <item name="HTTP 요청" type="7427dc5b:ServiceModel$ServiceGroupNode" />
              </path>
              <path>
                <item name="services root" type="e789fda9:ObjectUtils$Sentinel" />
                <item name="HTTP 요청" type="7427dc5b:ServiceModel$ServiceGroupNode" />
                <item name="완료" type="7427dc5b:ServiceModel$ServiceGroupNode" />
              </path>
            </expand>
            <select />
          </treeState>
        </serviceView>
      </list>
    </option>
  </component>
  <component name="TimeTrackingManager">
    <option name="totallyTimeSpent" value="164000" />
  </component>
  <component name="ToolWindowManager">
    <layout>
      <window_info id="Bookmarks" order="0" side_tool="true" />
      <window_info content_ui="combo" id="Project" order="0" visible="true" weight="0.25016266" />
      <window_info id="Web" order="0" show_stripe_button="false" side_tool="true" />
      <window_info id="Learn" order="0" />
      <window_info id="Structure" order="0" side_tool="true" />
      <window_info anchor="bottom" id="Version Control" order="0" />
      <window_info anchor="bottom" id="Find" order="1" />
      <window_info anchor="bottom" id="Run" order="2" show_stripe_button="false" weight="0.3294903" />
      <window_info anchor="bottom" id="Debug" order="3" weight="0.4" />
      <window_info anchor="bottom" id="TODO" order="4" />
      <window_info anchor="bottom" id="종속성" order="4" />
      <window_info anchor="bottom" id="Java Enterprise" order="4" show_stripe_button="false" />
      <window_info anchor="bottom" id="Inspection" order="4" weight="0.4" />
      <window_info anchor="bottom" id="Problems View" order="4" />
      <window_info anchor="bottom" id="Spring" order="4" />
      <window_info anchor="bottom" id="Terminal" order="4" />
      <window_info anchor="bottom" id="Endpoints" order="4" />
      <window_info anchor="bottom" id="Services" order="4" weight="0.3294903" />
      <window_info anchor="bottom" id="Profiler" order="4" />
      <window_info anchor="bottom" id="Build" order="4" />
      <window_info anchor="right" id="Database" order="0" />
      <window_info anchor="right" id="Gradle" order="0" />
      <window_info anchor="right" id="Notifications" order="0" weight="0.25" />
    </layout>
    <recentWindows>
      <value>Run</value>
      <value>Services</value>
      <value>Project</value>
    </recentWindows>
  </component>
  <component name="WindowStateProjectService">
    <state width="1024" height="243" key="GridCell.Tab.0.bottom" timestamp="1653010377964">
      <screen x="0" y="0" width="1536" height="824" />
    </state>
    <state width="1024" height="243" key="GridCell.Tab.0.bottom/0.0.1536.824@0.0.1536.824" timestamp="1653010377964" />
    <state width="1024" height="243" key="GridCell.Tab.0.center" timestamp="1653010377964">
      <screen x="0" y="0" width="1536" height="824" />
    </state>
    <state width="1024" height="243" key="GridCell.Tab.0.center/0.0.1536.824@0.0.1536.824" timestamp="1653010377964" />
    <state width="1024" height="243" key="GridCell.Tab.0.left" timestamp="1653010377964">
      <screen x="0" y="0" width="1536" height="824" />
    </state>
    <state width="1024" height="243" key="GridCell.Tab.0.left/0.0.1536.824@0.0.1536.824" timestamp="1653010377964" />
    <state width="1024" height="243" key="GridCell.Tab.0.right" timestamp="1653010377964">
      <screen x="0" y="0" width="1536" height="824" />
    </state>
    <state width="1024" height="243" key="GridCell.Tab.0.right/0.0.1536.824@0.0.1536.824" timestamp="1653010377964" />
    <state width="1493" height="243" key="GridCell.Tab.1.bottom" timestamp="1653010377958">
      <screen x="0" y="0" width="1536" height="824" />
    </state>
    <state width="1493" height="243" key="GridCell.Tab.1.bottom/0.0.1536.824@0.0.1536.824" timestamp="1653010377958" />
    <state width="1493" height="243" key="GridCell.Tab.1.center" timestamp="1653010377958">
      <screen x="0" y="0" width="1536" height="824" />
    </state>
    <state width="1493" height="243" key="GridCell.Tab.1.center/0.0.1536.824@0.0.1536.824" timestamp="1653010377958" />
    <state width="1493" height="243" key="GridCell.Tab.1.left" timestamp="1653010377958">
      <screen x="0" y="0" width="1536" height="824" />
    </state>
    <state width="1493" height="243" key="GridCell.Tab.1.left/0.0.1536.824@0.0.1536.824" timestamp="1653010377958" />
    <state width="1493" height="243" key="GridCell.Tab.1.right" timestamp="1653010377958">
      <screen x="0" y="0" width="1536" height="824" />
    </state>
    <state width="1493" height="243" key="GridCell.Tab.1.right/0.0.1536.824@0.0.1536.824" timestamp="1653010377958" />
  </component>
  <component name="editorHistoryManager">
    <entry file="file://$PROJECT_DIR$/src/main/java/com/example/sujeongsite/controller/CommentApiController.java">
      <provider selected="true" editor-type-id="text-editor">
        <state relative-caret-position="75">
          <caret line="35" lean-forward="true" selection-start-line="35" selection-end-line="35" />
        </state>
      </provider>
    </entry>
    <entry file="file://$APPLICATION_CONFIG_DIR$/scratches/generated-requests.http">
      <provider selected="true" editor-type-id="text-editor">
        <state relative-caret-position="491">
          <caret line="162" column="45" selection-start-line="162" selection-start-column="45" selection-end-line="162" selection-end-column="45" />
        </state>
      </provider>
    </entry>
  </component>
</project>