<project version="4">
  <component name="BookmarksManager">
    <option name="groups">
      <GroupState>
        <option name="name" value="TaeGyungSite" />
      </GroupState>
    </option>
  </component>
  <component name="FileEditorManager">
    <leaf SIDE_TABS_SIZE_LIMIT_KEY="-1">
      <file pinned="false" current-in-tab="false">
        <entry file="file://$PROJECT_DIR$/src/main/resources/mappers/Common2.xml">
          <provider selected="true" editor-type-id="text-editor">
            <state relative-caret-position="154">
              <caret line="7" column="25" selection-start-line="7" selection-start-column="25" selection-end-line="7" selection-end-column="25" />
            </state>
          </provider>
        </entry>
      </file>
      <file pinned="false" current-in-tab="false">
        <entry file="file://$PROJECT_DIR$/settings.gradle">
          <provider selected="true" editor-type-id="text-editor">
            <state relative-caret-position="22">
              <caret line="1" lean-forward="true" selection-start-line="1" selection-end-line="1" />
            </state>
          </provider>
        </entry>
      </file>
      <file pinned="false" current-in-tab="true">
        <entry file="file://$PROJECT_DIR$/src/main/resources/mappers/Comment.xml">
          <provider selected="true" editor-type-id="text-editor">
            <state relative-caret-position="264">
              <caret line="12" column="15" lean-forward="true" selection-start-line="12" selection-start-column="15" selection-end-line="12" selection-end-column="15" />
            </state>
          </provider>
        </entry>
      </file>
    </leaf>
  </component>
  <component name="FileTypeUsageLocalSummary">
    <fileType name="AUTO_DETECTED">
      <summary usageCount="2" lastUsed="1653284018239" />
    </fileType>
    <fileType name="GitIgnore file">
      <summary usageCount="1" lastUsed="1653276539334" />
    </fileType>
    <fileType name="Gradle">
      <summary usageCount="6" lastUsed="1653291378110" />
    </fileType>
    <fileType name="HTTP Request">
      <summary usageCount="4" lastUsed="1653276492986" />
    </fileType>
    <fileType name="JAVA">
      <summary usageCount="46" lastUsed="1653291329195" />
    </fileType>
    <fileType name="Properties">
      <summary usageCount="10" lastUsed="1653276705434" />
    </fileType>
    <fileType name="XML">
      <summary usageCount="16" lastUsed="1653291392320" />
    </fileType>
  </component>
  <component name="FindInProjectRecents">
    <findStrings>
      <find>taegyungsite</find>
    </findStrings>
    <dirStrings>
      <dir>C:\work\GitHub\HTML5\13.시험\2022_05_23\boot_exam\src\main\java\com\example\boot_exam\src\main\java\com\example\taegyungsite</dir>
      <dir>C:\work\GitHub\HTML5\13.시험\2022_05_23\boot_exam\src\main\java\com\example\boot_exam</dir>
    </dirStrings>
  </component>
  <component name="IdeDocumentHistory">
    <changedPaths>
      <option value="$PROJECT_DIR$/src/main/java/com/example/taegyungsite/service/BoardServiceImpl.java" />
      <option value="$PROJECT_DIR$/build.gradle" />
      <option value="$APPLICATION_CONFIG_DIR$/scratches/generated-requests.http" />
      <option value="$PROJECT_DIR$/src/main/resources/application.properties" />
      <option value="$PROJECT_DIR$/src/main/java/com/example/taegyungsite/paging/Criteria3.java" />
      <option value="$PROJECT_DIR$/src/main/java/com/example/taegyungsite/paging/Criteria2.java" />
      <option value="$PROJECT_DIR$/src/main/java/com/example/taegyungsite/model/CommonDto2.java" />
      <option value="$PROJECT_DIR$/src/main/java/com/example/taegyungsite/model/CommentDto2.java" />
      <option value="$PROJECT_DIR$/src/main/java/com/example/taegyungsite/model/BoardDto2.java" />
      <option value="$PROJECT_DIR$/src/main/java/com/example/taegyungsite/dao/CommentDao2.java" />
      <option value="$PROJECT_DIR$/src/main/java/com/example/taegyungsite/dao/BoardDao2.java" />
      <option value="$PROJECT_DIR$/src/main/java/com/example/taegyungsite/controller/BoardCommentApiController.java" />
      <option value="$PROJECT_DIR$/src/main/resources/mappers/Common2.xml" />
      <option value="$PROJECT_DIR$/settings.gradle" />
      <option value="$PROJECT_DIR$/src/main/resources/mappers/Comment.xml" />
    </changedPaths>
  </component>
  <component name="IgnoredFileRootStore">
    <option name="generatedRoots">
      <set>
        <option value="$PROJECT_DIR$/.idea" />
      </set>
    </option>
  </component>
  <component name="ProjectView">
    <navigator currentView="ProjectPane" proportions="" version="1" />
    <panes>
      <pane id="ProjectPane">
        <subPane>
          <expand>
            <path>
              <item name="boot_exam" type="b2602c69:ProjectViewProjectNode" />
              <item name="boot_exam" type="8a07ba80:GradleTreeStructureProvider$GradleModuleDirectoryNode" />
            </path>
            <path>
              <item name="boot_exam" type="b2602c69:ProjectViewProjectNode" />
              <item name="boot_exam" type="8a07ba80:GradleTreeStructureProvider$GradleModuleDirectoryNode" />
              <item name="src" type="462c0819:PsiDirectoryNode" />
            </path>
            <path>
              <item name="boot_exam" type="b2602c69:ProjectViewProjectNode" />
              <item name="boot_exam" type="8a07ba80:GradleTreeStructureProvider$GradleModuleDirectoryNode" />
              <item name="src" type="462c0819:PsiDirectoryNode" />
              <item name="main" type="8a07ba80:GradleTreeStructureProvider$GradleModuleDirectoryNode" />
            </path>
            <path>
              <item name="boot_exam" type="b2602c69:ProjectViewProjectNode" />
              <item name="boot_exam" type="8a07ba80:GradleTreeStructureProvider$GradleModuleDirectoryNode" />
              <item name="src" type="462c0819:PsiDirectoryNode" />
              <item name="test" type="8a07ba80:GradleTreeStructureProvider$GradleModuleDirectoryNode" />
            </path>
            <path>
              <item name="boot_exam" type="b2602c69:ProjectViewProjectNode" />
              <item name="boot_exam" type="8a07ba80:GradleTreeStructureProvider$GradleModuleDirectoryNode" />
              <item name="src" type="462c0819:PsiDirectoryNode" />
              <item name="test" type="8a07ba80:GradleTreeStructureProvider$GradleModuleDirectoryNode" />
              <item name="java" type="462c0819:PsiDirectoryNode" />
            </path>
            <path>
              <item name="boot_exam" type="b2602c69:ProjectViewProjectNode" />
              <item name="boot_exam" type="8a07ba80:GradleTreeStructureProvider$GradleModuleDirectoryNode" />
              <item name="src" type="462c0819:PsiDirectoryNode" />
              <item name="test" type="8a07ba80:GradleTreeStructureProvider$GradleModuleDirectoryNode" />
              <item name="java" type="462c0819:PsiDirectoryNode" />
              <item name="taegyungsite" type="462c0819:PsiDirectoryNode" />
            </path>
            <path>
              <item name="boot_exam" type="b2602c69:ProjectViewProjectNode" />
              <item name="외부 라이브러리" type="cb654da1:ExternalLibrariesNode" />
            </path>
            <path>
              <item name="boot_exam" type="b2602c69:ProjectViewProjectNode" />
              <item name="스크래치 및 콘솔" type="b85a3e1f:ScratchTreeStructureProvider$MyProjectNode" />
            </path>
          </expand>
          <select />
        </subPane>
      </pane>
      <pane id="PackagesPane" />
      <pane id="Scope" />
    </panes>
  </component>
  <component name="RunConfigurationStartHistory">
    <history>
      <element setting="Spring Boot.TaeGyungSiteApplication" executorId="Run" />
      <element setting="HTTP 요청.generated-requests | #9" executorId="Run" />
      <element setting="HTTP 요청.generated-requests | #6" executorId="Run" />
    </history>
  </component>
  <component name="ServiceViewManager">
    <option name="viewStates">
      <list>
        <serviceView>
          <treeState>
            <expand>
              <path>
                <item name="services root" type="e789fda9:ObjectUtils$Sentinel" />
                <item name="HTTP 요청" type="7427dc5b:ServiceModel$ServiceGroupNode" />
              </path>
              <path>
                <item name="services root" type="e789fda9:ObjectUtils$Sentinel" />
                <item name="HTTP 요청" type="7427dc5b:ServiceModel$ServiceGroupNode" />
                <item name="시작되지 않음" type="7427dc5b:ServiceModel$ServiceGroupNode" />
              </path>
            </expand>
            <select />
          </treeState>
        </serviceView>
      </list>
    </option>
  </component>
  <component name="TimeTrackingManager">
    <option name="totallyTimeSpent" value="7205000" />
  </component>
  <component name="ToolWindowManager">
    <editor active="true" />
    <layout>
      <window_info id="Space Code Reviews" />
      <window_info id="Pull Requests" />
      <window_info id="Commit" />
      <window_info id="Bookmarks" order="0" side_tool="true" />
      <window_info content_ui="combo" id="Project" order="1" visible="true" weight="0.25016266" />
      <window_info id="Web" order="2" show_stripe_button="false" side_tool="true" />
      <window_info id="Learn" order="3" />
      <window_info id="Structure" order="4" side_tool="true" />
      <window_info anchor="bottom" id="TypeScript" />
      <window_info anchor="bottom" id="Internal Method Tracing" />
      <window_info anchor="bottom" id="File Transfer" />
      <window_info anchor="bottom" id="Dependency Checker" />
      <window_info anchor="bottom" id="Version Control" order="0" />
      <window_info anchor="bottom" id="Find" order="1" />
      <window_info anchor="bottom" id="Run" order="2" show_stripe_button="false" weight="0.3294903" />
      <window_info anchor="bottom" id="Debug" order="3" weight="0.4" />
      <window_info anchor="bottom" id="TODO" order="4" />
      <window_info anchor="bottom" id="종속성" order="5" />
      <window_info anchor="bottom" id="Java Enterprise" order="6" show_stripe_button="false" />
      <window_info anchor="bottom" id="Inspection" order="7" weight="0.4" />
      <window_info anchor="bottom" id="Problems View" order="8" />
      <window_info anchor="bottom" id="Spring" order="9" />
      <window_info anchor="bottom" id="Terminal" order="10" />
      <window_info anchor="bottom" id="Endpoints" order="11" />
      <window_info anchor="bottom" id="Services" order="12" weight="0.3294903" />
      <window_info anchor="bottom" id="Profiler" order="13" />
      <window_info anchor="bottom" id="Database Changes" order="14" />
      <window_info anchor="bottom" id="Build" order="15" weight="0.3294903" />
      <window_info anchor="right" id="documentation.v2" side_tool="true" />
      <window_info anchor="right" id="Layout Validation" />
      <window_info anchor="right" id="Database" order="0" />
      <window_info anchor="right" id="Gradle" order="1" />
      <window_info anchor="right" id="Notifications" order="2" weight="0.25" />
    </layout>
    <recentWindows>
      <value>Project</value>
      <value>Run</value>
      <value>Build</value>
      <value>Services</value>
    </recentWindows>
  </component>
  <component name="WindowStateProjectService">
    <state x="574" y="128" key="#com.intellij.ide.util.MemberChooser" timestamp="1653277452325">
      <screen x="0" y="0" width="1536" height="824" />
    </state>
    <state x="574" y="128" key="#com.intellij.ide.util.MemberChooser/0.0.1536.824@0.0.1536.824" timestamp="1653277452325" />
    <state width="1493" height="243" key="GridCell.Tab.0.bottom" timestamp="1653285917686">
      <screen x="0" y="0" width="1536" height="824" />
    </state>
    <state width="1493" height="243" key="GridCell.Tab.0.bottom/0.0.1536.824@0.0.1536.824" timestamp="1653285917686" />
    <state width="1493" height="243" key="GridCell.Tab.0.center" timestamp="1653285917686">
      <screen x="0" y="0" width="1536" height="824" />
    </state>
    <state width="1493" height="243" key="GridCell.Tab.0.center/0.0.1536.824@0.0.1536.824" timestamp="1653285917686" />
    <state width="1493" height="243" key="GridCell.Tab.0.left" timestamp="1653285917686">
      <screen x="0" y="0" width="1536" height="824" />
    </state>
    <state width="1493" height="243" key="GridCell.Tab.0.left/0.0.1536.824@0.0.1536.824" timestamp="1653285917686" />
    <state width="1493" height="243" key="GridCell.Tab.0.right" timestamp="1653285917686">
      <screen x="0" y="0" width="1536" height="824" />
    </state>
    <state width="1493" height="243" key="GridCell.Tab.0.right/0.0.1536.824@0.0.1536.824" timestamp="1653285917686" />
    <state width="1493" height="243" key="GridCell.Tab.1.bottom" timestamp="1653285917686">
      <screen x="0" y="0" width="1536" height="824" />
    </state>
    <state width="1493" height="243" key="GridCell.Tab.1.bottom/0.0.1536.824@0.0.1536.824" timestamp="1653285917686" />
    <state width="1493" height="243" key="GridCell.Tab.1.center" timestamp="1653285917686">
      <screen x="0" y="0" width="1536" height="824" />
    </state>
    <state width="1493" height="243" key="GridCell.Tab.1.center/0.0.1536.824@0.0.1536.824" timestamp="1653285917686" />
    <state width="1493" height="243" key="GridCell.Tab.1.left" timestamp="1653285917686">
      <screen x="0" y="0" width="1536" height="824" />
    </state>
    <state width="1493" height="243" key="GridCell.Tab.1.left/0.0.1536.824@0.0.1536.824" timestamp="1653285917686" />
    <state width="1493" height="243" key="GridCell.Tab.1.right" timestamp="1653285917686">
      <screen x="0" y="0" width="1536" height="824" />
    </state>
    <state width="1493" height="243" key="GridCell.Tab.1.right/0.0.1536.824@0.0.1536.824" timestamp="1653285917686" />
    <state x="277" y="52" key="SettingsEditor" timestamp="1653276731745">
      <screen x="0" y="0" width="1536" height="824" />
    </state>
    <state x="277" y="52" key="SettingsEditor/0.0.1536.824@0.0.1536.824" timestamp="1653276731745" />
    <state width="679" height="424" key="SwitcherDM" timestamp="1652841897555">
      <screen x="0" y="0" width="1536" height="824" />
    </state>
    <state width="679" height="424" key="SwitcherDM/0.0.1536.824@0.0.1536.824" timestamp="1652841897555" />
    <state x="700" y="51" width="632" height="510" key="find.popup" timestamp="1653291392299">
      <screen x="0" y="0" width="1536" height="824" />
    </state>
    <state x="700" y="51" width="632" height="510" key="find.popup/0.0.1536.824@0.0.1536.824" timestamp="1653291392299" />
  </component>
  <component name="editorHistoryManager">
    <entry file="file://$PROJECT_DIR$/src/main/java/com/example/taegyungsite/service/BoardServiceImpl.java">
      <provider selected="true" editor-type-id="text-editor">
        <state relative-caret-position="100">
          <caret line="21" column="8" lean-forward="true" selection-start-line="21" selection-start-column="8" selection-end-line="21" selection-end-column="8" />
        </state>
      </provider>
    </entry>
    <entry file="file://$APPLICATION_CONFIG_DIR$/scratches/generated-requests.http">
      <provider selected="true" editor-type-id="text-editor">
        <state relative-caret-position="-66">
          <caret line="98" column="40" selection-start-line="98" selection-start-column="40" selection-end-line="98" selection-end-column="40" />
        </state>
      </provider>
    </entry>
    <entry file="file://$PROJECT_DIR$/src/main/resources/mappers/Board.xml">
      <provider selected="true" editor-type-id="text-editor">
        <state relative-caret-position="154">
          <caret line="124" column="27" selection-start-line="124" selection-start-column="27" selection-end-line="124" selection-end-column="27" />
        </state>
      </provider>
    </entry>
    <entry file="file://$PROJECT_DIR$/src/main/resources/logback-spring.xml">
      <provider selected="true" editor-type-id="text-editor">
        <state relative-caret-position="-132" />
      </provider>
    </entry>
    <entry file="file://$PROJECT_DIR$/src/test/java/com/example/taegyungsite/TaeGyungSiteApplicationTests.java">
      <provider selected="true" editor-type-id="text-editor">
        <state relative-caret-position="110">
          <caret line="6" column="6" selection-start-line="6" selection-start-column="6" selection-end-line="6" selection-end-column="6" />
        </state>
      </provider>
    </entry>
    <entry file="file://$PROJECT_DIR$/.gitignore">
      <provider selected="true" editor-type-id="text-editor">
        <state relative-caret-position="198">
          <caret line="9" column="10" lean-forward="true" selection-start-line="9" selection-start-column="10" selection-end-line="9" selection-end-column="10" />
        </state>
      </provider>
    </entry>
    <entry file="file://$PROJECT_DIR$/../application.properties" />
    <entry file="file://$PROJECT_DIR$/../GuminSite/src/main/resources/log4jdbc.log4j2.properties" />
    <entry file="file://$PROJECT_DIR$/../GuminSite/src/main/resources/application.properties" />
    <entry file="file://$PROJECT_DIR$/src/main/resources/application.properties">
      <provider selected="true" editor-type-id="text-editor">
        <state relative-caret-position="374">
          <caret line="17" column="27" lean-forward="true" selection-start-line="17" selection-start-column="27" selection-end-line="17" selection-end-column="27" />
        </state>
      </provider>
    </entry>
    <entry file="file://$PROJECT_DIR$/src/main/resources/log4jdbc.log4j2.properties">
      <provider selected="true" editor-type-id="text-editor">
        <state relative-caret-position="22">
          <caret line="1" column="31" lean-forward="true" selection-start-line="1" selection-start-column="31" selection-end-line="1" selection-end-column="31" />
        </state>
      </provider>
    </entry>
    <entry file="file://$PROJECT_DIR$/src/main/java/com/example/taegyungsite/paging/Criteria3.java" />
    <entry file="file://$PROJECT_DIR$/src/main/java/com/example/taegyungsite/paging/Criteria.java">
      <provider selected="true" editor-type-id="text-editor">
        <state relative-caret-position="542">
          <caret line="65" lean-forward="true" selection-start-line="65" selection-end-line="65" />
        </state>
      </provider>
    </entry>
    <entry file="file://$PROJECT_DIR$/src/main/java/com/example/taegyungsite/paging/Criteria2.java">
      <provider selected="true" editor-type-id="text-editor">
        <state relative-caret-position="256">
          <caret line="56" lean-forward="true" selection-start-line="56" selection-end-line="56" />
          <folding>
            <element signature="imports" expanded="true" />
          </folding>
        </state>
      </provider>
    </entry>
    <entry file="file://$PROJECT_DIR$/src/main/java/com/example/taegyungsite/model/CommonDto.java">
      <provider selected="true" editor-type-id="text-editor">
        <state relative-caret-position="278">
          <caret line="26" column="59" lean-forward="true" selection-start-line="26" selection-start-column="59" selection-end-line="26" selection-end-column="59" />
        </state>
      </provider>
    </entry>
    <entry file="file://$PROJECT_DIR$/src/main/java/com/example/taegyungsite/model/CommonDto2.java">
      <provider selected="true" editor-type-id="text-editor">
        <state relative-caret-position="410">
          <caret line="25" column="28" lean-forward="true" selection-start-line="25" selection-start-column="28" selection-end-line="25" selection-end-column="28" />
          <folding>
            <element signature="imports" expanded="true" />
          </folding>
        </state>
      </provider>
    </entry>
    <entry file="file://$PROJECT_DIR$/src/main/java/com/example/taegyungsite/model/CommentDto2.java">
      <provider selected="true" editor-type-id="text-editor">
        <state relative-caret-position="652">
          <caret line="26" column="13" selection-start-line="26" selection-start-column="13" selection-end-line="26" selection-end-column="13" />
          <folding>
            <element signature="imports" expanded="true" />
          </folding>
        </state>
      </provider>
    </entry>
    <entry file="file://$PROJECT_DIR$/src/main/java/com/example/taegyungsite/model/CommentDto.java">
      <provider selected="true" editor-type-id="text-editor">
        <state relative-caret-position="374">
          <caret line="34" column="31" lean-forward="true" selection-start-line="34" selection-start-column="31" selection-end-line="34" selection-end-column="31" />
        </state>
      </provider>
    </entry>
    <entry file="file://$PROJECT_DIR$/src/main/java/com/example/taegyungsite/model/Board2Dto.java">
      <provider selected="true" editor-type-id="text-editor">
        <state relative-caret-position="300">
          <caret line="32" column="13" selection-start-line="32" selection-start-column="13" selection-end-line="32" selection-end-column="13" />
        </state>
      </provider>
    </entry>
    <entry file="file://$PROJECT_DIR$/src/main/java/com/example/taegyungsite/model/BoardDto2.java">
      <provider selected="true" editor-type-id="text-editor">
        <state relative-caret-position="432">
          <caret line="23" column="25" lean-forward="true" selection-start-line="23" selection-start-column="25" selection-end-line="23" selection-end-column="25" />
          <folding>
            <element signature="imports" expanded="true" />
          </folding>
        </state>
      </provider>
    </entry>
    <entry file="file://$PROJECT_DIR$/src/main/java/com/example/taegyungsite/model/BoardDto.java">
      <provider selected="true" editor-type-id="text-editor">
        <state relative-caret-position="256">
          <caret line="31" column="25" lean-forward="true" selection-start-line="31" selection-start-column="25" selection-end-line="31" selection-end-column="25" />
        </state>
      </provider>
    </entry>
    <entry file="file://$PROJECT_DIR$/src/main/java/com/example/taegyungsite/dao/CommentDao.java">
      <provider selected="true" editor-type-id="text-editor">
        <state relative-caret-position="88">
          <caret line="17" column="3" selection-start-line="17" selection-start-column="3" selection-end-line="17" selection-end-column="3" />
        </state>
      </provider>
    </entry>
    <entry file="file://$PROJECT_DIR$/src/main/java/com/example/taegyungsite/dao/BoardDao2.java">
      <provider selected="true" editor-type-id="text-editor">
        <state relative-caret-position="498">
          <caret line="39" column="19" lean-forward="true" selection-start-line="39" selection-start-column="19" selection-end-line="39" selection-end-column="19" />
          <folding>
            <element signature="imports" expanded="true" />
          </folding>
        </state>
      </provider>
    </entry>
    <entry file="file://$PROJECT_DIR$/src/main/java/com/example/taegyungsite/dao/BoardDao.java">
      <provider selected="true" editor-type-id="text-editor">
        <state relative-caret-position="396">
          <caret line="44" lean-forward="true" selection-start-line="44" selection-end-line="44" />
        </state>
      </provider>
    </entry>
    <entry file="file://$PROJECT_DIR$/src/main/java/com/example/taegyungsite/dao/CommentDao2.java">
      <provider selected="true" editor-type-id="text-editor">
        <state relative-caret-position="520">
          <caret line="40" column="52" selection-start-line="40" selection-start-column="52" selection-end-line="40" selection-end-column="52" />
          <folding>
            <element signature="imports" expanded="true" />
          </folding>
        </state>
      </provider>
    </entry>
    <entry file="file://$PROJECT_DIR$/src/main/java/com/example/taegyungsite/controller/BoardApiController.java">
      <provider selected="true" editor-type-id="text-editor">
        <state relative-caret-position="176">
          <caret line="19" column="19" selection-start-line="19" selection-start-column="19" selection-end-line="19" selection-end-column="19" />
        </state>
      </provider>
    </entry>
    <entry file="file://$PROJECT_DIR$/src/main/resources/mappers/Board3" />
    <entry file="file://$PROJECT_DIR$/src/main/resources/mappers/Board3.xml">
      <provider selected="true" editor-type-id="text-editor" />
    </entry>
    <entry file="file://$PROJECT_DIR$/src/main/resources/mappers/Comment2.xml">
      <provider selected="true" editor-type-id="text-editor" />
    </entry>
    <entry file="file://$PROJECT_DIR$/src/main/java/com/example/taegyungsite/controller/BoardCommentApiController.java">
      <provider selected="true" editor-type-id="text-editor">
        <state relative-caret-position="132">
          <caret line="6" column="20" lean-forward="true" selection-start-line="6" selection-start-column="20" selection-end-line="6" selection-end-column="20" />
        </state>
      </provider>
    </entry>
    <entry file="file://$PROJECT_DIR$/src/main/java/com/example/taegyungsite/ServletInitializer.java">
      <provider selected="true" editor-type-id="text-editor">
        <state relative-caret-position="22">
          <caret line="1" lean-forward="true" selection-start-line="1" selection-end-line="1" />
        </state>
      </provider>
    </entry>
    <entry file="file://$PROJECT_DIR$/build.gradle">
      <provider selected="true" editor-type-id="text-editor">
        <state relative-caret-position="262">
          <caret line="13" column="26" selection-start-line="13" selection-start-column="26" selection-end-line="13" selection-end-column="26" />
        </state>
      </provider>
    </entry>
    <entry file="file://$PROJECT_DIR$/src/main/resources/mappers/Common.xml">
      <provider selected="true" editor-type-id="text-editor">
        <state relative-caret-position="628">
          <caret line="27" column="13" selection-start-line="27" selection-start-column="13" selection-end-line="27" selection-end-column="13" />
        </state>
      </provider>
    </entry>
    <entry file="file://$PROJECT_DIR$/src/main/resources/mappers/Common2.xml">
      <provider selected="true" editor-type-id="text-editor">
        <state relative-caret-position="154">
          <caret line="7" column="25" selection-start-line="7" selection-start-column="25" selection-end-line="7" selection-end-column="25" />
        </state>
      </provider>
    </entry>
    <entry file="file://$PROJECT_DIR$/settings.gradle">
      <provider selected="true" editor-type-id="text-editor">
        <state relative-caret-position="22">
          <caret line="1" lean-forward="true" selection-start-line="1" selection-end-line="1" />
        </state>
      </provider>
    </entry>
    <entry file="file://$PROJECT_DIR$/src/main/resources/mappers/Comment.xml">
      <provider selected="true" editor-type-id="text-editor">
        <state relative-caret-position="264">
          <caret line="12" column="15" lean-forward="true" selection-start-line="12" selection-start-column="15" selection-end-line="12" selection-end-column="15" />
        </state>
      </provider>
    </entry>
  </component>
</project>