<project version="4">
  <component name="BookmarksManager">
    <option name="groups">
      <GroupState>
        <option name="name" value="GuminSite" />
      </GroupState>
    </option>
  </component>
  <component name="BranchesTreeState">
    <expand>
      <path>
        <item name="ROOT" type="e8cecc67:BranchNodeDescriptor" />
        <item name="LOCAL_ROOT" type="e8cecc67:BranchNodeDescriptor" />
      </path>
      <path>
        <item name="ROOT" type="e8cecc67:BranchNodeDescriptor" />
        <item name="REMOTE_ROOT" type="e8cecc67:BranchNodeDescriptor" />
      </path>
      <path>
        <item name="ROOT" type="e8cecc67:BranchNodeDescriptor" />
        <item name="REMOTE_ROOT" type="e8cecc67:BranchNodeDescriptor" />
        <item name="GROUP_NODE:origin" type="e8cecc67:BranchNodeDescriptor" />
      </path>
    </expand>
    <select />
  </component>
  <component name="FileEditorManager">
    <leaf SIDE_TABS_SIZE_LIMIT_KEY="-1">
      <file pinned="false" current-in-tab="false">
        <entry file="file://$PROJECT_DIR$/HELP.md">
          <provider selected="true" editor-type-id="split-provider[text-editor;markdown-preview-editor]" />
        </entry>
      </file>
      <file pinned="false" current-in-tab="false">
        <entry file="file://$PROJECT_DIR$/gradlew.bat">
          <provider selected="true" editor-type-id="text-editor" />
        </entry>
      </file>
      <file pinned="false" current-in-tab="true">
        <entry file="file://$PROJECT_DIR$/build.gradle">
          <provider selected="true" editor-type-id="text-editor">
            <state relative-caret-position="22">
              <caret line="10" selection-start-line="10" selection-end-line="10" />
            </state>
          </provider>
        </entry>
      </file>
    </leaf>
  </component>
  <component name="FileTypeUsageLocalSummary">
    <fileType name="Gradle">
      <summary usageCount="2" lastUsed="1652771353753" />
    </fileType>
    <fileType name="Markdown">
      <summary usageCount="2" lastUsed="1652771353716" />
    </fileType>
    <fileType name="textmate">
      <summary usageCount="2" lastUsed="1652771353746" />
    </fileType>
  </component>
  <component name="IgnoredFileRootStore">
    <option name="generatedRoots">
      <set>
        <option value="$PROJECT_DIR$/.idea" />
      </set>
    </option>
  </component>
  <component name="ProjectView">
    <navigator currentView="ProjectPane" proportions="" version="1" />
    <panes>
      <pane id="ProjectPane">
        <subPane>
          <expand>
            <path>
              <item name="GuminSite" type="b2602c69:ProjectViewProjectNode" />
              <item name="GuminSite" type="8a07ba80:GradleTreeStructureProvider$GradleModuleDirectoryNode" />
            </path>
          </expand>
          <select />
        </subPane>
      </pane>
      <pane id="PackagesPane" />
      <pane id="Scope" />
    </panes>
  </component>
  <component name="TimeTrackingManager">
    <option name="totallyTimeSpent" value="77000" />
  </component>
  <component name="ToolWindowManager">
    <layout>
      <window_info id="Bookmarks" order="0" side_tool="true" />
      <window_info content_ui="combo" id="Project" order="1" visible="true" weight="0.25016266" />
      <window_info id="Learn" order="2" />
      <window_info id="Structure" order="3" side_tool="true" />
      <window_info anchor="bottom" id="Version Control" order="0" />
      <window_info anchor="bottom" id="Find" order="1" />
      <window_info anchor="bottom" id="Run" order="2" />
      <window_info anchor="bottom" id="Debug" order="3" weight="0.4" />
      <window_info anchor="bottom" id="TODO" order="4" />
      <window_info anchor="bottom" id="Inspection" order="5" weight="0.4" />
      <window_info anchor="bottom" id="Problems View" order="6" />
      <window_info anchor="bottom" id="Terminal" order="7" />
      <window_info anchor="bottom" id="Endpoints" order="8" show_stripe_button="false" />
      <window_info anchor="bottom" id="Services" order="9" />
      <window_info anchor="bottom" id="Profiler" order="10" />
      <window_info anchor="bottom" id="Build" order="11" show_stripe_button="false" weight="0.3294903" />
      <window_info anchor="right" id="Database" order="0" />
      <window_info anchor="right" id="Gradle" order="1" />
      <window_info anchor="right" id="Notifications" order="1" weight="0.25" />
    </layout>
    <recentWindows>
      <value>Project</value>
      <value>Build</value>
    </recentWindows>
  </component>
  <component name="editorHistoryManager">
    <entry file="file://$PROJECT_DIR$/HELP.md">
      <provider selected="true" editor-type-id="split-provider[text-editor;markdown-preview-editor]" />
    </entry>
    <entry file="file://$PROJECT_DIR$/gradlew.bat">
      <provider selected="true" editor-type-id="text-editor" />
    </entry>
    <entry file="file://$PROJECT_DIR$/build.gradle">
      <provider selected="true" editor-type-id="text-editor">
        <state relative-caret-position="22">
          <caret line="10" selection-start-line="10" selection-end-line="10" />
        </state>
      </provider>
    </entry>
  </component>
</project>