<project version="4">
  <component name="BookmarksManager">
    <option name="groups">
      <GroupState>
        <option name="name" value="sp5-chap02" />
      </GroupState>
    </option>
  </component>
  <component name="FileEditorManager">
    <leaf SIDE_TABS_SIZE_LIMIT_KEY="-1">
      <file pinned="false" current-in-tab="false">
        <entry file="file://$PROJECT_DIR$/src/main/java/chap02/AppContext.java">
          <provider selected="true" editor-type-id="text-editor">
            <state relative-caret-position="462">
              <caret line="22" column="37" selection-start-line="22" selection-start-column="37" selection-end-line="22" selection-end-column="37" />
              <folding>
                <element signature="imports" expanded="true" />
              </folding>
            </state>
          </provider>
        </entry>
      </file>
      <file pinned="false" current-in-tab="false">
        <entry file="file://$PROJECT_DIR$/src/main/java/chap02/Main.java">
          <provider selected="true" editor-type-id="text-editor">
            <state relative-caret-position="792">
              <caret line="36" column="1" selection-start-line="36" selection-start-column="1" selection-end-line="36" selection-end-column="1" />
            </state>
          </provider>
        </entry>
      </file>
      <file pinned="false" current-in-tab="true">
        <entry file="file://$PROJECT_DIR$/src/main/java/com/example/sp5chap02/Sp5Chap02Application.java">
          <provider selected="true" editor-type-id="text-editor">
            <state relative-caret-position="110">
              <caret line="5" column="22" selection-start-line="5" selection-start-column="22" selection-end-line="5" selection-end-column="22" />
            </state>
          </provider>
        </entry>
      </file>
    </leaf>
  </component>
  <component name="FileTypeUsageLocalSummary">
    <fileType name="JAVA">
      <summary usageCount="8" lastUsed="1652832645676" />
    </fileType>
    <fileType name="Markdown">
      <summary usageCount="1" lastUsed="1652798345759" />
    </fileType>
  </component>
  <component name="IdeDocumentHistory">
    <changedPaths>
      <option value="$PROJECT_DIR$/src/main/java/chap02/AppContext.java" />
      <option value="$PROJECT_DIR$/src/main/java/chap02/Greeter.java" />
      <option value="$PROJECT_DIR$/src/main/java/chap02/Main.java" />
    </changedPaths>
  </component>
  <component name="IgnoredFileRootStore">
    <option name="generatedRoots">
      <set>
        <option value="$PROJECT_DIR$/.idea" />
      </set>
    </option>
  </component>
  <component name="ProjectView">
    <navigator currentView="ProjectPane" proportions="" version="1" />
    <panes>
      <pane id="PackagesPane" />
      <pane id="ProjectPane">
        <subPane>
          <expand>
            <path>
              <item name="sp5-chap02" type="b2602c69:ProjectViewProjectNode" />
              <item name="sp5-chap02" type="8a07ba80:GradleTreeStructureProvider$GradleModuleDirectoryNode" />
            </path>
            <path>
              <item name="sp5-chap02" type="b2602c69:ProjectViewProjectNode" />
              <item name="sp5-chap02" type="8a07ba80:GradleTreeStructureProvider$GradleModuleDirectoryNode" />
              <item name="src" type="462c0819:PsiDirectoryNode" />
            </path>
            <path>
              <item name="sp5-chap02" type="b2602c69:ProjectViewProjectNode" />
              <item name="sp5-chap02" type="8a07ba80:GradleTreeStructureProvider$GradleModuleDirectoryNode" />
              <item name="src" type="462c0819:PsiDirectoryNode" />
              <item name="main" type="8a07ba80:GradleTreeStructureProvider$GradleModuleDirectoryNode" />
            </path>
            <path>
              <item name="sp5-chap02" type="b2602c69:ProjectViewProjectNode" />
              <item name="sp5-chap02" type="8a07ba80:GradleTreeStructureProvider$GradleModuleDirectoryNode" />
              <item name="src" type="462c0819:PsiDirectoryNode" />
              <item name="main" type="8a07ba80:GradleTreeStructureProvider$GradleModuleDirectoryNode" />
              <item name="java" type="462c0819:PsiDirectoryNode" />
            </path>
            <path>
              <item name="sp5-chap02" type="b2602c69:ProjectViewProjectNode" />
              <item name="sp5-chap02" type="8a07ba80:GradleTreeStructureProvider$GradleModuleDirectoryNode" />
              <item name="src" type="462c0819:PsiDirectoryNode" />
              <item name="main" type="8a07ba80:GradleTreeStructureProvider$GradleModuleDirectoryNode" />
              <item name="java" type="462c0819:PsiDirectoryNode" />
              <item name="chap02" type="462c0819:PsiDirectoryNode" />
            </path>
            <path>
              <item name="sp5-chap02" type="b2602c69:ProjectViewProjectNode" />
              <item name="sp5-chap02" type="8a07ba80:GradleTreeStructureProvider$GradleModuleDirectoryNode" />
              <item name="src" type="462c0819:PsiDirectoryNode" />
              <item name="main" type="8a07ba80:GradleTreeStructureProvider$GradleModuleDirectoryNode" />
              <item name="java" type="462c0819:PsiDirectoryNode" />
              <item name="sp5chap02" type="462c0819:PsiDirectoryNode" />
            </path>
            <path>
              <item name="sp5-chap02" type="b2602c69:ProjectViewProjectNode" />
              <item name="sp5-chap02" type="8a07ba80:GradleTreeStructureProvider$GradleModuleDirectoryNode" />
              <item name="src" type="462c0819:PsiDirectoryNode" />
              <item name="main" type="8a07ba80:GradleTreeStructureProvider$GradleModuleDirectoryNode" />
              <item name="resources" type="462c0819:PsiDirectoryNode" />
            </path>
          </expand>
          <select />
        </subPane>
      </pane>
      <pane id="Scope" />
    </panes>
  </component>
  <component name="RunConfigurationStartHistory">
    <history>
      <element setting="애플리케이션.Main" executorId="Run" />
      <element setting="Spring Boot.Sp5Chap02Application" executorId="Run" />
    </history>
  </component>
  <component name="TimeTrackingManager">
    <option name="totallyTimeSpent" value="2291000" />
  </component>
  <component name="ToolWindowManager">
    <layout>
      <window_info id="Bookmarks" order="0" side_tool="true" />
      <window_info content_ui="combo" id="Project" order="1" visible="true" weight="0.25016266" />
      <window_info id="Web" order="2" show_stripe_button="false" side_tool="true" />
      <window_info id="Learn" order="3" />
      <window_info id="Structure" order="4" side_tool="true" />
      <window_info anchor="bottom" id="Version Control" order="0" />
      <window_info anchor="bottom" id="Find" order="1" />
      <window_info anchor="bottom" id="Run" order="2" show_stripe_button="false" weight="0.3294903" />
      <window_info anchor="bottom" id="Debug" order="3" weight="0.4" />
      <window_info anchor="bottom" id="TODO" order="4" />
      <window_info anchor="bottom" id="종속성" order="5" />
      <window_info anchor="bottom" id="Java Enterprise" order="6" show_stripe_button="false" />
      <window_info anchor="bottom" id="Inspection" order="7" weight="0.4" />
      <window_info anchor="bottom" id="Problems View" order="8" />
      <window_info anchor="bottom" id="Spring" order="9" />
      <window_info anchor="bottom" id="Terminal" order="10" />
      <window_info anchor="bottom" id="Endpoints" order="11" />
      <window_info anchor="bottom" id="Services" order="12" />
      <window_info anchor="bottom" id="Profiler" order="13" />
      <window_info anchor="bottom" id="Build" order="14" weight="0.3294903" />
      <window_info anchor="right" id="Database" order="0" />
      <window_info anchor="right" id="Gradle" order="1" />
      <window_info anchor="right" id="Notifications" order="1" weight="0.25" />
    </layout>
    <recentWindows>
      <value>Project</value>
      <value>Run</value>
      <value>Build</value>
    </recentWindows>
  </component>
  <component name="WindowStateProjectService">
    <state x="574" y="128" key="#com.intellij.ide.util.MemberChooser" timestamp="1652798512120">
      <screen x="0" y="0" width="1536" height="824" />
    </state>
    <state x="574" y="128" key="#com.intellij.ide.util.MemberChooser/0.0.1536.824@0.0.1536.824" timestamp="1652798512120" />
    <state width="1493" height="243" key="GridCell.Tab.0.bottom" timestamp="1652800398718">
      <screen x="0" y="0" width="1536" height="824" />
    </state>
    <state width="1493" height="243" key="GridCell.Tab.0.bottom/0.0.1536.824@0.0.1536.824" timestamp="1652800398718" />
    <state width="1493" height="243" key="GridCell.Tab.0.center" timestamp="1652800398718">
      <screen x="0" y="0" width="1536" height="824" />
    </state>
    <state width="1493" height="243" key="GridCell.Tab.0.center/0.0.1536.824@0.0.1536.824" timestamp="1652800398718" />
    <state width="1493" height="243" key="GridCell.Tab.0.left" timestamp="1652800398718">
      <screen x="0" y="0" width="1536" height="824" />
    </state>
    <state width="1493" height="243" key="GridCell.Tab.0.left/0.0.1536.824@0.0.1536.824" timestamp="1652800398718" />
    <state width="1493" height="243" key="GridCell.Tab.0.right" timestamp="1652800398718">
      <screen x="0" y="0" width="1536" height="824" />
    </state>
    <state width="1493" height="243" key="GridCell.Tab.0.right/0.0.1536.824@0.0.1536.824" timestamp="1652800398718" />
    <state width="1493" height="243" key="GridCell.Tab.1.bottom" timestamp="1652800398711">
      <screen x="0" y="0" width="1536" height="824" />
    </state>
    <state width="1493" height="243" key="GridCell.Tab.1.bottom/0.0.1536.824@0.0.1536.824" timestamp="1652800398711" />
    <state width="1493" height="243" key="GridCell.Tab.1.center" timestamp="1652800398711">
      <screen x="0" y="0" width="1536" height="824" />
    </state>
    <state width="1493" height="243" key="GridCell.Tab.1.center/0.0.1536.824@0.0.1536.824" timestamp="1652800398711" />
    <state width="1493" height="243" key="GridCell.Tab.1.left" timestamp="1652800398711">
      <screen x="0" y="0" width="1536" height="824" />
    </state>
    <state width="1493" height="243" key="GridCell.Tab.1.left/0.0.1536.824@0.0.1536.824" timestamp="1652800398711" />
    <state width="1493" height="243" key="GridCell.Tab.1.right" timestamp="1652800398711">
      <screen x="0" y="0" width="1536" height="824" />
    </state>
    <state width="1493" height="243" key="GridCell.Tab.1.right/0.0.1536.824@0.0.1536.824" timestamp="1652800398711" />
  </component>
  <component name="editorHistoryManager">
    <entry file="file://$PROJECT_DIR$/HELP.md">
      <provider selected="true" editor-type-id="split-provider[text-editor;markdown-preview-editor]" />
    </entry>
    <entry file="file://$PROJECT_DIR$/src/main/java/chap02/Greeter.java">
      <provider selected="true" editor-type-id="text-editor">
        <state relative-caret-position="476">
          <caret line="17" column="44" lean-forward="true" selection-start-line="17" selection-start-column="8" selection-end-line="17" selection-end-column="44" />
          <folding>
            <element signature="e#428#429#0" expanded="true" />
            <element signature="e#479#480#0" expanded="true" />
          </folding>
        </state>
      </provider>
    </entry>
    <entry file="file://$PROJECT_DIR$/src/main/java/chap02/AppContext.java">
      <provider selected="true" editor-type-id="text-editor">
        <state relative-caret-position="462">
          <caret line="22" column="37" selection-start-line="22" selection-start-column="37" selection-end-line="22" selection-end-column="37" />
          <folding>
            <element signature="imports" expanded="true" />
          </folding>
        </state>
      </provider>
    </entry>
    <entry file="file://$PROJECT_DIR$/src/main/java/chap02/Main.java">
      <provider selected="true" editor-type-id="text-editor">
        <state relative-caret-position="792">
          <caret line="36" column="1" selection-start-line="36" selection-start-column="1" selection-end-line="36" selection-end-column="1" />
        </state>
      </provider>
    </entry>
    <entry file="file://$PROJECT_DIR$/src/main/java/com/example/sp5chap02/Sp5Chap02Application.java">
      <provider selected="true" editor-type-id="text-editor">
        <state relative-caret-position="110">
          <caret line="5" column="22" selection-start-line="5" selection-start-column="22" selection-end-line="5" selection-end-column="22" />
        </state>
      </provider>
    </entry>
  </component>
</project>