<project version="4">
  <component name="BookmarksManager">
    <option name="groups">
      <GroupState>
        <option name="name" value="sp5-chap02" />
      </GroupState>
    </option>
  </component>
  <component name="FileEditorManager">
    <leaf>
      <file pinned="false" current-in-tab="false">
        <entry file="file://$PROJECT_DIR$/src/main/java/chap02/Greeter.java">
          <provider selected="true" editor-type-id="text-editor">
            <state relative-caret-position="381">
              <caret line="21" column="29" selection-start-line="21" selection-start-column="29" selection-end-line="21" selection-end-column="29" />
              <folding>
                <element signature="e#431#432#0" expanded="true" />
                <element signature="e#482#483#0" expanded="true" />
                <element signature="e#526#527#0" expanded="true" />
                <element signature="e#562#563#0" expanded="true" />
              </folding>
            </state>
          </provider>
        </entry>
      </file>
      <file pinned="false" current-in-tab="true">
        <entry file="file://$PROJECT_DIR$/src/main/java/chap02/AppContext.java">
          <provider selected="true" editor-type-id="text-editor">
            <state relative-caret-position="73">
              <caret line="5" column="17" selection-start-line="5" selection-start-column="17" selection-end-line="5" selection-end-column="17" />
            </state>
          </provider>
        </entry>
      </file>
    </leaf>
  </component>
  <component name="FileTypeUsageLocalSummary">
    <fileType name="Gradle">
      <summary usageCount="1" lastUsed="1652797924369" />
    </fileType>
    <fileType name="JAVA">
      <summary usageCount="4" lastUsed="1652798283499" />
    </fileType>
  </component>
  <component name="IdeDocumentHistory">
    <changedPaths>
      <option value="$PROJECT_DIR$/src/main/java/chap02.java" />
      <option value="$PROJECT_DIR$/src/main/java/chap02/Greeter.java" />
      <option value="$PROJECT_DIR$/src/main/java/chap02/AppContext.java" />
      <option value="$PROJECT_DIR$/src/main/java/chap02/Configuration.java" />
    </changedPaths>
  </component>
  <component name="IgnoredFileRootStore">
    <option name="generatedRoots">
      <set>
        <option value="$PROJECT_DIR$/.idea" />
      </set>
    </option>
  </component>
  <component name="ProjectView">
    <navigator currentView="ProjectPane" proportions="" version="1" />
    <panes>
      <pane id="ProjectPane">
        <subPane>
          <expand>
            <path>
              <item name="sp5-chap02" type="b2602c69:ProjectViewProjectNode" />
              <item name="sp5-chap02" type="8a07ba80:GradleTreeStructureProvider$GradleModuleDirectoryNode" />
            </path>
            <path>
              <item name="sp5-chap02" type="b2602c69:ProjectViewProjectNode" />
              <item name="sp5-chap02" type="8a07ba80:GradleTreeStructureProvider$GradleModuleDirectoryNode" />
              <item name="src" type="462c0819:PsiDirectoryNode" />
            </path>
            <path>
              <item name="sp5-chap02" type="b2602c69:ProjectViewProjectNode" />
              <item name="sp5-chap02" type="8a07ba80:GradleTreeStructureProvider$GradleModuleDirectoryNode" />
              <item name="src" type="462c0819:PsiDirectoryNode" />
              <item name="main" type="8a07ba80:GradleTreeStructureProvider$GradleModuleDirectoryNode" />
            </path>
            <path>
              <item name="sp5-chap02" type="b2602c69:ProjectViewProjectNode" />
              <item name="sp5-chap02" type="8a07ba80:GradleTreeStructureProvider$GradleModuleDirectoryNode" />
              <item name="src" type="462c0819:PsiDirectoryNode" />
              <item name="main" type="8a07ba80:GradleTreeStructureProvider$GradleModuleDirectoryNode" />
              <item name="java" type="462c0819:PsiDirectoryNode" />
            </path>
            <path>
              <item name="sp5-chap02" type="b2602c69:ProjectViewProjectNode" />
              <item name="sp5-chap02" type="8a07ba80:GradleTreeStructureProvider$GradleModuleDirectoryNode" />
              <item name="src" type="462c0819:PsiDirectoryNode" />
              <item name="main" type="8a07ba80:GradleTreeStructureProvider$GradleModuleDirectoryNode" />
              <item name="java" type="462c0819:PsiDirectoryNode" />
              <item name="chap02" type="462c0819:PsiDirectoryNode" />
            </path>
          </expand>
          <select />
        </subPane>
      </pane>
      <pane id="PackagesPane" />
      <pane id="Scope" />
    </panes>
  </component>
  <component name="TimeTrackingManager">
    <option name="totallyTimeSpent" value="375000" />
  </component>
  <component name="ToolWindowManager">
    <editor active="true" />
    <layout>
      <window_info id="Bookmarks" order="0" side_tool="true" />
      <window_info content_ui="combo" id="Project" order="0" visible="true" weight="0.25016266" />
      <window_info id="Learn" order="0" />
      <window_info id="Structure" order="0" side_tool="true" />
      <window_info anchor="bottom" id="Version Control" order="0" />
      <window_info anchor="bottom" id="Find" order="1" />
      <window_info anchor="bottom" id="Run" order="2" />
      <window_info anchor="bottom" id="Debug" order="3" weight="0.4" />
      <window_info anchor="bottom" id="TODO" order="4" />
      <window_info anchor="bottom" id="종속성" order="4" />
      <window_info anchor="bottom" id="Inspection" order="4" weight="0.4" />
      <window_info anchor="bottom" id="Problems View" order="4" />
      <window_info anchor="bottom" id="Terminal" order="4" />
      <window_info anchor="bottom" id="Endpoints" order="4" show_stripe_button="false" />
      <window_info anchor="bottom" id="Services" order="4" />
      <window_info anchor="bottom" id="Profiler" order="4" />
      <window_info anchor="bottom" id="Build" order="4" visible="true" weight="0.3294903" />
      <window_info anchor="right" id="Database" order="0" />
      <window_info anchor="right" id="Notifications" order="0" weight="0.25" />
    </layout>
    <recentWindows>
      <value>Project</value>
      <value>Build</value>
    </recentWindows>
  </component>
  <component name="WindowStateProjectService">
    <state x="574" y="113" key="#com.intellij.ide.util.MemberChooser" timestamp="1652798155890">
      <screen x="0" y="0" width="1536" height="824" />
    </state>
    <state x="574" y="113" key="#com.intellij.ide.util.MemberChooser/0.0.1536.824@0.0.1536.824" timestamp="1652798155890" />
  </component>
  <component name="editorHistoryManager">
    <entry file="file://$PROJECT_DIR$/build.gradle">
      <provider selected="true" editor-type-id="text-editor" />
    </entry>
    <entry file="file://$PROJECT_DIR$/src/main/java/chap02.java">
      <provider selected="true" editor-type-id="text-editor">
        <state relative-caret-position="264">
          <caret line="12" column="4" selection-start-line="12" selection-start-column="4" selection-end-line="12" selection-end-column="4" />
        </state>
      </provider>
    </entry>
    <entry file="file://$PROJECT_DIR$/src/main/java/chap02/Greeter.java">
      <provider selected="true" editor-type-id="text-editor">
        <state relative-caret-position="381">
          <caret line="21" column="29" lean-forward="true" selection-start-line="21" selection-start-column="29" selection-end-line="21" selection-end-column="29" />
          <folding>
            <element signature="e#431#432#0" expanded="true" />
            <element signature="e#482#483#0" expanded="true" />
            <element signature="e#526#527#0" expanded="true" />
            <element signature="e#562#563#0" expanded="true" />
          </folding>
        </state>
      </provider>
    </entry>
    <entry file="file://$PROJECT_DIR$/src/main/java/chap02/Configuration.java">
      <provider selected="true" editor-type-id="text-editor">
        <state relative-caret-position="308">
          <caret line="13" column="18" selection-start-line="13" selection-start-column="18" selection-end-line="13" selection-end-column="18" />
        </state>
      </provider>
    </entry>
    <entry file="file://$PROJECT_DIR$/src/main/java/chap02/AppContext.java">
      <provider selected="true" editor-type-id="text-editor">
        <state relative-caret-position="73">
          <caret line="5" column="17" selection-start-line="5" selection-start-column="17" selection-end-line="5" selection-end-column="17" />
        </state>
      </provider>
    </entry>
  </component>
</project>