<project version="4">
  <component name="BookmarksManager">
    <option name="groups">
      <GroupState>
        <option name="name" value="sp5-chap03" />
      </GroupState>
    </option>
  </component>
  <component name="BranchesTreeState">
    <expand>
      <path>
        <item name="ROOT" type="e8cecc67:BranchNodeDescriptor" />
        <item name="LOCAL_ROOT" type="e8cecc67:BranchNodeDescriptor" />
      </path>
      <path>
        <item name="ROOT" type="e8cecc67:BranchNodeDescriptor" />
        <item name="REMOTE_ROOT" type="e8cecc67:BranchNodeDescriptor" />
      </path>
      <path>
        <item name="ROOT" type="e8cecc67:BranchNodeDescriptor" />
        <item name="REMOTE_ROOT" type="e8cecc67:BranchNodeDescriptor" />
        <item name="GROUP_NODE:origin" type="e8cecc67:BranchNodeDescriptor" />
      </path>
    </expand>
    <select />
  </component>
  <component name="FileEditorManager">
    <leaf SIDE_TABS_SIZE_LIMIT_KEY="-1">
      <file pinned="false" current-in-tab="true">
        <entry file="file://$PROJECT_DIR$/src/main/java/spring/RegisterRequest.java">
          <provider selected="true" editor-type-id="text-editor">
            <state relative-caret-position="484">
              <caret line="18" lean-forward="true" selection-start-line="18" selection-end-line="18" />
              <folding>
                <element signature="e#548#549#0" expanded="true" />
                <element signature="e#603#604#0" expanded="true" />
                <element signature="e#635#636#0" expanded="true" />
                <element signature="e#663#664#0" expanded="true" />
              </folding>
            </state>
          </provider>
        </entry>
      </file>
    </leaf>
  </component>
  <component name="FileTypeUsageLocalSummary">
    <fileType name="Gradle">
      <summary usageCount="3" lastUsed="1653402135072" />
    </fileType>
    <fileType name="JAVA">
      <summary usageCount="20" lastUsed="1653402797337" />
    </fileType>
    <fileType name="Markdown">
      <summary usageCount="1" lastUsed="1653212600076" />
    </fileType>
    <fileType name="Properties">
      <summary usageCount="1" lastUsed="1653401133470" />
    </fileType>
  </component>
  <component name="FindInProjectRecents">
    <findStrings>
      <find>ㅎㄷㅅ</find>
    </findStrings>
  </component>
  <component name="IdeDocumentHistory">
    <changedPaths>
      <option value="$PROJECT_DIR$/src/main/java/MemberGegisterService.java" />
      <option value="$PROJECT_DIR$/src/main/java/spring/WrongIdPasswordException.java" />
      <option value="$PROJECT_DIR$/src/main/java/spring/MemberDao.java" />
      <option value="$PROJECT_DIR$/src/main/java/spring/REgisterRequest.java" />
      <option value="$PROJECT_DIR$/src/main/java/spring/DuplicateMemberException.java" />
      <option value="$PROJECT_DIR$/src/main/java/spring/Member.java" />
      <option value="$PROJECT_DIR$/src/main/java/ChangePasswordService.java" />
      <option value="$PROJECT_DIR$/src/main/java/spring/ChangePasswordService.java" />
      <option value="$PROJECT_DIR$/src/main/java/spring/MemberNotFoundException.java" />
      <option value="$PROJECT_DIR$/../../../../구글드라이브/HTML5/교재_실습예제/SpringBoot/sp5-chap03/src/main/java/main/MainForAssembler.java" />
      <option value="$PROJECT_DIR$/build.gradle" />
      <option value="$PROJECT_DIR$/src/main/java/MemberRegisterService.java" />
      <option value="$PROJECT_DIR$/src/main/java/config/AppCtx.java" />
      <option value="$PROJECT_DIR$/src/main/java/spring/RegisterRequest.java" />
      <option value="$PROJECT_DIR$/src/main/java/main/MainForAssembler.java" />
    </changedPaths>
  </component>
  <component name="IgnoredFileRootStore">
    <option name="generatedRoots">
      <set>
        <option value="$PROJECT_DIR$/.idea" />
      </set>
    </option>
  </component>
  <component name="ProjectView">
    <navigator currentView="ProjectPane" proportions="" version="1" />
    <panes>
      <pane id="ProjectPane">
        <subPane>
          <expand>
            <path>
              <item name="sp5-chap03" type="b2602c69:ProjectViewProjectNode" />
              <item name="sp5-chap03" type="8a07ba80:GradleTreeStructureProvider$GradleModuleDirectoryNode" />
            </path>
          </expand>
          <select />
        </subPane>
      </pane>
      <pane id="PackagesPane" />
      <pane id="Scope" />
    </panes>
  </component>
  <component name="RunConfigurationStartHistory">
    <history>
      <element setting="애플리케이션.MainForAssembler" executorId="Run" />
      <element setting="Spring Boot.Sp5Chap03Application" executorId="Run" />
    </history>
  </component>
  <component name="TimeTrackingManager">
    <option name="totallyTimeSpent" value="4651000" />
  </component>
  <component name="ToolWindowManager">
    <layout>
      <window_info id="Bookmarks" order="0" side_tool="true" />
      <window_info content_ui="combo" id="Project" order="1" visible="true" weight="0.25016266" />
      <window_info id="Web" order="2" show_stripe_button="false" side_tool="true" />
      <window_info id="Learn" order="3" />
      <window_info id="Structure" order="4" side_tool="true" />
      <window_info anchor="bottom" id="Version Control" order="0" />
      <window_info anchor="bottom" id="Find" order="1" show_stripe_button="false" weight="0.3294903" />
      <window_info anchor="bottom" id="Run" order="2" show_stripe_button="false" weight="0.3294903" />
      <window_info anchor="bottom" id="Debug" order="3" weight="0.4" />
      <window_info anchor="bottom" id="TODO" order="4" />
      <window_info anchor="bottom" id="종속성" order="5" />
      <window_info anchor="bottom" id="Java Enterprise" order="6" show_stripe_button="false" />
      <window_info anchor="bottom" id="Inspection" order="7" weight="0.4" />
      <window_info anchor="bottom" id="Problems View" order="8" />
      <window_info anchor="bottom" id="Spring" order="9" />
      <window_info anchor="bottom" id="Terminal" order="10" />
      <window_info anchor="bottom" id="Endpoints" order="11" />
      <window_info anchor="bottom" id="Services" order="12" />
      <window_info anchor="bottom" id="Profiler" order="13" />
      <window_info anchor="bottom" id="Build" order="14" visible="true" weight="0.3294903" />
      <window_info anchor="right" id="Database" order="0" />
      <window_info anchor="right" id="Gradle" order="1" />
      <window_info anchor="right" id="Notifications" order="2" weight="0.25" />
    </layout>
    <recentWindows>
      <value>Project</value>
      <value>Run</value>
      <value>Find</value>
      <value>Build</value>
    </recentWindows>
  </component>
  <component name="WindowStateProjectService">
    <state x="574" y="128" key="#com.intellij.ide.util.MemberChooser" timestamp="1653400768036">
      <screen x="0" y="0" width="1536" height="824" />
    </state>
    <state x="574" y="128" key="#com.intellij.ide.util.MemberChooser/0.0.1536.824@0.0.1536.824" timestamp="1653400768036" />
    <state x="549" y="167" key="FileChooserDialogImpl" timestamp="1653401226704">
      <screen x="0" y="0" width="1536" height="824" />
    </state>
    <state x="549" y="167" key="FileChooserDialogImpl/0.0.1536.824@0.0.1536.824" timestamp="1653401226704" />
    <state width="1493" height="243" key="GridCell.Tab.0.bottom" timestamp="1653402897207">
      <screen x="0" y="0" width="1536" height="824" />
    </state>
    <state width="1493" height="243" key="GridCell.Tab.0.bottom/0.0.1536.824@0.0.1536.824" timestamp="1653402897207" />
    <state width="1493" height="243" key="GridCell.Tab.0.center" timestamp="1653402897207">
      <screen x="0" y="0" width="1536" height="824" />
    </state>
    <state width="1493" height="243" key="GridCell.Tab.0.center/0.0.1536.824@0.0.1536.824" timestamp="1653402897207" />
    <state width="1493" height="243" key="GridCell.Tab.0.left" timestamp="1653402897207">
      <screen x="0" y="0" width="1536" height="824" />
    </state>
    <state width="1493" height="243" key="GridCell.Tab.0.left/0.0.1536.824@0.0.1536.824" timestamp="1653402897207" />
    <state width="1493" height="243" key="GridCell.Tab.0.right" timestamp="1653402897207">
      <screen x="0" y="0" width="1536" height="824" />
    </state>
    <state width="1493" height="243" key="GridCell.Tab.0.right/0.0.1536.824@0.0.1536.824" timestamp="1653402897207" />
    <state width="1493" height="243" key="GridCell.Tab.1.bottom" timestamp="1653402346135">
      <screen x="0" y="0" width="1536" height="824" />
    </state>
    <state width="1493" height="243" key="GridCell.Tab.1.bottom/0.0.1536.824@0.0.1536.824" timestamp="1653402346135" />
    <state width="1493" height="243" key="GridCell.Tab.1.center" timestamp="1653402346135">
      <screen x="0" y="0" width="1536" height="824" />
    </state>
    <state width="1493" height="243" key="GridCell.Tab.1.center/0.0.1536.824@0.0.1536.824" timestamp="1653402346135" />
    <state width="1493" height="243" key="GridCell.Tab.1.left" timestamp="1653402346135">
      <screen x="0" y="0" width="1536" height="824" />
    </state>
    <state width="1493" height="243" key="GridCell.Tab.1.left/0.0.1536.824@0.0.1536.824" timestamp="1653402346135" />
    <state width="1493" height="243" key="GridCell.Tab.1.right" timestamp="1653402346135">
      <screen x="0" y="0" width="1536" height="824" />
    </state>
    <state width="1493" height="243" key="GridCell.Tab.1.right/0.0.1536.824@0.0.1536.824" timestamp="1653402346135" />
    <state x="368" y="83" width="800" height="657" key="new project wizard" timestamp="1653401832179">
      <screen x="0" y="0" width="1536" height="824" />
    </state>
    <state x="368" y="83" width="800" height="657" key="new project wizard/0.0.1536.824@0.0.1536.824" timestamp="1653401832179" />
  </component>
  <component name="editorHistoryManager">
    <entry file="file://$PROJECT_DIR$/HELP.md">
      <provider selected="true" editor-type-id="split-provider[text-editor;markdown-preview-editor]" />
    </entry>
    <entry file="file://$PROJECT_DIR$/src/main/java/spring/WrongIdPasswordException.java">
      <provider selected="true" editor-type-id="text-editor">
        <state relative-caret-position="308">
          <caret line="14" column="18" lean-forward="true" selection-start-line="14" selection-start-column="18" selection-end-line="14" selection-end-column="18" />
        </state>
      </provider>
    </entry>
    <entry file="file://$PROJECT_DIR$/src/main/java/spring/MemberDao.java">
      <provider selected="true" editor-type-id="text-editor">
        <state relative-caret-position="586">
          <caret line="30" column="43" lean-forward="true" selection-start-line="30" selection-start-column="43" selection-end-line="30" selection-end-column="43" />
          <folding>
            <element signature="imports" expanded="true" />
            <element signature="e#615#616#0" expanded="true" />
            <element signature="e#829#830#0" expanded="true" />
          </folding>
        </state>
      </provider>
    </entry>
    <entry file="file://$PROJECT_DIR$/src/main/java/ChangePasswordService.java">
      <provider selected="true" editor-type-id="text-editor">
        <state relative-caret-position="242">
          <caret line="11" column="34" selection-start-line="11" selection-start-column="13" selection-end-line="11" selection-end-column="34" />
        </state>
      </provider>
    </entry>
    <entry file="file://$PROJECT_DIR$/src/main/java/spring/ChangePasswordService.java">
      <provider selected="true" editor-type-id="text-editor">
        <state relative-caret-position="462">
          <caret line="20" column="9" lean-forward="true" selection-start-line="20" selection-start-column="9" selection-end-line="20" selection-end-column="9" />
          <folding>
            <element signature="e#785#786#0" expanded="true" />
            <element signature="e#826#827#0" expanded="true" />
          </folding>
        </state>
      </provider>
    </entry>
    <entry file="file://$PROJECT_DIR$/src/main/java/spring/MemberNotFoundException.java">
      <provider selected="true" editor-type-id="text-editor">
        <state relative-caret-position="132">
          <caret line="6" column="20" lean-forward="true" selection-start-line="6" selection-start-column="20" selection-end-line="6" selection-end-column="20" />
        </state>
      </provider>
    </entry>
    <entry file="file://$PROJECT_DIR$/src/main/resources/application.properties">
      <provider selected="true" editor-type-id="text-editor">
        <state relative-caret-position="22">
          <caret line="1" lean-forward="true" selection-start-line="1" selection-end-line="1" />
        </state>
      </provider>
    </entry>
    <entry file="file://$PROJECT_DIR$/../../../../구글드라이브/HTML5/교재_실습예제/SpringBoot/sp5-chap03/src/main/java/main/MainForAssembler.java">
      <provider selected="true" editor-type-id="text-editor">
        <state relative-caret-position="198">
          <caret line="15" column="16" lean-forward="true" selection-start-line="15" selection-start-column="16" selection-end-line="15" selection-end-column="16" />
        </state>
      </provider>
    </entry>
    <entry file="file://$PROJECT_DIR$/../../../../구글드라이브/HTML5/교재_실습예제/SpringBoot/sp5-chap03/build.gradle">
      <provider selected="true" editor-type-id="text-editor">
        <state relative-caret-position="154">
          <caret line="28" column="4" selection-start-line="28" selection-start-column="4" selection-end-line="31" selection-end-column="66" />
        </state>
      </provider>
    </entry>
    <entry file="file://$PROJECT_DIR$/build.gradle">
      <provider selected="true" editor-type-id="text-editor">
        <state relative-caret-position="198">
          <caret line="25" column="66" selection-start-line="25" selection-start-column="66" selection-end-line="25" selection-end-column="66" />
        </state>
      </provider>
    </entry>
    <entry file="file://$PROJECT_DIR$/src/main/java/spring/MemberRegisterService.java">
      <provider selected="true" editor-type-id="text-editor">
        <state relative-caret-position="322">
          <caret line="17" column="62" lean-forward="true" selection-start-line="17" selection-start-column="62" selection-end-line="17" selection-end-column="62" />
          <folding>
            <element signature="imports" expanded="true" />
            <element signature="e#678#679#0" expanded="true" />
          </folding>
        </state>
      </provider>
    </entry>
    <entry file="file://$PROJECT_DIR$/src/main/java/spring/DuplicateMemberException.java">
      <provider selected="true" editor-type-id="text-editor">
        <state relative-caret-position="330">
          <caret line="15" column="39" selection-start-line="15" selection-start-column="39" selection-end-line="15" selection-end-column="39" />
          <folding>
            <element signature="e#473#474#0" expanded="true" />
            <element signature="e#496#497#0" expanded="true" />
          </folding>
        </state>
      </provider>
    </entry>
    <entry file="file://$PROJECT_DIR$/src/main/java/spring/Member.java">
      <provider selected="true" editor-type-id="text-editor">
        <state relative-caret-position="232">
          <caret line="29" column="16" selection-start-line="29" selection-start-column="16" selection-end-line="29" selection-end-column="16" />
          <folding>
            <element signature="e#1081#1082#0" expanded="true" />
            <element signature="e#1143#1144#0" expanded="true" />
            <element signature="e#1203#1204#0" expanded="true" />
            <element signature="e#1279#1280#0" expanded="true" />
            <element signature="e#1345#1346#0" expanded="true" />
            <element signature="e#1433#1434#0" expanded="true" />
            <element signature="e#1491#1492#0" expanded="true" />
            <element signature="e#1563#1564#0" expanded="true" />
            <element signature="e#1652#1653#0" expanded="true" />
            <element signature="e#1779#1780#0" expanded="true" />
          </folding>
        </state>
      </provider>
    </entry>
    <entry file="file://$PROJECT_DIR$/src/main/java/com/example/sp5chap03/Sp5Chap03Application.java">
      <provider selected="true" editor-type-id="text-editor">
        <state relative-caret-position="198">
          <caret line="8" column="42" lean-forward="true" selection-start-line="8" selection-start-column="42" selection-end-line="8" selection-end-column="42" />
          <folding>
            <element signature="e#256#257#0" expanded="true" />
            <element signature="e#327#328#0" expanded="true" />
          </folding>
        </state>
      </provider>
    </entry>
    <entry file="file://$PROJECT_DIR$/src/main/java/config/AppCtx.java">
      <provider selected="true" editor-type-id="text-editor">
        <state relative-caret-position="623">
          <caret line="64" lean-forward="true" selection-start-line="64" selection-end-line="64" />
          <folding>
            <element signature="imports" expanded="true" />
          </folding>
        </state>
      </provider>
    </entry>
    <entry file="file://$PROJECT_DIR$/src/main/java/main/MainForAssembler.java">
      <provider selected="true" editor-type-id="text-editor">
        <state relative-caret-position="176">
          <caret line="8" column="30" lean-forward="true" selection-start-line="8" selection-start-column="30" selection-end-line="8" selection-end-column="30" />
        </state>
      </provider>
    </entry>
    <entry file="file://$PROJECT_DIR$/../../10.Spring/02.Spring/sp5-chap03/src/main/java/assembler/Assembler.java">
      <provider selected="true" editor-type-id="text-editor">
        <state relative-caret-position="-455">
          <caret line="7" column="26" lean-forward="true" selection-start-line="7" selection-start-column="26" selection-end-line="7" selection-end-column="26" />
        </state>
      </provider>
    </entry>
    <entry file="file://$PROJECT_DIR$/../../10.Spring/02.Spring/sp5-chap03/src/main/java/assembler/Assembler2.java">
      <provider selected="true" editor-type-id="text-editor">
        <state relative-caret-position="-235">
          <caret line="23" column="56" lean-forward="true" selection-start-line="23" selection-start-column="56" selection-end-line="23" selection-end-column="56" />
        </state>
      </provider>
    </entry>
    <entry file="file://$PROJECT_DIR$/src/main/java/spring/RegisterRequest.java">
      <provider selected="true" editor-type-id="text-editor">
        <state relative-caret-position="484">
          <caret line="18" lean-forward="true" selection-start-line="18" selection-end-line="18" />
          <folding>
            <element signature="e#548#549#0" expanded="true" />
            <element signature="e#603#604#0" expanded="true" />
            <element signature="e#635#636#0" expanded="true" />
            <element signature="e#663#664#0" expanded="true" />
          </folding>
        </state>
      </provider>
    </entry>
  </component>
</project>