<project version="4">
  <component name="BookmarksManager">
    <option name="groups">
      <GroupState>
        <option name="name" value="boot_exam" />
      </GroupState>
    </option>
  </component>
  <component name="BranchesTreeState">
    <expand>
      <path>
        <item name="ROOT" type="e8cecc67:BranchNodeDescriptor" />
        <item name="LOCAL_ROOT" type="e8cecc67:BranchNodeDescriptor" />
      </path>
      <path>
        <item name="ROOT" type="e8cecc67:BranchNodeDescriptor" />
        <item name="REMOTE_ROOT" type="e8cecc67:BranchNodeDescriptor" />
      </path>
      <path>
        <item name="ROOT" type="e8cecc67:BranchNodeDescriptor" />
        <item name="REMOTE_ROOT" type="e8cecc67:BranchNodeDescriptor" />
        <item name="GROUP_NODE:origin" type="e8cecc67:BranchNodeDescriptor" />
      </path>
    </expand>
    <select />
  </component>
  <component name="FileEditorManager">
    <leaf SIDE_TABS_SIZE_LIMIT_KEY="-1" />
  </component>
  <component name="FileTypeUsageLocalSummary">
    <fileType name="Gradle">
      <summary usageCount="1" lastUsed="1653286551118" />
    </fileType>
    <fileType name="HTTP Request">
      <summary usageCount="2" lastUsed="1653290268584" />
    </fileType>
    <fileType name="JAVA">
      <summary usageCount="46" lastUsed="1653291463288" />
    </fileType>
    <fileType name="Markdown">
      <summary usageCount="1" lastUsed="1653286498877" />
    </fileType>
    <fileType name="Properties">
      <summary usageCount="3" lastUsed="1653290712584" />
    </fileType>
    <fileType name="XML">
      <summary usageCount="12" lastUsed="1653291439175" />
    </fileType>
  </component>
  <component name="FindInProjectRecents">
    <findStrings>
      <find>logger</find>
    </findStrings>
  </component>
  <component name="GitSEFilterConfiguration">{
}</component>
  <component name="IdeDocumentHistory">
    <changedPaths>
      <option value="$PROJECT_DIR$/src/main/resources/logback-spring.xml" />
      <option value="$PROJECT_DIR$/src/main/resources/application.properties" />
      <option value="$PROJECT_DIR$/src/main/java/com/example/boot_exam/dao/BoardDao.java" />
      <option value="$PROJECT_DIR$/src/main/java/com/example/boot_exam/service/BoardService.java" />
      <option value="$PROJECT_DIR$/src/main/java/com/example/boot_exam/controller/BoardApiController.java" />
      <option value="$PROJECT_DIR$/src/main/java/com/example/boot_exam/paging/Criteria.java" />
      <option value="$PROJECT_DIR$/src/main/java/com/example/boot_exam/model/CommonDto.java" />
      <option value="$PROJECT_DIR$/src/main/java/com/example/boot_exam/model/CommentDto.java" />
      <option value="$PROJECT_DIR$/src/main/java/com/example/boot_exam/service/BoardServiceImpl.java" />
      <option value="$PROJECT_DIR$/src/main/java/com/example/boot_exam/controller/CommentApiController.java" />
      <option value="$PROJECT_DIR$/src/main/java/com/example/boot_exam/service/CommentServiceImpl.java" />
      <option value="$PROJECT_DIR$/src/main/java/com/example/boot_exam/model/BoardDto.java" />
      <option value="$PROJECT_DIR$/src/main/resources/mappers/Comment.xml" />
      <option value="$PROJECT_DIR$/src/main/resources/mappers/Board.xml" />
      <option value="$APPLICATION_CONFIG_DIR$/scratches/generated-requests.http" />
    </changedPaths>
  </component>
  <component name="IgnoredFileRootStore">
    <option name="generatedRoots">
      <set>
        <option value="$PROJECT_DIR$/.idea" />
      </set>
    </option>
  </component>
  <component name="ProjectView">
    <navigator currentView="ProjectPane" proportions="" version="1" />
    <panes>
      <pane id="ProjectPane">
        <subPane>
          <expand>
            <path>
              <item name="boot_exam" type="b2602c69:ProjectViewProjectNode" />
              <item name="boot_exam" type="8a07ba80:GradleTreeStructureProvider$GradleModuleDirectoryNode" />
            </path>
            <path>
              <item name="boot_exam" type="b2602c69:ProjectViewProjectNode" />
              <item name="boot_exam" type="8a07ba80:GradleTreeStructureProvider$GradleModuleDirectoryNode" />
              <item name="src" type="462c0819:PsiDirectoryNode" />
            </path>
            <path>
              <item name="boot_exam" type="b2602c69:ProjectViewProjectNode" />
              <item name="boot_exam" type="8a07ba80:GradleTreeStructureProvider$GradleModuleDirectoryNode" />
              <item name="src" type="462c0819:PsiDirectoryNode" />
              <item name="main" type="8a07ba80:GradleTreeStructureProvider$GradleModuleDirectoryNode" />
            </path>
            <path>
              <item name="boot_exam" type="b2602c69:ProjectViewProjectNode" />
              <item name="boot_exam" type="8a07ba80:GradleTreeStructureProvider$GradleModuleDirectoryNode" />
              <item name="src" type="462c0819:PsiDirectoryNode" />
              <item name="main" type="8a07ba80:GradleTreeStructureProvider$GradleModuleDirectoryNode" />
              <item name="java" type="462c0819:PsiDirectoryNode" />
            </path>
            <path>
              <item name="boot_exam" type="b2602c69:ProjectViewProjectNode" />
              <item name="boot_exam" type="8a07ba80:GradleTreeStructureProvider$GradleModuleDirectoryNode" />
              <item name="src" type="462c0819:PsiDirectoryNode" />
              <item name="main" type="8a07ba80:GradleTreeStructureProvider$GradleModuleDirectoryNode" />
              <item name="resources" type="462c0819:PsiDirectoryNode" />
            </path>
            <path>
              <item name="boot_exam" type="b2602c69:ProjectViewProjectNode" />
              <item name="boot_exam" type="8a07ba80:GradleTreeStructureProvider$GradleModuleDirectoryNode" />
              <item name="src" type="462c0819:PsiDirectoryNode" />
              <item name="main" type="8a07ba80:GradleTreeStructureProvider$GradleModuleDirectoryNode" />
              <item name="resources" type="462c0819:PsiDirectoryNode" />
              <item name="mappers" type="462c0819:PsiDirectoryNode" />
            </path>
          </expand>
          <select />
        </subPane>
      </pane>
      <pane id="PackagesPane" />
      <pane id="Scope" />
    </panes>
  </component>
  <component name="RunConfigurationStartHistory">
    <history>
      <element setting="HTTP 요청.generated-requests | #29" executorId="Run" />
      <element setting="Spring Boot.BootExamApplication" executorId="Run" />
    </history>
  </component>
  <component name="ServiceViewManager">
    <option name="viewStates">
      <list>
        <serviceView>
          <treeState>
            <expand>
              <path>
                <item name="services root" type="e789fda9:ObjectUtils$Sentinel" />
                <item name="HTTP 요청" type="7427dc5b:ServiceModel$ServiceGroupNode" />
              </path>
              <path>
                <item name="services root" type="e789fda9:ObjectUtils$Sentinel" />
                <item name="HTTP 요청" type="7427dc5b:ServiceModel$ServiceGroupNode" />
                <item name="완료" type="7427dc5b:ServiceModel$ServiceGroupNode" />
              </path>
            </expand>
            <select />
          </treeState>
        </serviceView>
      </list>
    </option>
  </component>
  <component name="TimeTrackingManager">
    <option name="totallyTimeSpent" value="5025000" />
  </component>
  <component name="TodoView">
    <todo-panel id="selected-file">
      <is-autoscroll-to-source value="true" />
    </todo-panel>
    <todo-panel id="all">
      <are-packages-shown value="true" />
      <is-autoscroll-to-source value="true" />
    </todo-panel>
  </component>
  <component name="ToolWindowManager">
    <layout>
      <window_info id="Bookmarks" order="0" side_tool="true" />
      <window_info content_ui="combo" id="Project" order="1" visible="true" weight="0.25016266" />
      <window_info id="Web" order="2" show_stripe_button="false" side_tool="true" />
      <window_info id="Learn" order="3" />
      <window_info id="Structure" order="4" side_tool="true" />
      <window_info anchor="bottom" id="Version Control" order="0" />
      <window_info anchor="bottom" id="Find" order="1" />
      <window_info anchor="bottom" id="Run" order="2" show_stripe_button="false" />
      <window_info anchor="bottom" id="Debug" order="3" weight="0.4" />
      <window_info anchor="bottom" id="TODO" order="4" weight="0.3294903" />
      <window_info anchor="bottom" id="종속성" order="5" />
      <window_info anchor="bottom" id="Java Enterprise" order="6" show_stripe_button="false" />
      <window_info anchor="bottom" id="Inspection" order="7" weight="0.4" />
      <window_info anchor="bottom" id="Problems View" order="8" />
      <window_info anchor="bottom" id="Spring" order="9" />
      <window_info anchor="bottom" id="Terminal" order="10" />
      <window_info anchor="bottom" id="Endpoints" order="11" />
      <window_info anchor="bottom" id="Services" order="12" weight="0.3294903" />
      <window_info anchor="bottom" id="Profiler" order="13" />
      <window_info anchor="bottom" id="Build" order="14" weight="0.3294903" />
      <window_info anchor="right" id="Database" order="0" />
      <window_info anchor="right" id="Gradle" order="1" />
      <window_info anchor="right" id="Notifications" order="1" weight="0.25" />
    </layout>
    <recentWindows>
      <value>Project</value>
      <value>Services</value>
      <value>Run</value>
      <value>Build</value>
      <value>TODO</value>
    </recentWindows>
  </component>
  <component name="WindowStateProjectService">
    <state width="1024" height="243" key="GridCell.Tab.0.bottom" timestamp="1653291537641">
      <screen x="0" y="0" width="1536" height="824" />
    </state>
    <state width="1024" height="243" key="GridCell.Tab.0.bottom/0.0.1536.824@0.0.1536.824" timestamp="1653291537641" />
    <state width="1024" height="243" key="GridCell.Tab.0.center" timestamp="1653291537640">
      <screen x="0" y="0" width="1536" height="824" />
    </state>
    <state width="1024" height="243" key="GridCell.Tab.0.center/0.0.1536.824@0.0.1536.824" timestamp="1653291537640" />
    <state width="1024" height="243" key="GridCell.Tab.0.left" timestamp="1653291537640">
      <screen x="0" y="0" width="1536" height="824" />
    </state>
    <state width="1024" height="243" key="GridCell.Tab.0.left/0.0.1536.824@0.0.1536.824" timestamp="1653291537640" />
    <state width="1024" height="243" key="GridCell.Tab.0.right" timestamp="1653291537641">
      <screen x="0" y="0" width="1536" height="824" />
    </state>
    <state width="1024" height="243" key="GridCell.Tab.0.right/0.0.1536.824@0.0.1536.824" timestamp="1653291537641" />
    <state width="1493" height="243" key="GridCell.Tab.1.bottom" timestamp="1653291537637">
      <screen x="0" y="0" width="1536" height="824" />
    </state>
    <state width="1493" height="243" key="GridCell.Tab.1.bottom/0.0.1536.824@0.0.1536.824" timestamp="1653291537637" />
    <state width="1493" height="243" key="GridCell.Tab.1.center" timestamp="1653291537637">
      <screen x="0" y="0" width="1536" height="824" />
    </state>
    <state width="1493" height="243" key="GridCell.Tab.1.center/0.0.1536.824@0.0.1536.824" timestamp="1653291537637" />
    <state width="1493" height="243" key="GridCell.Tab.1.left" timestamp="1653291537637">
      <screen x="0" y="0" width="1536" height="824" />
    </state>
    <state width="1493" height="243" key="GridCell.Tab.1.left/0.0.1536.824@0.0.1536.824" timestamp="1653291537637" />
    <state width="1493" height="243" key="GridCell.Tab.1.right" timestamp="1653291537637">
      <screen x="0" y="0" width="1536" height="824" />
    </state>
    <state width="1493" height="243" key="GridCell.Tab.1.right/0.0.1536.824@0.0.1536.824" timestamp="1653291537637" />
    <state x="431" y="138" width="672" height="685" key="search.everywhere.popup" timestamp="1653288192856">
      <screen x="0" y="0" width="1536" height="824" />
    </state>
    <state x="431" y="138" width="672" height="685" key="search.everywhere.popup/0.0.1536.824@0.0.1536.824" timestamp="1653288192856" />
  </component>
  <component name="editorHistoryManager">
    <entry file="file://$PROJECT_DIR$/src/main/resources/log4jdbc.log4j2.properties">
      <provider selected="true" editor-type-id="text-editor">
        <state relative-caret-position="22">
          <caret line="1" column="33" lean-forward="true" selection-start-line="1" selection-start-column="33" selection-end-line="1" selection-end-column="33" />
        </state>
      </provider>
    </entry>
    <entry file="file://$PROJECT_DIR$/build.gradle">
      <provider selected="true" editor-type-id="text-editor">
        <state relative-caret-position="88">
          <caret line="19" column="1" selection-start-line="19" selection-start-column="1" selection-end-line="19" selection-end-column="1" />
        </state>
      </provider>
    </entry>
    <entry file="file://$PROJECT_DIR$/HELP.md">
      <provider selected="true" editor-type-id="split-provider[text-editor;markdown-preview-editor]" />
    </entry>
    <entry file="file://$PROJECT_DIR$/src/main/java/com/example/boot_exam/service/BoardService.java" />
    <entry file="file://$PROJECT_DIR$/src/main/java/com/example/boot_exam/dao/BoardDao.java" />
    <entry file="file://$PROJECT_DIR$/../../../10.Spring/03.SpringBoot/TaeGyungSite/src/main/java/com/example/taegyungsite/model/BoardDto.java">
      <provider selected="true" editor-type-id="text-editor">
        <state relative-caret-position="440">
          <caret line="31" column="25" lean-forward="true" selection-start-line="31" selection-start-column="25" selection-end-line="31" selection-end-column="25" />
        </state>
      </provider>
    </entry>
    <entry file="file://$PROJECT_DIR$/../../../10.Spring/03.SpringBoot/TaeGyungSite/src/main/java/com/example/taegyungsite/paging/Criteria.java">
      <provider selected="true" editor-type-id="text-editor">
        <state relative-caret-position="-220">
          <caret line="13" column="20" lean-forward="true" selection-end-line="78" />
        </state>
      </provider>
    </entry>
    <entry file="file://$PROJECT_DIR$/../../../10.Spring/03.SpringBoot/TaeGyungSite/src/main/java/com/example/taegyungsite/model/CommonDto.java">
      <provider selected="true" editor-type-id="text-editor">
        <state relative-caret-position="44">
          <caret line="23" selection-start-line="23" selection-end-line="35" selection-end-column="37" />
        </state>
      </provider>
    </entry>
    <entry file="file://$PROJECT_DIR$/src/main/java/com/example/boot_exam/paging/Criteria.java" />
    <entry file="file://$PROJECT_DIR$/src/main/java/com/example/boot_exam/service/CommentServiceImpl.java" />
    <entry file="file://$PROJECT_DIR$/src/main/java/com/example/boot_exam/controller/BoardApiController.java" />
    <entry file="file://$PROJECT_DIR$/src/main/java/com/example/boot_exam/model/CommentDto.java" />
    <entry file="file://$PROJECT_DIR$/src/main/java/com/example/boot_exam/model/CommonDto.java" />
    <entry file="file://$PROJECT_DIR$/src/main/java/com/example/boot_exam/model/BoardDto.java" />
    <entry file="file://$PROJECT_DIR$/src/main/java/com/example/boot_exam/controller/CommentApiController.java" />
    <entry file="file://$PROJECT_DIR$/src/main/resources/application.properties">
      <provider selected="true" editor-type-id="text-editor">
        <state relative-caret-position="242">
          <caret line="23" column="54" selection-start-line="23" selection-start-column="54" selection-end-line="23" selection-end-column="54" />
        </state>
      </provider>
    </entry>
    <entry file="file://$PROJECT_DIR$/src/main/java/com/example/boot_exam/service/BoardServiceImpl.java" />
    <entry file="file://$PROJECT_DIR$/src/main/resources/mappers/Comment.xml">
      <provider selected="true" editor-type-id="text-editor">
        <state relative-caret-position="-259">
          <caret line="23" column="12" selection-start-line="23" selection-start-column="12" selection-end-line="23" selection-end-column="12" />
        </state>
      </provider>
    </entry>
    <entry file="file://$PROJECT_DIR$/src/main/resources/mappers/Board.xml">
      <provider selected="true" editor-type-id="text-editor">
        <state relative-caret-position="660">
          <caret line="28" column="10" lean-forward="true" selection-start-line="28" selection-start-column="10" selection-end-line="28" selection-end-column="10" />
        </state>
      </provider>
    </entry>
    <entry file="file://$APPLICATION_CONFIG_DIR$/scratches/generated-requests.http">
      <provider selected="true" editor-type-id="text-editor">
        <state relative-caret-position="-191">
          <caret line="123" column="19" lean-forward="true" selection-start-line="123" selection-start-column="19" selection-end-line="123" selection-end-column="19" />
        </state>
      </provider>
    </entry>
    <entry file="file://$PROJECT_DIR$/src/main/resources/mappers/Common.xml">
      <provider selected="true" editor-type-id="text-editor">
        <state relative-caret-position="814">
          <caret line="27" column="21" lean-forward="true" selection-start-line="27" selection-start-column="21" selection-end-line="27" selection-end-column="21" />
        </state>
      </provider>
    </entry>
    <entry file="file://$PROJECT_DIR$/src/main/resources/logback-spring.xml">
      <provider selected="true" editor-type-id="text-editor">
        <state relative-caret-position="276">
          <caret line="13" column="18" selection-start-line="13" selection-start-column="18" selection-end-line="13" selection-end-column="18" />
        </state>
      </provider>
    </entry>
    <entry file="file://$PROJECT_DIR$/src/main/java/com/example/boot_exam1/model/CommonDto.java" />
  </component>
</project>