<project version="4">
  <component name="BookmarksManager">
    <option name="groups">
      <GroupState>
        <option name="name" value="taegyungsite" />
      </GroupState>
    </option>
  </component>
  <component name="FileEditorManager">
    <leaf>
      <file pinned="false" current-in-tab="true">
        <entry file="file://$PROJECT_DIR$/controller/BoardApiController.java">
          <provider selected="true" editor-type-id="text-editor">
            <state relative-caret-position="66">
              <caret line="13" lean-forward="true" selection-start-line="13" selection-end-line="13" />
            </state>
          </provider>
        </entry>
      </file>
    </leaf>
  </component>
  <component name="FileTypeUsageLocalSummary">
    <fileType name="JAVA">
      <summary usageCount="2" lastUsed="1653291151546" />
    </fileType>
  </component>
  <component name="IgnoredFileRootStore">
    <option name="generatedRoots">
      <set>
        <option value="$PROJECT_DIR$/.idea" />
      </set>
    </option>
  </component>
  <component name="ProjectView">
    <navigator currentView="ProjectPane" proportions="" version="1" />
    <panes>
      <pane id="PackagesPane" />
      <pane id="ProjectPane">
        <subPane>
          <expand>
            <path>
              <item name="taegyungsite" type="b2602c69:ProjectViewProjectNode" />
              <item name="taegyungsite" type="462c0819:PsiDirectoryNode" />
            </path>
          </expand>
          <select />
        </subPane>
      </pane>
      <pane id="Scope" />
    </panes>
  </component>
  <component name="TimeTrackingManager">
    <option name="totallyTimeSpent" value="137000" />
  </component>
  <component name="ToolWindowManager">
    <layout>
      <window_info id="Bookmarks" order="0" side_tool="true" />
      <window_info content_ui="combo" id="Project" order="0" visible="true" weight="0.25016266" />
      <window_info id="Learn" order="0" />
      <window_info id="Structure" order="0" side_tool="true" />
      <window_info anchor="bottom" id="Version Control" order="0" />
      <window_info anchor="bottom" id="Find" order="1" visible="true" weight="0.3294903" />
      <window_info anchor="bottom" id="Run" order="2" />
      <window_info anchor="bottom" id="Debug" order="3" weight="0.4" />
      <window_info anchor="bottom" id="TODO" order="4" />
      <window_info anchor="bottom" id="Inspection" order="4" weight="0.4" />
      <window_info anchor="bottom" id="Problems View" order="4" />
      <window_info anchor="bottom" id="Terminal" order="4" />
      <window_info anchor="bottom" id="Endpoints" order="4" show_stripe_button="false" />
      <window_info anchor="bottom" id="Services" order="4" />
      <window_info anchor="bottom" id="Profiler" order="4" />
      <window_info anchor="right" id="Database" order="0" />
      <window_info anchor="right" id="Notifications" order="0" weight="0.25" />
    </layout>
    <recentWindows>
      <value>Project</value>
      <value>Find</value>
    </recentWindows>
  </component>
  <component name="WindowStateProjectService">
    <state x="499" y="159" key="#com.intellij.refactoring.safeDelete.UnsafeUsagesDialog" timestamp="1653291123945">
      <screen x="0" y="0" width="1536" height="824" />
    </state>
    <state x="499" y="159" key="#com.intellij.refactoring.safeDelete.UnsafeUsagesDialog/0.0.1536.824@0.0.1536.824" timestamp="1653291123945" />
  </component>
  <component name="editorHistoryManager">
    <entry file="file://$PROJECT_DIR$/controller/BoardCommentApiController.java">
      <provider selected="true" editor-type-id="text-editor">
        <state relative-caret-position="330">
          <caret line="15" lean-forward="true" selection-start-line="15" selection-end-line="15" />
        </state>
      </provider>
    </entry>
    <entry file="file://$PROJECT_DIR$/controller/BoardApiController.java">
      <provider selected="true" editor-type-id="text-editor">
        <state relative-caret-position="66">
          <caret line="13" lean-forward="true" selection-start-line="13" selection-end-line="13" />
        </state>
      </provider>
    </entry>
  </component>
</project>