<project version="4">
  <component name="BookmarksManager">
    <option name="groups">
      <GroupState>
        <option name="name" value="boot_exam" />
      </GroupState>
    </option>
  </component>
  <component name="FileEditorManager">
    <leaf />
  </component>
  <component name="FileTypeUsageLocalSummary">
    <fileType name="Gradle">
      <summary usageCount="1" lastUsed="1653291831553" />
    </fileType>
    <fileType name="HTTP Request">
      <summary usageCount="3" lastUsed="1653295070321" />
    </fileType>
    <fileType name="JAVA">
      <summary usageCount="24" lastUsed="1653295479585" />
    </fileType>
    <fileType name="Markdown">
      <summary usageCount="1" lastUsed="1653291668277" />
    </fileType>
    <fileType name="Properties">
      <summary usageCount="2" lastUsed="1653295539498" />
    </fileType>
    <fileType name="XML">
      <summary usageCount="13" lastUsed="1653295532326" />
    </fileType>
  </component>
  <component name="FindInProjectRecents">
    <findStrings>
      <find>guminsite</find>
      <find>tbb</find>
      <find>searcy</find>
      <find>수정</find>
      <find>INSERT</find>
      <find>idx</find>
      <find>DATE</find>
      <find>update</find>
    </findStrings>
    <replaceStrings>
      <replace>boot_exam</replace>
    </replaceStrings>
  </component>
  <component name="IdeDocumentHistory">
    <changedPaths>
      <option value="$PROJECT_DIR$/src/main/resources/logback-spring.xml" />
      <option value="$PROJECT_DIR$/src/main/java/com/example/boot_exam/model/BoardDto.java" />
      <option value="$PROJECT_DIR$/src/main/java/com/example/boot_exam/model/CommentDto.java" />
      <option value="$PROJECT_DIR$/src/main/java/com/example/boot_exam/model/CommonDto.java" />
      <option value="$PROJECT_DIR$/src/main/java/com/example/boot_exam/dao/BoardDao.java" />
      <option value="$PROJECT_DIR$/src/main/java/com/example/boot_exam/dao/CommentDao.java" />
      <option value="$PROJECT_DIR$/src/main/java/com/example/boot_exam/service/CommentService.java" />
      <option value="$PROJECT_DIR$/src/main/java/com/example/boot_exam/service/CommentServiceImpl.java" />
      <option value="$PROJECT_DIR$/src/main/java/com/example/boot_exam/service/BoardService.java" />
      <option value="$PROJECT_DIR$/src/main/java/com/example/boot_exam/service/BoardServiceImpl.java" />
      <option value="$PROJECT_DIR$/src/main/java/com/example/boot_exam/controller/BoardApiController.java" />
      <option value="$PROJECT_DIR$/src/main/resources/mappers/Comment.xml" />
      <option value="$PROJECT_DIR$/src/main/java/com/example/boot_exam/paging/Criteria.java" />
      <option value="$PROJECT_DIR$/src/main/resources/mappers/Board.xml" />
      <option value="$APPLICATION_CONFIG_DIR$/scratches/generated-requests.http" />
      <option value="$PROJECT_DIR$/src/main/java/com/example/boot_exam/controller/CommentApiController.java" />
      <option value="$PROJECT_DIR$/src/main/resources/application.properties" />
    </changedPaths>
  </component>
  <component name="IgnoredFileRootStore">
    <option name="generatedRoots">
      <set>
        <option value="$PROJECT_DIR$/.idea" />
      </set>
    </option>
  </component>
  <component name="ProjectView">
    <navigator currentView="ProjectPane" proportions="" version="1" />
    <panes>
      <pane id="ProjectPane">
        <subPane>
          <expand>
            <path>
              <item name="boot_exam" type="b2602c69:ProjectViewProjectNode" />
              <item name="boot_exam" type="8a07ba80:GradleTreeStructureProvider$GradleModuleDirectoryNode" />
            </path>
            <path>
              <item name="boot_exam" type="b2602c69:ProjectViewProjectNode" />
              <item name="boot_exam" type="8a07ba80:GradleTreeStructureProvider$GradleModuleDirectoryNode" />
              <item name="src" type="462c0819:PsiDirectoryNode" />
            </path>
            <path>
              <item name="boot_exam" type="b2602c69:ProjectViewProjectNode" />
              <item name="boot_exam" type="8a07ba80:GradleTreeStructureProvider$GradleModuleDirectoryNode" />
              <item name="src" type="462c0819:PsiDirectoryNode" />
              <item name="main" type="8a07ba80:GradleTreeStructureProvider$GradleModuleDirectoryNode" />
            </path>
            <path>
              <item name="boot_exam" type="b2602c69:ProjectViewProjectNode" />
              <item name="boot_exam" type="8a07ba80:GradleTreeStructureProvider$GradleModuleDirectoryNode" />
              <item name="src" type="462c0819:PsiDirectoryNode" />
              <item name="main" type="8a07ba80:GradleTreeStructureProvider$GradleModuleDirectoryNode" />
              <item name="java" type="462c0819:PsiDirectoryNode" />
            </path>
            <path>
              <item name="boot_exam" type="b2602c69:ProjectViewProjectNode" />
              <item name="boot_exam" type="8a07ba80:GradleTreeStructureProvider$GradleModuleDirectoryNode" />
              <item name="src" type="462c0819:PsiDirectoryNode" />
              <item name="main" type="8a07ba80:GradleTreeStructureProvider$GradleModuleDirectoryNode" />
              <item name="java" type="462c0819:PsiDirectoryNode" />
              <item name="boot_exam" type="462c0819:PsiDirectoryNode" />
            </path>
            <path>
              <item name="boot_exam" type="b2602c69:ProjectViewProjectNode" />
              <item name="boot_exam" type="8a07ba80:GradleTreeStructureProvider$GradleModuleDirectoryNode" />
              <item name="src" type="462c0819:PsiDirectoryNode" />
              <item name="main" type="8a07ba80:GradleTreeStructureProvider$GradleModuleDirectoryNode" />
              <item name="java" type="462c0819:PsiDirectoryNode" />
              <item name="boot_exam" type="462c0819:PsiDirectoryNode" />
              <item name="controller" type="462c0819:PsiDirectoryNode" />
            </path>
            <path>
              <item name="boot_exam" type="b2602c69:ProjectViewProjectNode" />
              <item name="boot_exam" type="8a07ba80:GradleTreeStructureProvider$GradleModuleDirectoryNode" />
              <item name="src" type="462c0819:PsiDirectoryNode" />
              <item name="main" type="8a07ba80:GradleTreeStructureProvider$GradleModuleDirectoryNode" />
              <item name="java" type="462c0819:PsiDirectoryNode" />
              <item name="boot_exam" type="462c0819:PsiDirectoryNode" />
              <item name="dao" type="462c0819:PsiDirectoryNode" />
            </path>
            <path>
              <item name="boot_exam" type="b2602c69:ProjectViewProjectNode" />
              <item name="boot_exam" type="8a07ba80:GradleTreeStructureProvider$GradleModuleDirectoryNode" />
              <item name="src" type="462c0819:PsiDirectoryNode" />
              <item name="main" type="8a07ba80:GradleTreeStructureProvider$GradleModuleDirectoryNode" />
              <item name="java" type="462c0819:PsiDirectoryNode" />
              <item name="boot_exam" type="462c0819:PsiDirectoryNode" />
              <item name="model" type="462c0819:PsiDirectoryNode" />
            </path>
            <path>
              <item name="boot_exam" type="b2602c69:ProjectViewProjectNode" />
              <item name="boot_exam" type="8a07ba80:GradleTreeStructureProvider$GradleModuleDirectoryNode" />
              <item name="src" type="462c0819:PsiDirectoryNode" />
              <item name="main" type="8a07ba80:GradleTreeStructureProvider$GradleModuleDirectoryNode" />
              <item name="java" type="462c0819:PsiDirectoryNode" />
              <item name="boot_exam" type="462c0819:PsiDirectoryNode" />
              <item name="paging" type="462c0819:PsiDirectoryNode" />
            </path>
            <path>
              <item name="boot_exam" type="b2602c69:ProjectViewProjectNode" />
              <item name="boot_exam" type="8a07ba80:GradleTreeStructureProvider$GradleModuleDirectoryNode" />
              <item name="src" type="462c0819:PsiDirectoryNode" />
              <item name="main" type="8a07ba80:GradleTreeStructureProvider$GradleModuleDirectoryNode" />
              <item name="java" type="462c0819:PsiDirectoryNode" />
              <item name="boot_exam" type="462c0819:PsiDirectoryNode" />
              <item name="service" type="462c0819:PsiDirectoryNode" />
            </path>
            <path>
              <item name="boot_exam" type="b2602c69:ProjectViewProjectNode" />
              <item name="boot_exam" type="8a07ba80:GradleTreeStructureProvider$GradleModuleDirectoryNode" />
              <item name="src" type="462c0819:PsiDirectoryNode" />
              <item name="main" type="8a07ba80:GradleTreeStructureProvider$GradleModuleDirectoryNode" />
              <item name="resources" type="462c0819:PsiDirectoryNode" />
            </path>
            <path>
              <item name="boot_exam" type="b2602c69:ProjectViewProjectNode" />
              <item name="boot_exam" type="8a07ba80:GradleTreeStructureProvider$GradleModuleDirectoryNode" />
              <item name="src" type="462c0819:PsiDirectoryNode" />
              <item name="main" type="8a07ba80:GradleTreeStructureProvider$GradleModuleDirectoryNode" />
              <item name="resources" type="462c0819:PsiDirectoryNode" />
              <item name="mappers" type="462c0819:PsiDirectoryNode" />
            </path>
          </expand>
          <select />
        </subPane>
      </pane>
      <pane id="PackagesPane" />
      <pane id="Scope" />
    </panes>
  </component>
  <component name="RunConfigurationStartHistory">
    <history>
      <element setting="HTTP 요청.generated-requests | #35" executorId="Run" />
      <element setting="Spring Boot.BootExamApplication" executorId="Run" />
      <element setting="HTTP 요청.generated-requests | #34" executorId="Run" />
      <element setting="HTTP 요청.generated-requests | #33" executorId="Run" />
      <element setting="HTTP 요청.generated-requests | #31" executorId="Run" />
      <element setting="HTTP 요청.generated-requests | #29" executorId="Run" />
    </history>
  </component>
  <component name="ServiceViewManager">
    <option name="viewStates">
      <list>
        <serviceView>
          <treeState>
            <expand>
              <path>
                <item name="services root" type="e789fda9:ObjectUtils$Sentinel" />
                <item name="HTTP 요청" type="7427dc5b:ServiceModel$ServiceGroupNode" />
              </path>
              <path>
                <item name="services root" type="e789fda9:ObjectUtils$Sentinel" />
                <item name="HTTP 요청" type="7427dc5b:ServiceModel$ServiceGroupNode" />
                <item name="완료" type="7427dc5b:ServiceModel$ServiceGroupNode" />
              </path>
            </expand>
            <select />
          </treeState>
        </serviceView>
      </list>
    </option>
  </component>
  <component name="TimeTrackingManager">
    <option name="totallyTimeSpent" value="3856000" />
  </component>
  <component name="TodoView">
    <todo-panel id="selected-file">
      <is-autoscroll-to-source value="true" />
    </todo-panel>
    <todo-panel id="all">
      <are-packages-shown value="true" />
      <is-autoscroll-to-source value="true" />
    </todo-panel>
  </component>
  <component name="ToolWindowManager">
    <layout>
      <window_info id="Bookmarks" order="0" side_tool="true" />
      <window_info content_ui="combo" id="Project" order="0" visible="true" weight="0.25016266" />
      <window_info id="Web" order="0" show_stripe_button="false" side_tool="true" />
      <window_info id="Learn" order="0" />
      <window_info id="Structure" order="0" side_tool="true" />
      <window_info anchor="bottom" id="Version Control" order="0" />
      <window_info anchor="bottom" id="Find" order="1" />
      <window_info anchor="bottom" id="Run" order="2" show_stripe_button="false" />
      <window_info anchor="bottom" id="Debug" order="3" weight="0.4" />
      <window_info anchor="bottom" id="TODO" order="4" weight="0.3294903" />
      <window_info anchor="bottom" id="종속성" order="4" weight="0.3294903" />
      <window_info anchor="bottom" id="Java Enterprise" order="4" show_stripe_button="false" />
      <window_info anchor="bottom" id="Inspection" order="4" weight="0.4" />
      <window_info anchor="bottom" id="Problems View" order="4" weight="0.3294903" />
      <window_info anchor="bottom" id="Spring" order="4" weight="0.3294903" />
      <window_info anchor="bottom" id="Terminal" order="4" />
      <window_info anchor="bottom" id="Endpoints" order="4" />
      <window_info anchor="bottom" id="Services" order="4" weight="0.3294903" />
      <window_info anchor="bottom" id="Profiler" order="4" />
      <window_info anchor="bottom" id="Build" order="4" weight="0.3294903" />
      <window_info anchor="right" id="Database" order="0" />
      <window_info anchor="right" id="Notifications" order="0" weight="0.25" />
    </layout>
    <layout-to-restore>
      <window_info id="Bookmarks" order="0" side_tool="true" />
      <window_info content_ui="combo" id="Project" order="0" visible="true" weight="0.25016266" />
      <window_info id="Web" order="0" show_stripe_button="false" side_tool="true" />
      <window_info id="Learn" order="0" />
      <window_info id="Structure" order="0" side_tool="true" />
      <window_info anchor="bottom" id="Version Control" order="0" />
      <window_info anchor="bottom" id="Find" order="1" />
      <window_info anchor="bottom" id="Run" order="2" />
      <window_info anchor="bottom" id="Debug" order="3" weight="0.4" />
      <window_info anchor="bottom" id="TODO" order="4" />
      <window_info anchor="bottom" id="종속성" order="4" />
      <window_info anchor="bottom" id="Java Enterprise" order="4" show_stripe_button="false" />
      <window_info anchor="bottom" id="Inspection" order="4" weight="0.4" />
      <window_info anchor="bottom" id="Problems View" order="4" weight="0.3294903" />
      <window_info anchor="bottom" id="Spring" order="4" />
      <window_info anchor="bottom" id="Terminal" order="4" />
      <window_info anchor="bottom" id="Endpoints" order="4" />
      <window_info anchor="bottom" id="Services" order="4" weight="0.3294903" />
      <window_info anchor="bottom" id="Profiler" order="4" />
      <window_info anchor="bottom" id="Build" order="4" weight="0.3294903" />
      <window_info anchor="right" id="Database" order="0" />
      <window_info anchor="right" id="Notifications" order="0" weight="0.25" />
    </layout-to-restore>
    <recentWindows>
      <value>Project</value>
      <value>Services</value>
      <value>Run</value>
      <value>TODO</value>
      <value>종속성</value>
      <value>Spring</value>
      <value>Build</value>
      <value>Problems View</value>
    </recentWindows>
  </component>
  <component name="WindowStateProjectService">
    <state width="1024" height="243" key="GridCell.Tab.0.bottom" timestamp="1653295557352">
      <screen x="0" y="0" width="1536" height="824" />
    </state>
    <state width="1024" height="243" key="GridCell.Tab.0.bottom/0.0.1536.824@0.0.1536.824" timestamp="1653295557352" />
    <state width="1024" height="243" key="GridCell.Tab.0.center" timestamp="1653295557352">
      <screen x="0" y="0" width="1536" height="824" />
    </state>
    <state width="1024" height="243" key="GridCell.Tab.0.center/0.0.1536.824@0.0.1536.824" timestamp="1653295557352" />
    <state width="1024" height="243" key="GridCell.Tab.0.left" timestamp="1653295557352">
      <screen x="0" y="0" width="1536" height="824" />
    </state>
    <state width="1024" height="243" key="GridCell.Tab.0.left/0.0.1536.824@0.0.1536.824" timestamp="1653295557352" />
    <state width="1024" height="243" key="GridCell.Tab.0.right" timestamp="1653295557352">
      <screen x="0" y="0" width="1536" height="824" />
    </state>
    <state width="1024" height="243" key="GridCell.Tab.0.right/0.0.1536.824@0.0.1536.824" timestamp="1653295557352" />
    <state width="1493" height="243" key="GridCell.Tab.1.bottom" timestamp="1653295557344">
      <screen x="0" y="0" width="1536" height="824" />
    </state>
    <state width="1493" height="243" key="GridCell.Tab.1.bottom/0.0.1536.824@0.0.1536.824" timestamp="1653295557344" />
    <state width="1493" height="243" key="GridCell.Tab.1.center" timestamp="1653295557344">
      <screen x="0" y="0" width="1536" height="824" />
    </state>
    <state width="1493" height="243" key="GridCell.Tab.1.center/0.0.1536.824@0.0.1536.824" timestamp="1653295557344" />
    <state width="1493" height="243" key="GridCell.Tab.1.left" timestamp="1653295557344">
      <screen x="0" y="0" width="1536" height="824" />
    </state>
    <state width="1493" height="243" key="GridCell.Tab.1.left/0.0.1536.824@0.0.1536.824" timestamp="1653295557344" />
    <state width="1493" height="243" key="GridCell.Tab.1.right" timestamp="1653295557344">
      <screen x="0" y="0" width="1536" height="824" />
    </state>
    <state width="1493" height="243" key="GridCell.Tab.1.right/0.0.1536.824@0.0.1536.824" timestamp="1653295557344" />
    <state x="0" y="0" width="1123" height="807" key="dock-window-1" timestamp="1653292638336">
      <screen x="0" y="0" width="1536" height="824" />
    </state>
    <state x="0" y="0" width="1123" height="807" key="dock-window-1/0.0.1536.824@0.0.1536.824" timestamp="1653292638336" />
  </component>
  <component name="editorHistoryManager">
    <entry file="file://$PROJECT_DIR$/HELP.md">
      <provider selected="true" editor-type-id="split-provider[text-editor;markdown-preview-editor]" />
    </entry>
    <entry file="file://$PROJECT_DIR$/build.gradle">
      <provider selected="true" editor-type-id="text-editor">
        <state relative-caret-position="-186">
          <caret line="10" lean-forward="true" selection-start-line="10" selection-end-line="10" />
        </state>
      </provider>
    </entry>
    <entry file="file://$PROJECT_DIR$/src/main/java/com/example/boot_exam/model/CommentDto.java">
      <provider selected="true" editor-type-id="text-editor">
        <state relative-caret-position="44">
          <caret line="4" column="20" selection-start-line="4" selection-start-column="20" selection-end-line="4" selection-end-column="20" />
        </state>
      </provider>
    </entry>
    <entry file="file://$PROJECT_DIR$/src/main/java/com/example/boot_exam/model/CommonDto.java">
      <provider selected="true" editor-type-id="text-editor">
        <state relative-caret-position="322">
          <caret line="22" column="7" lean-forward="true" selection-start-line="22" selection-start-column="7" selection-end-line="22" selection-end-column="7" />
        </state>
      </provider>
    </entry>
    <entry file="file://$PROJECT_DIR$/src/main/java/com/example/boot_exam/dao/BoardDao.java">
      <provider selected="true" editor-type-id="text-editor">
        <state relative-caret-position="374">
          <caret line="19" column="27" lean-forward="true" selection-start-line="19" selection-start-column="27" selection-end-line="19" selection-end-column="27" />
        </state>
      </provider>
    </entry>
    <entry file="file://$PROJECT_DIR$/src/main/java/com/example/boot_exam/dao/CommentDao.java">
      <provider selected="true" editor-type-id="text-editor">
        <state relative-caret-position="234">
          <caret line="22" lean-forward="true" selection-start-line="22" selection-end-line="22" />
        </state>
      </provider>
    </entry>
    <entry file="file://$PROJECT_DIR$/src/main/java/com/example/boot_exam/service/CommentService.java">
      <provider selected="true" editor-type-id="text-editor">
        <state relative-caret-position="594">
          <caret line="25" column="62" lean-forward="true" selection-start-line="25" selection-start-column="62" selection-end-line="25" selection-end-column="62" />
        </state>
      </provider>
    </entry>
    <entry file="file://$PROJECT_DIR$/src/main/java/com/example/boot_exam/service/BoardService.java">
      <provider selected="true" editor-type-id="text-editor">
        <state relative-caret-position="66">
          <caret line="5" lean-forward="true" selection-start-line="5" selection-end-line="5" />
        </state>
      </provider>
    </entry>
    <entry file="file://$PROJECT_DIR$/src/main/java/com/example/boot_exam/model/BoardDto.java">
      <provider selected="true" editor-type-id="text-editor">
        <state relative-caret-position="440">
          <caret line="25" column="30" lean-forward="true" selection-start-line="25" selection-start-column="30" selection-end-line="25" selection-end-column="30" />
        </state>
      </provider>
    </entry>
    <entry file="file://$PROJECT_DIR$/../../../10.Spring/03.SpringBoot/TaeGyungSite/src/main/java/com/example/taegyungsite/controller/BoardApiController.java">
      <provider selected="true" editor-type-id="text-editor">
        <state relative-caret-position="1574">
          <caret line="163" column="44" selection-start-line="163" selection-start-column="44" selection-end-line="163" selection-end-column="44" />
        </state>
      </provider>
    </entry>
    <entry file="file://$PROJECT_DIR$/src/main/java/com/example/boot_exam/service/BoardServiceImpl.java">
      <provider selected="true" editor-type-id="text-editor">
        <state relative-caret-position="229">
          <caret line="44" column="14" lean-forward="true" selection-start-line="44" selection-start-column="14" selection-end-line="44" selection-end-column="14" />
          <folding>
            <element signature="imports" expanded="true" />
          </folding>
        </state>
      </provider>
    </entry>
    <entry file="file://$PROJECT_DIR$/src/main/java/com/example/boot_exam/ServletInitializer.java">
      <provider selected="true" editor-type-id="text-editor">
        <state relative-caret-position="22">
          <caret line="1" lean-forward="true" selection-start-line="1" selection-end-line="1" />
        </state>
      </provider>
    </entry>
    <entry file="file://$PROJECT_DIR$/src/main/java/com/example/boot_exam/paging/Criteria.java">
      <provider selected="true" editor-type-id="text-editor">
        <state relative-caret-position="168">
          <caret line="48" column="33" lean-forward="true" selection-start-line="48" selection-start-column="33" selection-end-line="48" selection-end-column="33" />
        </state>
      </provider>
    </entry>
    <entry file="file://$PROJECT_DIR$/src/main/java/com/example/boot_exam/controller/BoardApiController.java">
      <provider selected="true" editor-type-id="text-editor">
        <state relative-caret-position="432">
          <caret line="91" column="38" lean-forward="true" selection-start-line="91" selection-start-column="38" selection-end-line="91" selection-end-column="38" />
          <folding>
            <element signature="imports" expanded="true" />
          </folding>
        </state>
      </provider>
    </entry>
    <entry file="file://$PROJECT_DIR$/src/main/resources/mappers/Comment.xml">
      <provider selected="true" editor-type-id="text-editor">
        <state relative-caret-position="286">
          <caret line="12" column="20" lean-forward="true" selection-start-line="12" selection-start-column="20" selection-end-line="12" selection-end-column="20" />
        </state>
      </provider>
    </entry>
    <entry file="file://$PROJECT_DIR$/src/main/resources/mappers/Common.xml">
      <provider selected="true" editor-type-id="text-editor">
        <state relative-caret-position="476">
          <caret line="26" column="23" lean-forward="true" selection-start-line="26" selection-start-column="23" selection-end-line="26" selection-end-column="23" />
        </state>
      </provider>
    </entry>
    <entry file="file://$APPLICATION_CONFIG_DIR$/scratches/generated-requests.http">
      <provider selected="true" editor-type-id="text-editor">
        <state relative-caret-position="271">
          <caret line="299" column="11" lean-forward="true" selection-start-line="299" selection-start-column="11" selection-end-line="299" selection-end-column="11" />
        </state>
      </provider>
    </entry>
    <entry file="file://$PROJECT_DIR$/src/main/java/com/example/boot_exam/controller/CommentApiController.java">
      <provider selected="true" editor-type-id="text-editor">
        <state relative-caret-position="190">
          <caret line="95" column="63" selection-start-line="95" selection-start-column="63" selection-end-line="95" selection-end-column="63" />
          <folding>
            <element signature="imports" expanded="true" />
          </folding>
        </state>
      </provider>
    </entry>
    <entry file="file://$PROJECT_DIR$/src/main/java/com/example/boot_exam/service/CommentServiceImpl.java">
      <provider selected="true" editor-type-id="text-editor">
        <state relative-caret-position="207">
          <caret line="46" column="32" lean-forward="true" selection-start-line="46" selection-start-column="32" selection-end-line="46" selection-end-column="32" />
        </state>
      </provider>
    </entry>
    <entry file="file://$PROJECT_DIR$/src/main/resources/logback-spring.xml">
      <provider selected="true" editor-type-id="text-editor">
        <state relative-caret-position="220">
          <caret line="9" lean-forward="true" selection-start-line="9" selection-end-line="9" />
        </state>
      </provider>
    </entry>
    <entry file="file://$PROJECT_DIR$/src/main/resources/application.properties">
      <provider selected="true" editor-type-id="text-editor">
        <state relative-caret-position="330">
          <caret line="13" column="32" selection-start-line="13" selection-start-column="32" selection-end-line="13" selection-end-column="32" />
        </state>
      </provider>
    </entry>
    <entry file="file://$PROJECT_DIR$/src/main/resources/mappers/Board.xml">
      <provider selected="true" editor-type-id="text-editor">
        <state relative-caret-position="42">
          <caret line="78" column="13" lean-forward="true" selection-start-line="78" selection-start-column="13" selection-end-line="78" selection-end-column="13" />
        </state>
      </provider>
    </entry>
  </component>
</project>